title,price,category,materials,region,num_favorers,views,url,image_url
Upgrade,19.651999999999997,Dresses (Casual),['Unknown'],BG,5,939,https://www.etsy.com/listing/1866552056/upgrade,
Lining cost for 1 dress -- ***,11.0,Dresses (Casual),['Unknown'],Unknown,699,42199,https://www.etsy.com/listing/154864690/lining-cost-for-1-dress,
"Linen Summer Two Piece Sewing Pattern, Wrap Top Wide Leg Pants (PDF Download)",8.040000000000001,Dresses (Casual),['linen'],PK,2397,21571,https://www.etsy.com/listing/4533060111/linen-summer-two-piece-sewing-pattern,
Knitted Dress Pattern: Easy Summer Beach Dress Tutorial (Digital Download),4.624,Dresses (Casual),['knit'],DE,2,217,https://www.etsy.com/listing/4551030838/knitted-dress-pattern-easy-summer-beach,
"Linen Maxi Dress for Women, Loose Fit Summer Linen Dress, Boho Cottagecore Dress with Pockets, Plus Size Linen Clothing",129.94,Dresses (Casual),['linen'],GB,16,311,https://www.etsy.com/listing/4518884867/linen-maxi-dress-for-women-loose-fit,
"Vest Sewing Pattern, PDF Linen Duster Vest Pattern, Open Front Sleeveless Longline Waistcoat, Sizes XS-XXXL, Print at Home",3.84,Dresses (Casual),['linen'],US,35,447,https://www.etsy.com/listing/4532039623/vest-sewing-pattern-pdf-linen-duster,
Additional Fee For Ao Dai,7.258,Dresses (Casual),['Unknown'],VN,2,583,https://www.etsy.com/listing/4406295253/additional-fee-for-ao-dai,
Dungaree Jumpsuit Sewing dress Pattern PDF,2.99,Dresses (Casual),['cotton'],PK,260,1730,https://www.etsy.com/listing/4519606144/dungaree-jumpsuit-sewing-dress-pattern,
Custom order,35.71,Dresses (Casual),['Unknown'],UA,1,295,https://www.etsy.com/listing/4480649992/custom-order,
"Linen Maxi Dress for Women, Button Front Shirt Dress, Long Sleeve Beach Vacation Dress, Boho Resort Wear Clothing",67.0,Dresses (Casual),['linen'],PK,60,1245,https://www.etsy.com/listing/4538719983/linen-maxi-dress-for-women-button-front,
Infinity Dress for Bridesmaids Wedding Guest Dress bridesmaid Dress Prom Dress Convertible Dresses Mother of the Bride Cocktail Maxi dress,58.52,Dresses (Bridal/Formal),['polyester'],US,1806,106582,https://www.etsy.com/listing/1732438621/infinity-dress-for-bridesmaids-olive,
Worship garment SPLENDOR / Efod danza RESPLANDOR,55.0,Dresses (Casual),['spandex'],US,200,10662,https://www.etsy.com/listing/1851105220/worship-garment-splendor-efod-danza,
Shirt Dress Sewing Pattern PDF,1.99,Dresses (Casual),['linen'],PK,16,91,https://www.etsy.com/listing/4517814457/shirt-dress-sewing-pattern-pdf,
"Customization listing for rush order, slit anf other",15.0,Dresses (Casual),['Unknown'],UA,30,2260,https://www.etsy.com/listing/4379855215/customization-listing-for-rush-order,
quilted jacket sewing pattern | funnel neck jacket sewing pattern | pdf download XS-3XL,12.99,Dresses (Casual),['Unknown'],PK,48,1056,https://www.etsy.com/listing/4427536288/quilted-jacket-sewing-pattern-funnel,
Women’s Dress – V Neck Ruffle Summer Dress,75.0,Dresses (Casual),['linen'],PK,36,1739,https://www.etsy.com/listing/4547475406/womens-linen-look-midi-dress-v-neck,
FABRIC sample SWATCH. Free Shipping,0.99,Dresses (Bridal/Formal),['polyester'],US,236,26511,https://www.etsy.com/listing/960818916/fabric-sample-swatch-free-shipping,
Lounge Set Sewing Pattern PDF | Easy Pull-On Shorts + Sleeveless Tank Top | Beginner | Sizes xs-xxxl | Print at Home US Letter + A4,3.87,Dresses (Casual),['linen'],US,119,769,https://www.etsy.com/listing/4530347328/lounge-set-sewing-pattern-pdf-easy-pull,
"Festival Crochet Vest Pattern, Boho Fringe Cardigan, Sleeveless Duster (PDF Download)..",4.9,Dresses (Casual),['crochet'],US,3,371,https://www.etsy.com/listing/4506224536/festival-crochet-vest-pattern-pdf-boho,
"Women custom fee,add one pocket fee,add layer fee,add sash fee",9.0,Dresses (Bridal/Formal),['polyester'],HK,84,11997,https://www.etsy.com/listing/728024105/women-custom-feeadd-one-pocket-feeadd,
Silk fabric samples,0.2,Dresses (Bridal/Formal),['silk'],UA,167,17613,https://www.etsy.com/listing/1337944455/silk-fabric-samples,
Women&#39;s Linen Shirt Dress | Button Down Midi Dress | Casual Beach Resort Cover-Up | Relaxed Summer Dress with Pockets,89.99,Dresses (Casual),['linen'],PK,37,1274,https://www.etsy.com/listing/4545182758/womens-linen-shirt-dress-button-down,
"Italian Coastal Maxi Dress, Satin Border Print Swing Sundress, Sleeveless V Neck Beach Dress",48.226600000000005,Dresses (Casual),['satin'],GB,24,4849,https://www.etsy.com/listing/4530403199/italian-coastal-maxi-dress-satin-border,
Relaxed Fit Summer Linen Sundress - Soft Womens Flax Dress with Sleeves & Pockets,217.32799999999997,Dresses (Casual),['linen'],LT,5542,130706,https://www.etsy.com/listing/838807121/relaxed-fit-summer-linen-sundress-soft,
"Wedding Chantilly Lace Sleeves: Ivory & White Fingerless Opera Gloves, Rose Lace Bridal Glove",86.69999999999999,Dresses (Bridal/Formal),['lace'],Unknown,5078,170025,https://www.etsy.com/listing/1713177152/wedding-chantilly-lace-sleeves-ivory,
"Boho Linen Maxi Dress for Women, Button Front Shirt Dress, Long Sleeve Linen Dress, Cottagecore Summer Clothing",67.0,Dresses (Casual),['linen'],Unknown,307,6574,https://www.etsy.com/listing/4530898414/boho-linen-maxi-dress-for-women-button,
Boho Wrap Top PDF Sewing Pattern | Kimono Sleeve V-Neck Knot Blouse (Instant Download),4.0200000000000005,Dresses (Casual),['linen'],PK,108,810,https://www.etsy.com/listing/4517835288/boho-wrap-top-pdf-sewing-pattern-kimono,
Women Velvet Lounge Set Pattern | Digital Sewing Pattern PDF,2.99,Dresses (Casual),['cotton'],PK,55,303,https://www.etsy.com/listing/4526153370/women-velvet-lounge-set-pattern-digital,
"one shoulder dress sewing pattern pdf,off shoulder wedding dress sewing pattern,elegant bridesmaid dress pattern,one shoulder gown pdf patre",15.99,Dresses (Bridal/Formal),['Unknown'],PK,109,941,https://www.etsy.com/listing/4506743873/one-shoulder-dress-sewing-pattern-pdfoff,
Tie Strap Top Sewing Pattern PDF,1.99,Dresses (Casual),['Unknown'],PK,2,16,https://www.etsy.com/listing/4517761565/tie-strap-top-sewing-pattern-pdf,
"Lounge Set Sewing Pattern, PDF Crop Tee and Wide-Leg Shorts Pattern, Pull-On Linen Loungewear Set, Sizes XS-XXXL, Print at Home",3.87,Dresses (Casual),['linen'],US,36,290,https://www.etsy.com/listing/4530323633/lounge-set-sewing-pattern-pdf-crop-tee,
"Sample of the softest tulle, color swatch  of softest tulle,color card of the soft tulle,more then 100 color for choose",0.38,Dresses (Bridal/Formal),['Unknown'],HK,380,20560,https://www.etsy.com/listing/752972762/sample-of-the-softest-tulle-color-swatch,
Tie Back Dress Sewing Pattern | dress pattern| Summer Dress Pattern | Dress Sewing Pattern | Women Dress Pattern | Sewing Patterns for Women,7.8975,Dresses (Casual),['Unknown'],Unknown,418,3178,https://www.etsy.com/listing/4347323237/tie-back-dress-sewing-pattern-dress,
Beautiful 100% Pure Cotton Kaftan Bird & Floral Print Indian Cotton Kaftan Summer Breathable Vacation Dress Bohemian Beachwear Coverup Dress,24.99,Dresses (Bridal/Formal),['cotton'],Unknown,335,22964,https://www.etsy.com/listing/4320462467/beautiful-100-pure-cotton-kaftan-bird,
White Nursing Dress: Pinning Ceremony Scrub Dress (XS-3XL),84.99,Dresses (Casual),['polyester'],US,650,40327,https://www.etsy.com/listing/4420566648/white-nursing-dress-pinning-ceremony,
"Floral Indian Cotton Kaftan Dress: Hand Printed, Free Size",71.0,Dresses (Bridal/Formal),['cotton'],IN,379,9729,https://www.etsy.com/listing/4457842564/floral-indian-cotton-kaftan-dress-hand,
"African Print Maxi Dress – Ankara Ruffle Sleeve Long Dress for Women, Bold Tribal Pattern, Elegant Party & Summer Outfit.",69.99,Dresses (Bridal/Formal),['Unknown'],US,8,206,https://www.etsy.com/listing/4553860497/african-print-maxi-dress-ankara-ruffle,
Women&#39;s Two Piece Lounge Set V Neck Ruffle Sleeve Casual Wide Leg Pants Outfit,172.5,Dresses (Casual),['Unknown'],US,77,4098,https://www.etsy.com/listing/4539234159/womens-two-piece-lounge-set-v-neck,
"Soft Tulle Color Swatch, Over 200 Colors",0.38,Dresses (Bridal/Formal),['Unknown'],HK,444,26175,https://www.etsy.com/listing/684836206/sample-of-the-softest-tulle-color-swatch,
"Long Flying Dress, Flying Dress for Photoshoot, Long Train Dress, Photoshoot Dress, Flowy Dress, Satin Dress, Santorini Flying Dress",92.6,Dresses (Bridal/Formal),['silk'],IN,263,22434,https://www.etsy.com/listing/4353305347/long-flying-dress-flying-dress-for,
Add CUSTOM order fee,4.0,Dresses (Casual),['Unknown'],US,66,4999,https://www.etsy.com/listing/894077935/add-custom-order-fee,
Qaspeq Kuspuk Pattern - PDF Printable - Alaska Native Dress - Adult Atikluk,15.0,Dresses (Casual),['Unknown'],US,342,12253,https://www.etsy.com/listing/1210759601/qaspeq-kuspuk-pattern-pdf-printable,
Loose Fit Cotton Linen Dress Round Neck Pullover Long Dress Vacation Beach Outfit Casual Short Sleeve Summer Dress Bohemian Style T15 F627,102.92,Dresses (Casual),['cotton'],PH,343,21486,https://www.etsy.com/listing/4476257222/loose-fit-cotton-linen-dress-round-neck,
"Crochet Beach Dress Pattern PDF, Boho Halter Cover Up, Summer Resort Wear Digital Tutorial",3.7855350000000003,Dresses (Casual),['cotton'],MA,36,918,https://www.etsy.com/listing/4508675127/crochet-beach-dress-pattern-pdf-boho,
"Long Fingerless Lace Gloves, Ivory Wedding Sleeves, Chantilly Lace Bridal Glove, Detachable Arm Sleeve",82.076,Dresses (Bridal/Formal),['lace'],LV,5605,140027,https://www.etsy.com/listing/1715864098/long-fingerless-lace-gloves-ivory,
Custom fee，please do not use coupons,26.88,Dresses (Casual),['cotton'],HK,9,1325,https://www.etsy.com/listing/1793557711/custom-feeplease-do-not-use-coupons,
Hand Block Print Cotton Midi Dress - Bohemian Summer Dress,119.97,Dresses (Casual),['cotton'],IN,1030,87618,https://www.etsy.com/listing/1890277200/hand-block-print-cotton-midi-dress,
"Jungle of Flowers Kaftan - Pajamas to live in, beachwear Caftan, spa robe..make great Anniversary or Birthday gifts, new mom Gift",49.0,Dresses (Casual),['cotton'],IN,4345,486585,https://www.etsy.com/listing/983948709/vibrant-foliage-caftan-softest-cotton,
"Daisy Duck Inspired Wrap Skort Dress, Purple White Duck Cosplay Dress, Theme Park Vacation Outfit, Halloween Costume Dress",53.98,Dresses (Casual),['Unknown'],US,4,35,https://www.etsy.com/listing/4555591440/daisy-duck-inspired-wrap-skort-dress,
VELVET swatch FABRIC sample Free Shipping,1.99,Dresses (Bridal/Formal),['polyester'],US,1188,102110,https://www.etsy.com/listing/864081898/velvet-swatch-fabric-sample-free,
"Personalized, Boho Dress, Western Dress, Party Dress, Corduroy Shirt Dress, Vintage Dress, Lace Trim Dress, Fall Shirt Dress",125.993,Dresses (Casual),['corduroy'],AU,26,491,https://www.etsy.com/listing/4551507906/personalized-boho-dress-western-dress,
"Basalie flutter sleeve top  for Women , Woman , Women;s  pdf sewing pattern",4.35,Dresses (Bridal/Formal),['Unknown'],PK,45,406,https://www.etsy.com/listing/4519955771/basalie-flutter-sleeve-top-for-women,
"Women&#39;s Cotton Linen Blouse, Casual V Neck Tunic Top, Loose Fit Summer Shirt",58.0,Dresses (Casual),['cotton'],PK,1,94,https://www.etsy.com/listing/4548920466/womens-cotton-linen-blouse-casual-v-neck,
Infinity Flying Dress: Satin Gown with Long Train for Photoshoots,107.6,Dresses (Bridal/Formal),['silk'],IN,413,32088,https://www.etsy.com/listing/1821441581/infinity-flying-dress-satin-gown-with,
"Cape Crop Top Sewing Pattern, Peter Pan Collar Blouse, Beginner PDF (Sizes XS-5XL)",4.288,Dresses (Casual),['linen'],PK,826,3582,https://www.etsy.com/listing/4533924944/cape-crop-top-sewing-pattern-peter-pan,
"Baby Pinafore Sewing Pattern, PDF Toddler Pinafore Dress Pattern, Cross-Back Lined Apron Dress, Sizes 6-12M to 3-4Y, Print at Home",3.78,Dresses (Casual),['linen'],US,34,315,https://www.etsy.com/listing/4533365460/baby-pinafore-sewing-pattern-pdf-toddler,
PDF Mini skirt with side slits sewing pattern|Women Sewing pattern |Beginner sewing pattern|,7.8975,Dresses (Casual),['Unknown'],MA,83,989,https://www.etsy.com/listing/4339440528/pdf-mini-skirt-with-side-slits-sewing,
Jumpsuit Sewing dress Pattern PDf,2.99,Dresses (Casual),['cotton'],PK,25,236,https://www.etsy.com/listing/4519724254/jumpsuit-sewing-dress-pattern-pdf,
Movies | crescent bag,125.0,Dresses (Casual),['Unknown'],US,6,172,https://www.etsy.com/listing/4556136325/movies-crescent-bag,
Express Shipping Upgrade: LovestoryUA Wedding Dresses,125.0,Dresses (Bridal/Formal),['lace'],UA,7,1302,https://www.etsy.com/listing/1590562129/express-shipping-upgrade-lovestoryua,
100% Cotton Mommy and Me Matching Dresses | Cotton Dresses | Mom and Daughter Matching Outfits | Family Photoshoot Dresses | Church Dress,35.0,Dresses (Casual),['cotton'],US,346,11481,https://www.etsy.com/listing/4531070857/100-cotton-mommy-and-me-matching-dresses,
Union Jack Ginger Spice Style Body Contour Dress | Fitted Bodycon Dress,48.0,Dresses (Casual),['Unknown'],GB,108,4254,https://www.etsy.com/listing/1627249206/union-jack-ginger-spice-style-body,
Customization,45.083999999999996,Dresses (Casual),['Unknown'],BG,3,456,https://www.etsy.com/listing/1843919736/customization,
"Champagne Convertible Bridesmaid Dress, Luxe Satin Jersey Infinity Gown, Pockets",29.99,Dresses (Bridal/Formal),['satin'],US,5,726,https://www.etsy.com/listing/4516693827/champagne-convertible-bridesmaid-dress,
"Elegant Floral Print Halter Maxi Dress with High Waist Flowy Skirt – Perfect for Summer Weddings, Beach Vacations and Evening Events",48.75,Dresses (Bridal/Formal),['Unknown'],CN,91,2103,https://www.etsy.com/listing/4543094732/elegant-floral-print-halter-maxi-dress,
"Green Stripe Cotton Midi Dress, Boho Pockets, Balloon Sleeve Cottagecore Outfit",63.99,Dresses (Casual),['cotton'],IN,498,8890,https://www.etsy.com/listing/4534094822/green-stripe-cotton-midi-dress-boho,
Summer Maxi Dress | Boho V-Neck Summer Beach Vacation Resort Wear,107.1866,Dresses (Casual),['Unknown'],GB,1,685,https://www.etsy.com/listing/4542471045/linen-maxi-dress-boho-v-neck-summer,
Rush order. Expedited tailoring and fast delivery.,105.06,Dresses (Casual),['Unknown'],UA,19,2499,https://www.etsy.com/listing/1807438464/rush-order-expedited-tailoring-and-fast,
"Boho Floral Print Maxi Dress, Vintage Summer Vacation Button Front Chiffon Long Sleeve",94.5,Dresses (Casual),['chiffon'],AU,98,4445,https://www.etsy.com/listing/4536174773/boho-floral-print-maxi-dress-vintage,
Circle Skirt Sewing Pattern  | Eu 32–52 | A4 A0 Us Letter | Bonus Pattern Included,8.44,Dresses (Casual),['cotton'],TR,93,1019,https://www.etsy.com/listing/4398028173/circle-skirt-sewing-pattern,
"Custom Made Wedding Dress Design, Personalized Bridal Gown",75.0,Dresses (Bridal/Formal),['lace'],CN,413,37563,https://www.etsy.com/listing/667168971/custom-made-wedding-dress-design,
"Kimono wedding robe, Long bridal robe, Wedding get ready outfit, Silk bridal robe, Wedding robe long train, Wedding getting ready robe",164.152,Dresses (Bridal/Formal),['silk'],UA,4354,105705,https://www.etsy.com/listing/1825311937/kimono-wedding-robe-long-bridal-robe,
Venedig Kleid Creme Lang,33.524,Dresses (Casual),['Unknown'],DE,21,2234,https://www.etsy.com/listing/4541223243/venedig-kleid-creme-lang,
Custom Order,90.0,Dresses (Casual),['silk'],VN,58,4694,https://www.etsy.com/listing/858224081/custom-order,
"Tie Waist Wide Leg Pants Sewing Pattern, Beginner Wrap Trousers (Digital Download)",7.37,Dresses (Casual),['linen'],PK,998,6655,https://www.etsy.com/listing/4491385011/tie-waist-wide-leg-pants-sewing-pattern,
"Tiered Midi Dress Sewing Pattern, Pull-On Linen Dress, Cap Sleeve Tie Belt (PDF Download)",3.78,Dresses (Casual),['linen'],US,21,244,https://www.etsy.com/listing/4530314913/tiered-midi-dress-sewing-pattern-pull-on,
Women Peplum Blazer Sewing Pattern | Digital PDF Jacket Pattern | Tailored Peplum Blazer | Beginner–Advanced Sewing | Printable Pattern,14.99,Dresses (Casual),['Unknown'],PK,464,3770,https://www.etsy.com/listing/4409634602/women-peplum-blazer-sewing-pattern-o,
"Tulle Fabric Sample, Colors swatch",0.38,Dresses (Bridal/Formal),['Unknown'],HK,825,52150,https://www.etsy.com/listing/192887129/sample-of-the-tulle-color-sample-of,
Puff Dress PATTERN|sewing pattern|puff sleeve dress pattern|Selkie dress|Prom dress homecoming wedding guest|PDF digital pattern,7.8975,Dresses (Bridal/Formal),['Unknown'],MA,476,3541,https://www.etsy.com/listing/4338578841/puff-dress-patternsewing-patternpuff,
Ivory Lace-up Satin Ribbon for Corset Lacing Back Bridal Gown Satin Strap Ribbon Only Zipper Replacement Bridal Briesmaids Dress Made in USA,25.0,Dresses (Bridal/Formal),['satin'],US,507,23889,https://www.etsy.com/listing/885163920/ivory-lace-up-satin-ribbon-for-corset,
"Velvet dress ,Velvet Bridesmaid Dress, velvet long infinity Dress velvet wrap dress velvet party dress Wedding Gift dress Burnt Orange dress",99.99,Dresses (Bridal/Formal),['velvet'],US,20301,739041,https://www.etsy.com/listing/870381397/velvet-dress-velvet-bridesmaid-dress,
"Custom Bridal Dress Rush Service, Priority Production",125.0,Dresses (Bridal/Formal),['Unknown'],CN,8,2096,https://www.etsy.com/listing/658998102/custom-bridal-dress-rush-service,
"Women&#39;s Linen Look Summer Dress, Casual Loose Midi Dress with Pockets, V Neck Boho Dress, Beach Vacation Dress, Lightweight Polyester Dress",34.66844,Dresses (Casual),['cotton'],FR,51,3901,https://www.etsy.com/listing/4540991156/womens-linen-look-summer-dress-casual,
Leggings With Elastic Waistband Sewing Pattern | Eu 32–52 | A4 A0 Us letter | Bonus Pattern Included,8.44,Dresses (Casual),['spandex'],TR,16,214,https://www.etsy.com/listing/4402193924/leggings-with-elastic-waistband-sewing,
Bridesmaids dress | Infinity gown | Bridesmaids jumpsuit | Silk sage green dress | Wedding guest dress | Multiway dress | Convertible dress,139.0,Dresses (Bridal/Formal),['silk'],UA,594,48599,https://www.etsy.com/listing/1867106274/bridesmaids-dress-infinity-gown,
Lace Halter Top & Wide Leg Pants  dress Pattern,2.99,Dresses (Casual),['cotton'],PK,59,358,https://www.etsy.com/listing/4519466320/lace-halter-top-wide-leg-pants-dress,
Y2K Thrift Outfit Bundle | Personalized y2k  Box From Italy France,52.019999999999996,Dresses (Casual),['Unknown'],IT,436,9174,https://www.etsy.com/listing/4524570507/y2k-thrift-outfit-bundle-personalized,
Personalized Name Embroidered Jean Jacket | Custom Denim for Babies & Toddlers,66.46400000000001,Dresses (Casual),['denim'],GB,136,5842,https://www.etsy.com/listing/4474442436/personalized-name-embroidered-jean,
Medieval Linen Gown Women | Viking Renaissance Dress | LARP SCA Costume | Fantasy Faire Clothing | Historical Reenactment Outfit,95.83239999999999,Dresses (Bridal/Formal),['linen'],FR,81,1265,https://www.etsy.com/listing/4538343549/medieval-linen-gown-women-viking,
FedEx extra delivery fee,30.0,Dresses (Casual),['Unknown'],ID,30,2920,https://www.etsy.com/listing/532249031/fedex-extra-delivery-fee,
"Retro Wave Dress with Pockets, Colorful 70s A-Line Mini for Summer",64.9,Dresses (Casual),['Unknown'],US,142,4942,https://www.etsy.com/listing/4487322956/retro-wave-dress-with-pockets-colorful,
Homer simpson muumuu dress. Pink floral T-shirt dress / king homer / homer mumu costume - Halloween,74.99,Dresses (Casual),['Unknown'],US,285,21424,https://www.etsy.com/listing/1669604201/homer-simpson-muumuu-dress-pink-floral-t,
Blue CAFTAN DRESS,165.0,Dresses (Casual),['cotton'],US,2685,36687,https://www.etsy.com/listing/1742453734/blue-caftan-dress,
Women Halter Neck Faux Leather Crop Top | Sleeveless Backless Fringe Hem Edgy Streetwear Vest,240.0,Dresses (Casual),['leather'],PK,92,2483,https://www.etsy.com/listing/4473984649/women-halter-neck-faux-leather-crop-top,
"Linen Shirt Dress Sewing Pattern, Oversized Relaxed Fit, Digital PDF (Sizes 42-46)",6.0,Dresses (Casual),['linen'],TR,130,1780,https://www.etsy.com/listing/4319106668/linen-shirt-dress-sewing-pattern-pdf,
"Personal Stylist, Personal Styling, Personalized Lookbook, Personalized Fashion, Stylist, Plus Size Styling, Inclusive Styling, Mens Styling",70.0,Dresses (Casual),['Unknown'],US,452,16571,https://www.etsy.com/listing/1399016962/personal-stylist-personal-styling,
"Floral Lace Wedding Bolero with High Neck, Long Sleeve Bridal Crop Top, Romantic Boho Wedding Dress Topper, Button Back Shrug",131.784,Dresses (Bridal/Formal),['lace'],LT,451,10084,https://www.etsy.com/listing/4391535795/lace-crop-toptwo-piece-blouselace-bridal,
"Emerald Green Silk Slip Dress with Cowl Neck for Special Occasions, Backless Midi Slip Dress, Sheath Dress for Bridesmaids, Birthday Girls",79.99,Dresses (Bridal/Formal),['silk'],UA,2648,60781,https://www.etsy.com/listing/942375392/emerald-green-silk-slip-dress-with-cowl,
Handmade Red Lobster Print Cotton Kaftan Dress Striped Beach Resort Wear,70.0,Dresses (Casual),['cotton'],IN,42,1531,https://www.etsy.com/listing/4490589415/handmade-red-lobster-print-cotton-kaftan,
"Boho Linen Jumpsuit for Women, Loose Fit Wide Leg Overall, Adjustable Strap Romper, Casual Summer Overalls",52.38992,Dresses (Casual),['linen'],FR,105,2634,https://www.etsy.com/listing/4507704668/boho-linen-jumpsuit-for-women-loose-fit,
"Cotton Linen Midi Dress, V Neck Button Front Ruffle Summer Vacation Boho Style",74.99,Dresses (Casual),['cotton'],PK,4,932,https://www.etsy.com/listing/4535883575/cotton-linen-midi-dress-v-neck-button,
"floral Block Print Kyra Midi Dress | Bohemian Cotton Dress for women | Dresses for Women | String Closer Dress | Short long dresses,gifts",39.99,Dresses (Bridal/Formal),['cotton'],IN,639,27487,https://www.etsy.com/listing/4395794555/floral-block-print-kyra-midi-dress,
Linen Bag Sewing Pattern | Beginner Friendly Hobo Tote (PDF Download),4.0200000000000005,Dresses (Casual),['linen'],PK,579,4816,https://www.etsy.com/listing/4493083794/linen-bag-sewing-pattern-beginner,
"Lounge Set Sewing Pattern, PDF Linen Cami and Wide-Leg Pants Pattern, Camisole Trousers Set, Sizes XS-XXXL, Print at Home",3.69,Dresses (Casual),['linen'],US,11,109,https://www.etsy.com/listing/4533355739/lounge-set-sewing-pattern-pdf-linen-cami,
"Express Shipping Upgrade: FedEx, DHL, UPS, TNT",40.0,Dresses (Casual),['Unknown'],CN,39,4409,https://www.etsy.com/listing/658988044/express-shipping-upgrade-fedex-dhl-ups,
"Knitting Pattern for Baby Set - Cardigan, Romper, Cap & Boots - Ideal Gift for Showers, Birthdays",3.0,Dresses (Casual),['crochet'],PK,5,63,https://www.etsy.com/listing/4464610510/knitting-pattern-for-baby-set-cardigan,
"Linen Wrap Dress, Sleeveless Collared Midi Dress, Summer Vacation Outfit,Tie Waist Wrap Dress, Elegant Boho Clothing, Cottagecore Dress",104.8,Dresses (Bridal/Formal),['linen'],IN,77,1466,https://www.etsy.com/listing/4538353303/linen-wrap-dress-sleeveless-collared,
Boho Maternity Dress | Pregnancy Photoshoot Outfit | Open Belly Pregnancy Gown | Beige Maternity Outfit | Photography Prop,137.564,Dresses (Bridal/Formal),['Unknown'],CZ,60,1063,https://www.etsy.com/listing/4525661840/boho-maternity-dress-pregnancy,
Rush cut for client,35.0,Dresses (Bridal/Formal),['silk'],US,0,557,https://www.etsy.com/listing/1712417301/rush-cut-for-client,
Boho Lace Mini Dress Western Festival Flare Sleeve Asymmetrical Dress,118.993,Dresses (Casual),['lace'],AU,8,100,https://www.etsy.com/listing/4554870472/boho-lace-mini-dress-western-festival,
"Glamorous Silver Sparkly Dress with Ostrich Feather Details for PARTY, Bachelorette, Wedding, Prom",270.0,Dresses (Bridal/Formal),['Unknown'],UA,1542,40741,https://www.etsy.com/listing/1795696764/glamorous-silver-sparkly-dress-with,
"Toy Story Alien Tennis Dress, Halloween Cosplay Dress, Space Alien Inspired Outfit, Alien Face Group Dress, Pizza Planet Alien Dress",19.5,Dresses (Casual),['Unknown'],VN,5,127,https://www.etsy.com/listing/4552198969/toy-story-alien-tennis-dress-halloween,
Delta Sigma Theta Black Kaftan,55.0,Dresses (Casual),['Unknown'],US,157,3965,https://www.etsy.com/listing/4457482341/delta-sigma-theta-black-kaftan,
Gingham - Kate Middleton inspired Aline dress,140.0,Dresses (Bridal/Formal),['Unknown'],Unknown,19,595,https://www.etsy.com/listing/4542251448/gingham-kate-middleton-inspired-aline,
"Vintage Maxi Dress for Women, Boho Printed Summer Dress, Long Sleeve Casual Dress, Turn Down Collar Button Dress, Holiday Dress",104.993,Dresses (Casual),['Unknown'],AU,2,55,https://www.etsy.com/listing/4554988567/vintage-maxi-dress-for-women-boho,
Womens Wrap Skirt Sewing Pattern |mini skirt pattern|pdf sewing pattern|wrap skirt pattern|Wrap Tie Front Skirt Digital Pattern|7 sizes 4-16,7.8975,Dresses (Casual),['Unknown'],MA,55,1151,https://www.etsy.com/listing/4337577344/womens-wrap-skirt-sewing-pattern-mini,
REVERDECERA / “FLOURISH”,57.0,Dresses (Casual),['spandex'],US,455,25877,https://www.etsy.com/listing/1381147616/reverdecera-flourish,
Women’s Medieval Maxi Dress Sewing Pattern PDF,2.99,Dresses (Casual),['cotton'],PK,168,1245,https://www.etsy.com/listing/4525490684/womens-medieval-maxi-dress-sewing,
"Halloween Mickey Minnie Pumpkins Striped Wrap Skort Dress, Mickey Minnie Matching Outfits, Mickey&#39;s Not So Scary Halloween Party Dress",18.983999999999998,Dresses (Casual),['Unknown'],AU,490,10652,https://www.etsy.com/listing/4537590051/halloween-mickey-minnie-pumpkins-striped,
"Flying Dress for Photoshoot – Long Train Satin Gown, Flowy Maxi Dress, Santorini Flying Dress, Dubai Dress",92.6,Dresses (Bridal/Formal),['silk'],IN,164,7400,https://www.etsy.com/listing/4355605015/flying-dress-for-photoshoot-long-train,
"Mickey And Friend Safari Tennis Dress Skirt, Mommy and Me Animal Kingdom Camo Skort, Sketch Mouse Sport Outfit, Summer Park Vacation Apparel",16.92,Dresses (Casual),['Unknown'],US,50,1170,https://www.etsy.com/listing/4545366461/mickey-and-friend-safari-tennis-dress,
Women&#39;s Elegant Pearl Sleeve Midi Dress Slim Office Wedding Cocktail Party Evening Dress Formal,119.85,Dresses (Bridal/Formal),['Unknown'],PK,24,1412,https://www.etsy.com/listing/4549641775/womens-elegant-pearl-sleeve-midi-dress,
Plus size - extra fabric use fee,75.9,Dresses (Bridal/Formal),['lace'],PL,24,2264,https://www.etsy.com/listing/1418735458/plus-size-extra-fabric-use-fee,
Embroidery - Heroine of Jericho (HOJ) Core 365,24.99,Dresses (Casual),['Unknown'],US,27,1619,https://www.etsy.com/listing/4415157896/embroidery-heroine-of-jericho-hoj-core,
Floral Hand Block Print Kyra Midi Dress | Bohemian Cotton Dress | Dresses for Women | String Closer Dress,60.99,Dresses (Casual),['cotton'],IN,712,15003,https://www.etsy.com/listing/4332050730/floral-hand-block-print-kyra-midi-dress,
"Mother Gothel Dress Skirt, Tangled Halloween Costume Cosplay, Villains Mother Gothel Wrap Skort Dress, Magic Kingdom Trip Outfits for Women",53.98,Dresses (Casual),['Unknown'],US,3,105,https://www.etsy.com/listing/4553094895/mother-gothel-dress-skirt-tangled,
"Tie Back Dress Sewing Pattern | Summer Dress Pattern | Dress Sewing Pattern | Women Dress Pattern | Sewing Patterns for Women, Dress Pattern",7.8975,Dresses (Bridal/Formal),['Unknown'],MA,15,86,https://www.etsy.com/listing/4520898620/tie-back-dress-sewing-pattern-summer,
"Renaissance Womens Corset Dress, Medieval Fancy Vampire Dress, Vintage Princess Steam Punk Strap Dress, Aesthetic Fantasy Cosplay Dress",104.0,Dresses (Casual),['Unknown'],GB,182,3041,https://www.etsy.com/listing/4540766273/renaissance-womens-corset-dress-medieval,
Tie Shoulder Square Neck Cami Sewing Pattern (PDF Download),6.7,Dresses (Casual),['linen'],PK,167,1360,https://www.etsy.com/listing/4467904005/tie-shoulder-square-neck-cami-sewing,
"Wrap Dress Sewing Pattern, PDF Linen Wrap Dress Pattern, Surplice Midi Dress, Tie Waist, Grown-On Sleeves, Sizes XS-XXXL, Print at Home",3.92,Dresses (Casual),['linen'],US,52,588,https://www.etsy.com/listing/4531514766/wrap-dress-sewing-pattern-pdf-linen-wrap,
ADONAI praise / worship dance ephod,33.0,Dresses (Casual),['spandex'],US,390,32681,https://www.etsy.com/listing/1295173185/adonai-praise-worship-dance-ephod,
"Mickey And Friends Halloween Tennis Dress Skirt, Not So Scary Party Wrap Skort, Mommy And Me Spooky Season Outfit, Women Girls Apparel",16.92,Dresses (Casual),['Unknown'],US,12,222,https://www.etsy.com/listing/4551473518/mickey-and-friends-halloween-tennis,
"Custom skirt,Floor length adult tulle skirt,full length women wedding tulle skirt,bridal tulle skirt",62.38,Dresses (Bridal/Formal),['polyester'],HK,2515,72712,https://www.etsy.com/listing/182651367/custom-skirtfloor-length-adult-tulle,
Women&#39;s White Fringed Shell-Embellished Satin Maxi Dress,950.0,Dresses (Bridal/Formal),['silk'],IN,776,14242,https://www.etsy.com/listing/4508328424/womens-white-fringed-shell-embellished,
Rustic Linen Maxi Dress Long Sleeve Prairie Style Gown with Pockets Summer Fall Dress Romantic Dress Boho A-Line Dress Women Custom Dress,104.84,Dresses (Bridal/Formal),['linen'],US,3225,67161,https://www.etsy.com/listing/1893950673/rustic-linen-maxi-dress-long-sleeve,
"Pure Linen Midi Dress Elysia, Sweetheart Neck Dress, Cottagecore Dress, Summer Dress, Custom Made, 100% Linen Dress Linen Clothing for Women",151.88,Dresses (Casual),['linen'],VN,392,3804,https://www.etsy.com/listing/4496186630/pure-linen-midi-dress-elysia-sweetheart,
"Rush order, Expedited production time, Faster sewing wedding dress",59.0,Dresses (Bridal/Formal),['Unknown'],UA,29,3827,https://www.etsy.com/listing/1018038361/rush-order-expedited-production-time,
"Gothic Hooded Dress, Burning Man Outfit, Hooded Maxi Dress, Festival Hood Dress, Rave Outfit Women, Split Maxi Dress, Desert Festival Wear",56.0,Dresses (Casual),['Unknown'],PK,80,861,https://www.etsy.com/listing/4550676637/gothic-hooded-dress-burning-man-outfit,
"Chantilly Lace Wedding Sleeves: Off-White Fingerless Bridal Gloves, Detachable Sleeve for Bridal Dress",69.36,Dresses (Bridal/Formal),['lace'],LV,863,21190,https://www.etsy.com/listing/1895842593/chantilly-lace-wedding-sleeves-off-white,
"One Size Adjustable Flying Dress for Photoshoot, Group, Santorini & Dubai Satin Gown",92.6,Dresses (Bridal/Formal),['silk'],IN,30,1885,https://www.etsy.com/listing/4463494196/one-size-adjustable-flying-dress-for,
Rush Production Time,127.0,Dresses (Casual),['Unknown'],PL,26,3745,https://www.etsy.com/listing/1490613887/rush-production-time,
"Blue Vintage Silk Saree Kaftan with Pockets, Boho Maxi Caftan Dress, Indian Silk Blend Resort Wear, Beach Cover Up, One Size 51 Inch",75.0,Dresses (Casual),['silk'],IN,13,1007,https://www.etsy.com/listing/4538194806/blue-vintage-silk-saree-kaftan-with,
Indian cotton maxi kaftan maxi dress beach coverup  hand block printed kaftan dress Indian dress maxi dress indian beachcoverup,40.0,Dresses (Casual),['cotton'],IN,1,19443,https://www.etsy.com/listing/4514536903/indian-cotton-maxi-kaftan-maxi-dress,
"Princess of North Wedding Set, Organic Cotton Norse Viking Gown",788.3919999999999,Dresses (Bridal/Formal),['organic cotton'],ES,3778,117568,https://www.etsy.com/listing/1417333560/princess-of-north-wedding-set-organic,
After midnight | crescent bag,125.0,Dresses (Casual),['Unknown'],US,59,865,https://www.etsy.com/listing/4494216978/after-midnight-crescent-bag,
"Slip Dress,Freudian Slip Dress,Psychology Dress,Freud Slip Dress,Psychology Clothing,Funny Clothing,Grey Slip Dress Dress",31.99,Dresses (Casual),['Unknown'],US,159,7652,https://www.etsy.com/listing/1693388328/slip-dressfreudian-slip-dresspsychology,
Two-Piece Prayer Dress | Prayer Outfit with Sleeves | Comfortable Women Islamic Clothing | Ramadan gifts,39.0,Dresses (Casual),['viscose'],TR,432,26443,https://www.etsy.com/listing/1808197749/two-piece-prayer-dress-prayer-outfit,
Covering the price difference | Special link for shipping & difference payments,20.7666,Dresses (Casual),['Unknown'],PH,0,700,https://www.etsy.com/listing/4358425057/covering-the-price-difference-special,
Boho Wedding Dress White Lace Bridal Maxi Dress V Neck Sleeveless,111.993,Dresses (Bridal/Formal),['lace'],AU,2,46,https://www.etsy.com/listing/4556188939/boho-wedding-dress-white-lace-bridal,
Plus Size Bagru Print Cotton Caftan: Bohemian Beach Cover-Up,75.03,Dresses (Bridal/Formal),['organic cotton'],IN,78,3147,https://www.etsy.com/listing/4434828582/plus-size-bagru-cotton-long-short-caftan,
"Custom Hawaiian dress With Face,Custom Face Hawaiian dress gift for birthday party,Custom birthday for husband ,Hawaiian Style,Family Travel",45.99,Dresses (Casual),['polyester'],US,216,18563,https://www.etsy.com/listing/1683151238/custom-hawaiian-dress-with-facecustom,
Handmade Floral Cotton Midi Dress: Bohemian Summer Tunic Dress,25.0,Dresses (Bridal/Formal),['cotton'],IN,140,5861,https://www.etsy.com/listing/4445368526/handmade-floral-cotton-midi-dress,
Sheer Pearl Tulle Wedding Gloves: Fingerless Bridal Opera Length,60.0,Dresses (Bridal/Formal),['Unknown'],US,2140,21677,https://www.etsy.com/listing/4358578267/sheer-pearl-tulle-wedding-gloves,
"Halloween Cosplay Tennis Dress Skirt, Women&#39;s Princess Villain Party Skort, Halloween Costume Skirt for girls, Cute Matching Group Outfits",19.99,Dresses (Casual),['Unknown'],AU,52,792,https://www.etsy.com/listing/4547478512/halloween-cosplay-tennis-dress-skirt,
"Vibrant Pink Bandanna Kaftan, Beach Cover Up, Bohemian Resort Wear, Flowy Maxi Dress for Vacation, Summer Lounge wear",34.583999999999996,Dresses (Casual),['Unknown'],IN,12,709,https://www.etsy.com/listing/4540485657/vibrant-pink-bandanna-kaftan-beach-cover,
EXPRESS Shipping,15.0,Dresses (Casual),['Unknown'],UA,2,465,https://www.etsy.com/listing/910574622/express-shipping,
Women&#39;s Green Bimbette Inspired Skater Dress,73.0,Dresses (Casual),['Unknown'],US,0,315,https://www.etsy.com/listing/1835986465/womens-green-bimbette-inspired-skater,
"Boho Wrap Co-Ord Set PDF Sewing Pattern, Wide Leg Pants, Linen Outfit (Digital Download)",9.38,Dresses (Casual),['linen'],PK,2333,14301,https://www.etsy.com/listing/4492378790/boho-wrap-co-ord-set-pdf-sewing-pattern,
"Lounge Set Sewing Pattern, PDF Linen Cami and Wide-Leg Pants Pattern, Camisole Trousers Set, Sizes XS-XXXL, Print at Home",3.78,Dresses (Casual),['linen'],US,4,107,https://www.etsy.com/listing/4532544978/lounge-set-sewing-pattern-pdf-linen-cami,
"Women’s Casual Summer Maxi Dress, V Neck Backless Spaghetti Strap Dress, Vacation Print Dress",42.8666,Dresses (Casual),['satin'],GB,12,1535,https://www.etsy.com/listing/4478220403/womens-casual-summer-maxi-dress-v-neck,
"Witchy Celestial Cotton Pixie Dress, Fairy Goth Assymetrical Cottage core Dress, Maxi Boho Corset Fae Halter Dress, Handkerchief Lace Dress",82.0,Dresses (Casual),['cotton'],US,481,4316,https://www.etsy.com/listing/4545685063/witchy-celestial-cotton-pixie-dress,
"Gold Mirror Disc Party Dress, Sparkly Sequin Mini Dress for Women, Short Sleeve Bodycon Going Out Dress, NYE Festival Concert Outfit",138.72,Dresses (Casual),['Unknown'],FR,491,16199,https://www.etsy.com/listing/4500810483/gold-mirror-disc-party-dress-sparkly,
"Summer Kaftan Dress Moroccan Black Gold Caftan-beach cover up,resort dress,home dress, birthday,wedding gift,Gifts for her,home dress",78.99,Dresses (Bridal/Formal),['Unknown'],GB,2104,70054,https://www.etsy.com/listing/915831729/winter-kaftan-dress-moroccan-black-gold,
Light Blue Button-Front Collared Housecoat for Elderly People,45.0,Dresses (Bridal/Formal),['cotton'],IN,170,17739,https://www.etsy.com/listing/496643674/light-blue-button-front-collared,
Infinity Flying Dress: Satin Gown with Long Train for Photoshoots,92.85,Dresses (Bridal/Formal),['satin'],GB,121,10027,https://www.etsy.com/listing/4405298383/infinity-flying-dress-satin-gown-with,
"Halloween Mickey Minnie Pumpkins Striped Wrap Skort Dress, Mickey Minnie Matching Outfits, Mickey&#39;s Not So Scary Halloween Party Dress",18.983999999999998,Dresses (Casual),['Unknown'],AU,42,1263,https://www.etsy.com/listing/4540770249/halloween-mickey-minnie-pumpkins-striped,
"Pua Moana Ruffle Dress, Cosplay Pua Ruffle Dress, Girl Halloween, Girl Cosplay Dress, Halloween Custom",21.4434,Dresses (Casual),['Unknown'],CA,9,325,https://www.etsy.com/listing/4539790362/pua-moana-ruffle-dress-cosplay-pua,
Italian 100% Cotton Maxi Dress | Women’s Sleeveless Swing Dress | Oversized Summer Dress | Boho Cotton Dress,33.4866,Dresses (Casual),['cotton'],GB,544,16274,https://www.etsy.com/listing/4524832871/italian-100-cotton-maxi-dress-o-womens,
Striped Hand Block Print Kyra Midi Dress | Bohemian Cotton Dress | Dresses for Women | String Closer Dress,60.99,Dresses (Casual),['cotton'],IN,2200,64689,https://www.etsy.com/listing/1832148976/striped-hand-block-print-kyra-midi-dress,
Burnt Orange Bridesmaid Dress infinity Dress  Wrap dress Convertible Dress - H102#,69.0,Dresses (Bridal/Formal),['polyester'],US,751,40356,https://www.etsy.com/listing/1216707849/burnt-orange-bridesmaid-dress-infinity,
Maternity Hospital Birth Gown | With Baby Swaddle | Button Down Nursing Friendly | Labor & Delivery Outfit for Mom | Soft Cotton,38.95,Dresses (Bridal/Formal),['cotton'],US,519,18402,https://www.etsy.com/listing/4402651648/maternity-hospital-birth-gown-with-baby,
SHOFAR Worship dress/ Traje de danza SHOFAR,55.0,Dresses (Casual),['spandex'],US,150,7841,https://www.etsy.com/listing/4412377073/shofar-worship-dress-traje-de-danza,
"Handmade Cotton Kaftan Dress, Pink Orange Floral Block Print Boho Kimono, Beach Cover Up",64.976,Dresses (Casual),['cotton'],IN,179,9677,https://www.etsy.com/listing/4496624006/handmade-cotton-kaftan-dress-pink-orange,
Elegant Flowy Midi Dress | Casual Boho Style | Summer Outfit,69.0,Dresses (Casual),['linen'],US,32,1237,https://www.etsy.com/listing/4536685754/elegant-flowy-midi-dress-casual-boho,
"Halloween Moana Princess Costume Wrap Skort Dress, Maui Movie Cosplay Outfit, Movie Princess Inspired Dress, Halloween Party Dress Gift",18.983999999999998,Dresses (Casual),['Unknown'],AU,2,2,https://www.etsy.com/listing/4557274375/halloween-moana-princess-costume-wrap,
The Smocked Bishop Dress PDF Pattern,14.0,Dresses (Casual),['Unknown'],US,421,11816,https://www.etsy.com/listing/1561607933/the-smocked-bishop-dress-pdf-pattern,
"Matching bandeau for infinity dress, silk bandeau",19.99,Dresses (Casual),['silk'],UA,337,21685,https://www.etsy.com/listing/1267718565/matching-bandeau-for-infinity-dress-silk,
"Embroidered Maxi Dress, Boho V-Neck Summer Beach Vacation Style",107.1866,Dresses (Casual),['linen'],GB,3,372,https://www.etsy.com/listing/4547496749/embroidered-maxi-dress-boho-v-neck,
"Maxi skirt, adult floor length chiffon skirt,full length women wedding  skirt, bridesmaid dresses with sash",71.0,Dresses (Bridal/Formal),['chiffon'],HK,6747,200293,https://www.etsy.com/listing/761322629/maxi-skirt-adult-floor-length-chiffon,
Wedding dress topper Bridal bolero Sheer organza blouse Bride dress overlay Bridal top Bride jacket organza Bridal blouse,110.0,Dresses (Bridal/Formal),['Unknown'],UA,4221,91930,https://www.etsy.com/listing/1721609299/wedding-dress-topper-bridal-bolero-sheer,
Pure Linen Empire Waist Maxi Dress with Pockets – Flowy Summer Tunic F634,106.24,Dresses (Casual),['linen'],PH,90,2196,https://www.etsy.com/listing/4518206673/pure-linen-empire-waist-maxi-dress-with,
"Oversized Kaftan Dress Sewing Pattern, Boho Maxi Resort Wear PDF (XS-5XL) , 2 Neckline Options",6.0,Dresses (Casual),['Unknown'],TR,140,1501,https://www.etsy.com/listing/4349732248/christmas-kaftan-dress-sewing-pattern,
"Boho Lace Wedding Dress, Long Sleeve Bridal Gown, Sweetheart Neck Dress, Asymmetrical Ruffle Hem, Romantic Bohemian Wedding Gown",104.993,Dresses (Bridal/Formal),['lace'],AU,1,0,https://www.etsy.com/listing/4557236247/boho-lace-wedding-dress-long-sleeve,
"Women&#39;s Harem Jumpsuit Sewing Pattern, Oversized Balloon Leg, Sleeveless (PDF Download)",5.36,Dresses (Casual),['linen'],PK,551,3668,https://www.etsy.com/listing/4537420630/womens-harem-jumpsuit-sewing-pattern,
"Halloween Jasmine Wrap Skort Dress, Aladdin Halloween Costume Cosplay, Jasmine Princess Dress for Women, Halloween Girls&#39; Trip Dress Outfit",18.983999999999998,Dresses (Casual),['Unknown'],AU,29,298,https://www.etsy.com/listing/4549619745/halloween-jasmine-wrap-skort-dress,
Button-Front Collared Housecoat for Elderly People - Vintage Chic Floral Pattern - Comfortable House Dress,45.0,Dresses (Bridal/Formal),['cotton'],IN,537,82713,https://www.etsy.com/listing/496718058/button-front-collared-housecoat-for,
"Shift Dress Sewing Pattern, PDF Sleeveless A-Line Linen Dress Pattern, V-Neck Midi Dress, Sizes XS-XXXL, Print at Home",3.92,Dresses (Casual),['linen'],US,41,549,https://www.etsy.com/listing/4533805918/shift-dress-sewing-pattern-pdf,
"Boho Midi Dress for Women, Sleeveless Summer Beach Dress, Bohemian Vacation Sundress, Printed Cover Up Beach Dress, Holiday Gift",63.001999999999995,Dresses (Casual),['Unknown'],FR,31,4194,https://www.etsy.com/listing/4530752798/boho-midi-dress-for-women-sleeveless,
indian pink green floral hand block printed women&#39;s maxi dress - frill collar with belt cotton long dress,49.99,Dresses (Bridal/Formal),['organic cotton'],IN,750,21034,https://www.etsy.com/listing/1848454738/indian-pink-green-floral-hand-block,
Linen A-Line Shirt Dress Sewing Pattern – Sizes 42-44 (PDF),6.0,Dresses (Casual),['linen'],TR,65,1073,https://www.etsy.com/listing/4349385694/linen-a-line-shirt-dress-sewing-pattern,
Custom Order,90.0,Dresses (Casual),['linen'],VN,5,1029,https://www.etsy.com/listing/1187776630/custom-order,
"Linen Maxi Dress for Women, White Summer Linen Dress, Sleeveless V Neck Dress, Casual Beach Vacation Dress, Minimalist Linen Clothing",123.28,Dresses (Casual),['linen'],GB,7,100,https://www.etsy.com/listing/4551040035/linen-maxi-dress-for-women-white-summer,
Women&#39;s Boho Linen Set | Oversized Kaftan Vacation Outfit,65.0,Dresses (Casual),['linen'],US,104,1859,https://www.etsy.com/listing/4539336253/womens-boho-linen-set-oversized-kaftan,
"Maxi tulle skirt,wedding bridesmaid softest tulle skirt ,maxi dress bridesmaids dress ,women clothing",62.38,Dresses (Bridal/Formal),['polyester'],HK,8759,240469,https://www.etsy.com/listing/237134702/maxi-tulle-skirtwedding-bridesmaid,
Floral Cotton Midi Dress: Hand Block Printed Indian Kyra Dress,119.97,Dresses (Casual),['cotton'],IN,379,15596,https://www.etsy.com/listing/1904466111/floral-cotton-midi-dress-hand-block,
"Inspired Jessie Tennis Dress, Disney Toy Story Athletic Skort Pixar Toy Story 5 Dress Outfit Disneyland Pleated Skirt",10.99,Dresses (Casual),['Unknown'],PH,0,18,https://www.etsy.com/listing/4554358752/inspired-jessie-tennis-dress-disney-toy,
"Linen Maxi Dress for Women, Sleeveless Lace Detail Dress, White Resort Wear, Beach Vacation Outfit",113.288,Dresses (Bridal/Formal),['linen'],GR,222,7612,https://www.etsy.com/listing/4506035501/white-linen-maxi-dress-boho-resort,
XXL Scrunchie Sewing Pattern | Digital PDF,4.0,Dresses (Casual),['cotton'],IN,538,8514,https://www.etsy.com/listing/1042176568/xxl-scrunchie-sewing-pattern-digital-pdf,
"Indian Tie Dye Cotton Kaftan Dress | Organic Boho Maxi Beach Cover Up, V-Neck, Loungewear",72.97224,Dresses (Bridal/Formal),['cotton'],IN,14,1176,https://www.etsy.com/listing/4531973395/indian-tie-dye-cotton-kaftan-dress,
"Palazzo Pants Sewing Pattern for women, woman, girls  | Women&#39;s S,M,L XXS-5XL",4.35,Dresses (Casual),['linen'],PK,67,1774,https://www.etsy.com/listing/4385685766/irma-wrap-palazzo-pants-sewing-pattern,
"Indian Hand Block Print Cotton Kaftan, Luxury Resort Wear Maxi Dress, Boho Chic Summer Loungewear, Beach Cover Up for Women, Floral Robe",29.69,Dresses (Casual),['cotton'],IN,133,11046,https://www.etsy.com/listing/4524958893/indian-hand-block-print-cotton-kaftan,
"Cotton Linen Ruffled Lace Dress, Round Neck Summer Mini Short Sleeve Boho Outfit, Casual Cottagecore Fashion, Lightweight Holiday Clothing",46.0,Dresses (Casual),['cotton'],PK,53,2638,https://www.etsy.com/listing/4536205468/cotton-linen-ruffled-lace-dress-round,
Haya Linen Abaya | Breathable Natural Fabric | Fringe Sleeve | Nursing Friendly | Modest Fashion | Minimalist Abaya,73.0,Dresses (Casual),['linen'],ID,59,1987,https://www.etsy.com/listing/4514512801/haya-linen-abaya-breathable-natural,
"Tartan Midi Dress for Women, Ruched Bust Plaid Dress, A Line Scottish Dress, Vintage Tartan Dress, Cottagecore Dress, Formal Party Dress",94.99,Dresses (Bridal/Formal),['Unknown'],PK,0,10,https://www.etsy.com/listing/4557288813/tartan-midi-dress-for-women-ruched-bust,
Handmade Floral Women Cotton Midi Dress: Bohemian Summer Tunic Dress,22.0,Dresses (Bridal/Formal),['cotton'],IN,55,1809,https://www.etsy.com/listing/4493273062/handmade-floral-women-cotton-midi-dress,
Custom order,23.9,Dresses (Casual),['Unknown'],ID,3,523,https://www.etsy.com/listing/823212567/custom-order,
"Josephine | Muslin Boho Dress: Vintage Style, Maternity Photo Prop",172.244,Dresses (Casual),['cotton'],PL,2121,63213,https://www.etsy.com/listing/1771387670/josephine-muslin-boho-dress-vintage,
"Long Flying Dress, Flying Dress for Photoshoot, Long Train Dress, Photoshoot Dress, Flowy Dress, Satin Dress, Santorini Flying Dress",92.6,Dresses (Bridal/Formal),['silk'],IN,165,10488,https://www.etsy.com/listing/4346901950/long-flying-dress-flying-dress-for,
"Linen Wrap Top Sewing Pattern, Women Summer Blouse, V-Neck Tie Waist (Digital Download)",6.7,Dresses (Casual),['linen'],PK,823,6791,https://www.etsy.com/listing/4490736209/linen-wrap-top-sewing-pattern-women,
"Ren Faire Elven Cape Victorian Dress, Medieval Women Maxi Dress, Viking Women Fantasy Fairy Dress, Renaissance Celtic Gown Dress",59.98,Dresses (Bridal/Formal),['Unknown'],GB,30,446,https://www.etsy.com/listing/4529753112/ren-faire-elven-cape-victorian-dress,
"Mickey & friends skeleton Pumpkin Halloween Women&#39;s V-neck Dress, Spooky season Disney Costume Dress Skirt, WDW Disneyland Outfit",5.776,Dresses (Casual),['Unknown'],US,59,1591,https://www.etsy.com/listing/4543159428/mickey-friends-skeleton-pumpkin,
"Party Dress, Boho Party Dress, Lace Dress, Backless Dress, Wedding Guest Dress, Ruffle Dress, Long Sleeve Dress, Vintage Dress",118.993,Dresses (Bridal/Formal),['lace'],AU,0,8,https://www.etsy.com/listing/4557287139/party-dress-boho-party-dress-lace-dress,
"Velvet dress in Black: long dress with Long sleeve and floor-length gown for Halloween, Fall, Winter Weddings, Special Occasions, Christmas",169.0,Dresses (Bridal/Formal),['velvet'],UA,633,12788,https://www.etsy.com/listing/4344362841/velvet-dress-in-black-long-dress-with,
"Extra Charges, Price Adjustment, Upgrade Charges",10.0,Dresses (Casual),['Unknown'],PK,0,24,https://www.etsy.com/listing/4550825608/extra-charges-price-adjustment-upgrade,
Custom Order,79.0,Dresses (Bridal/Formal),['linen'],VN,1,148,https://www.etsy.com/listing/4401977813/custom-order,
One Shoulder White Midi Dress | Elegant Cocktail Party Dress  Wedding Guest Dress for Women,87.0,Dresses (Bridal/Formal),['Unknown'],US,12,375,https://www.etsy.com/listing/4550185219/one-shoulder-white-midi-dress-elegant,
"Forky Toy Story Halloween Costume Wrap Skort Dress, Forky Costume Dress, Toy Story Costume Women Dress, WDW Trip Gift For Her",18.983999999999998,Dresses (Casual),['Unknown'],AU,41,843,https://www.etsy.com/listing/4546116096/forky-toy-story-halloween-costume-wrap,
"Plus Size Tartan Maxi Dress, Plaid Shirt Dress, Scottish Dress, A Line Long Dress, Cottagecore Dress, Vintage Academia Dress, Fall Dress",110.99,Dresses (Casual),['Unknown'],PK,0,2,https://www.etsy.com/listing/4557307779/plus-size-tartan-maxi-dress-plaid-shirt,
Women&#39;s Sleeveless Floral Maxi Dress | Boho Wedding Guest Dress | Elegant Summer Evening Gown | Gift for her | Summer Floral Dress,40.0,Dresses (Bridal/Formal),['Unknown'],CN,240,12881,https://www.etsy.com/listing/4513017493/womens-sleeveless-floral-maxi-dress-boho,
Italian Cotton Crinkle Maxi Dress for Women | Flowy Spaghetti Strap Summer Beach Sundress Size,44.20660000000001,Dresses (Casual),['cotton'],GB,341,6815,https://www.etsy.com/listing/4520834413/italian-cotton-crinkle-maxi-dress-for,
"Lace Applique Detachable Wedding Sleeves, Customizable Bridal Sleeves, Sleeves, Fancy Wedding Sleeves.",75.0,Dresses (Bridal/Formal),['lace'],US,575,14920,https://www.etsy.com/listing/4395073033/lace-applique-detachable-wedding-sleeves,
She-Ra Inspired Cosplay Dress – Princess of Power Costume for Halloween Conventions,85.0,Dresses (Casual),['Unknown'],US,279,13799,https://www.etsy.com/listing/4368455109/she-ra-inspired-cosplay-dress-princess,
"Custom Linen Maxi Dress, V Neck Wrap Style with Short Sleeves and Tie Waist 10#",90.9875,Dresses (Bridal/Formal),['linen'],MY,14,178,https://www.etsy.com/listing/4550523024/custom-linen-maxi-dress-v-neck-wrap,
"Brown Maxi Kaftan Dress, Elegant Modest Resort Wear, Flowing Loose Fit Evening Gown",120.0,Dresses (Bridal/Formal),['Unknown'],US,2,8,https://www.etsy.com/listing/4554516087/brown-maxi-kaftan-dress-elegant-modest,
One Size Flying Dress Adjustable Flying Dress Long Flying Dress for Photoshoot Flying Dress for Women Group Photoshoot Satin Flying Dress,128.0,Dresses (Bridal/Formal),['silk'],UA,891,41110,https://www.etsy.com/listing/4297761000/one-size-flying-dress-adjustable-flying,
"Boho Neutral Linen Maxi Dress, Vintage Button-Front Long Dress, Rustic Country Festival Resort Wear",135.093,Dresses (Casual),['linen'],AU,1,46,https://www.etsy.com/listing/4554998953/boho-neutral-linen-maxi-dress-vintage,
"NinthIsle Made in Hawaii, Matching Aloha Shirt & Dress – Super Soft Bamboo Ginger Floral, Family Resort Wear Outfits, Wedding, Group, Gifts",32.0,Dresses (Bridal/Formal),['bamboo'],US,769,56524,https://www.etsy.com/listing/1137324688/ninthisle-made-in-hawaii-matching-aloha,
"Cotton Linen Maxi Shirt Dress, Loose Boho Beach Cover-up, Long Sleeve Button Down",101.8266,Dresses (Casual),['cotton'],GB,29,545,https://www.etsy.com/listing/4551738986/cotton-linen-maxi-shirt-dress-loose-boho,
Flying Dress for Photoshoot | Luxurious Satin Long Train Infinity Dress | Flowy Santorini Flying Dress | Photoshoot Gown | Long Flowy Dress,92.5,Dresses (Bridal/Formal),['silk'],IN,116,6206,https://www.etsy.com/listing/4339372122/flying-dress-for-photoshoot-luxurious,
"Elegant Lace Satin Sleepwear Set for Women, Premium Two Piece Cami and Shorts Pajama Set, Luxury Nightwear, Bridal Honeymoon Loungewear Gift",34.99,Dresses (Bridal/Formal),['cotton'],PK,5,56,https://www.etsy.com/listing/4550527075/elegant-lace-satin-sleepwear-set-for,
"Wedding Sash Belt, Bridesmaid Dress Sash",9.0,Dresses (Bridal/Formal),['polyester'],HK,1192,44275,https://www.etsy.com/listing/588297102/sashwedding-belthigh-quality-bridesmaid,
"Plus Size 5X Renaissance Dress, Lace-Up Smocked Bodice, Ren Faire Costume, WWC121 WildWomenCurves",106.99,Dresses (Casual),['rayon'],ID,146,2518,https://www.etsy.com/listing/4461588136/renaissance-dress-plus-size-5x-lace-up,
"Women&#39;s Chiffon Maxi Dress, Elegant Flowy Polyester Wedding Guest Party Wear",90.0,Dresses (Bridal/Formal),['polyester'],US,84,2242,https://www.etsy.com/listing/4539913649/womens-chiffon-maxi-dress-elegant-flowy,
White Textured Square Neck Mini Dress | Cottagecore Summer Bridal Shower Outfit,40.09,Dresses (Bridal/Formal),['linen'],TR,10,125,https://www.etsy.com/listing/4546130035/white-textured-square-neck-mini-dress,
"Striped kaftan - Perfect long dress, beachwear, spa robe, make great Christmas, Valentine Day, Anniversary or Birthday gifts",49.0,Dresses (Bridal/Formal),['cotton'],IN,3406,72683,https://www.etsy.com/listing/89001677/striped-kaftan-perfect-long-dress,
"Wrap Peplum Top Sewing Pattern, Linen Summer Blouse, Beginner Friendly (Instant Download)",6.03,Dresses (Casual),['linen'],PK,635,2807,https://www.etsy.com/listing/4504941102/wrap-peplum-top-sewing-pattern-linen,
"Indian Block Print Dress, Indian Cotton Dress, Cotton Maxi Dress, Cotton Midi Dress, Cotton Mini Dress, Floral Block Print, Indian Dress",44.0,Dresses (Casual),['cotton'],IN,176,9284,https://www.etsy.com/listing/4458506556/indian-block-print-dress-indian-cotton,
Naomi Belfort Little Black Dress The Wolf of Wall Street Costume,163.84,Dresses (Casual),['satin'],HK,1671,39502,https://www.etsy.com/listing/1339354670/naomi-belfort-little-black-dress-the,
Women&#39;s Linen Maxi Dress | Spaghetti Strap Summer Sundress | Loose Boho Beach Dress |,114.99,Dresses (Casual),['linen'],PK,64,1623,https://www.etsy.com/listing/4542648853/womens-linen-maxi-dress-spaghetti-strap,
Dress Fabric Colour Swatches for bridesmaid dress | swatch pack,2.68,Dresses (Bridal/Formal),['silk'],GB,142,20929,https://www.etsy.com/listing/1269483755/dress-fabric-colour-swatches-multiway,
"Women&#39;s Cotton Linen Blend Midi Dress: Short Sleeve, Button Detail, Loose Fit Summer Style",107.1866,Dresses (Casual),['cotton'],GB,18,975,https://www.etsy.com/listing/4550386472/womens-cotton-linen-blend-midi-dress,
Daisy Duck womens dress Disney bounding cosplay run Disney costume,54.0,Dresses (Casual),['Unknown'],US,166,5153,https://www.etsy.com/listing/4339818185/daisy-duck-womens-dress-disney-bounding,
"Olaf Snowman Elsa Princess Cosplay Wrap Skort Dress, Snowman Frozen Cosplay Dress, Snowman Costume Dress, Halloween Girls Trip Outfit",5.054,Dresses (Casual),['Unknown'],US,2,4,https://www.etsy.com/listing/4557250867/olaf-snowman-elsa-princess-cosplay-wrap,
FREE Fabric Swatches / Fabric Sample for Convertible Dress / Infinity Dress/ Multiway Dress/ Multi Wrap Dress,0.2,Dresses (Casual),['polyester'],US,1249,174428,https://www.etsy.com/listing/294772929/free-fabric-swatches-fabric-sample-for,
"Pleated Drape Shirt Dress | Printed Lapel Collar, Three-Quarter Sleeve (Polyester)",152.91,Dresses (Casual),['polyester'],US,0,1,https://www.etsy.com/listing/4556268485/pleated-drape-dress-printed-shirt-dress,
Tie Shoulder Top Sewing  dress Pattern PDF,2.99,Dresses (Casual),['cotton'],PK,198,963,https://www.etsy.com/listing/4521662612/tie-shoulder-top-sewing-dress-pattern,
Rhinestone Crystal Wrist Loop | Wedding Dress Train Carrier | Prom Bustle Alternative,45.0,Dresses (Bridal/Formal),['satin'],US,57,1173,https://www.etsy.com/listing/4479294171/crystal-rhinestone-wrist-loop-o-wedding,
"Forest Green Velvet Bavarian Dress, Embroidered Bodice, Oktoberfest Style Mini-Dress",79.99,Dresses (Casual),['velvet'],US,51,1081,https://www.etsy.com/listing/4526417444/forest-green-velvet-bavarian-dress,
Women&#39;s Long Sleeve Blazer Midi Dress for Office Party Wear,62.5,Dresses (Bridal/Formal),['Unknown'],GB,25,658,https://www.etsy.com/listing/4543358192/womens-long-sleeve-blazer-midi-dress-for,
"NinthIsle Made in Hawaii, Matching Aloha Shirt & Dress – Super Soft Bamboo Ginger Floral, Family Resort Wear Outfits, Wedding, Group, Gifts",32.0,Dresses (Bridal/Formal),['bamboo'],US,3207,203810,https://www.etsy.com/listing/822695943/ninthisle-made-in-hawaii-matching-aloha,
Boda/Wedding: Tie-strap midi dress - Flores Rositas,45.5,Dresses (Bridal/Formal),['Unknown'],US,0,1,https://www.etsy.com/listing/4557155972/bodawedding-tie-strap-midi-dress-flores,
"Renaissance Corset Dress Plus Size 5X, Lace Up Bodice, Ren Faire Costume, Smocked Waist, Flowy Rayon Goddess, WWC70B WildWomenCurves",106.99,Dresses (Casual),['rayon'],ID,912,15489,https://www.etsy.com/listing/4438111892/corset-dress-renaissance-lace-up-ren,
Gold Dragon V Neck Dress Long Sleeve Belted Wrap Mini Dress Vintage Asian Print Casual Party Dress Elegant Black Midi Dress Women Gift,43.6,Dresses (Casual),['Unknown'],AU,1,5,https://www.etsy.com/listing/4557122758/gold-dragon-v-neck-dress-long-sleeve,
"Erratic and rebellious crochet dress in satin, wearable art for the fearless.",450.0,Dresses (Bridal/Formal),['satin'],GB,0,1,https://www.etsy.com/listing/4557357087/erratic-and-rebellious-crochet-dress-in,
"Striped Maxi Shirt Dress, Oversized Boho Kaftan, Summer Beach Cover Up",149.98,Dresses (Casual),['linen'],US,56,1881,https://www.etsy.com/listing/4530880707/striped-maxi-shirt-dress-oversized-boho,
"Mustard Yellow Linen Midi Dress for Women, Sleeveless V Neck Fit and Flare Dress with Open Back, Handmade Summer Party Dress",119.0,Dresses (Casual),['linen'],PH,0,0,https://www.etsy.com/listing/4557153077/mustard-yellow-linen-midi-dress-for,
"Pleated Sleeveless Blouse Sewing Pattern, Tie-Front A-Line Top (PDF Download)",4.69,Dresses (Casual),['linen'],PK,134,922,https://www.etsy.com/listing/4537086734/pleated-sleeveless-blouse-sewing-pattern,
"Teal Blue Linen Wrap Dress for Women, Sleeveless V Neck Midi Dress with Tie Belt and Pockets, Handmade Summer Wrap Dress",119.0,Dresses (Casual),['linen'],PH,0,0,https://www.etsy.com/listing/4557167280/teal-blue-linen-wrap-dress-for-women,
"Hooded Linen Maxi Dress, Custom Long Sleeve Dress with Pockets, Romantic Cottagecore Gown, Summer Fall Flowy A Line Dress, Handmade Dress",105.02,Dresses (Bridal/Formal),['linen'],US,0,2,https://www.etsy.com/listing/4557150471/hooded-linen-maxi-dress-custom-long,
"Mint Green Pakistani Suit, Bespoke Custom 3 Piece, Resham Embroidery",250.0,Dresses (Bridal/Formal),['silk'],PK,0,0,https://www.etsy.com/listing/4557160018/mint-green-pakistani-suit-bespoke-custom,
"Light Blue Linen Wrap Dress, Notch Collar Sleeveless Maxi Dress, Custom Size Handmade Dress with Pockets, Tie Belt Dress",165.0,Dresses (Casual),['linen'],VN,0,2,https://www.etsy.com/listing/4557146477/light-blue-linen-wrap-dress-notch-collar,
"Women&#39;s Halloween Cosplay Tennis Dress Skirt, Witchy Bat Spider Web Dress, Dark Gothic Horror Costume Outfit",11.98,Dresses (Casual),['Unknown'],TH,0,0,https://www.etsy.com/listing/4557162388/womens-halloween-cosplay-tennis-dress,
Moonflower Nightgown Dress | Cottagecore Dress | Linen Dress | Vintage Inspired Handmade Dress,185.0,Dresses (Bridal/Formal),['cotton'],US,0,0,https://www.etsy.com/listing/4557142395/moonflower-nightgown-dress-cottagecore,
Handmade Silk Áo Dài Bà Ba Set: Vietnamese Traditional Dress Red,42.99,Dresses (Casual),['silk'],VN,0,1,https://www.etsy.com/listing/4557142019/handmade-silk-ao-dai-ba-ba-set,
"Upcycled Sweatshirt Flannel Dress, Patchwork Boho Dress, Size Medium.",79.99,Dresses (Casual),['knit'],US,0,2,https://www.etsy.com/listing/4557152136/upcycled-sweatshirt-flannel-dress,
Lightweight Denim Button Up Midi Dress,48.0,Dresses (Casual),['denim'],US,0,0,https://www.etsy.com/listing/4557152204/lightweight-denim-button-up-midi-dress,
Dirty Spokes Crew Mud Run Legends T Shirt Dress  All Over Print Off  Road Race Design,41.99,Dresses (Casual),['Unknown'],US,0,3,https://www.etsy.com/listing/4557152970/dirty-spokes-crew-mud-run-legends-t,
"High Waisted Wide Leg Pants Sewing Pattern (PDF), Linen Trousers, Sizes XS-5XL",6.7,Dresses (Casual),['linen'],PK,363,6006,https://www.etsy.com/listing/4467654606/high-waisted-wide-leg-pants-sewing,
"Light Blue Linen Midi Dress for Women, Sleeveless V Neck Fit and Flare Dress with Back Bow Tie, Handmade Elegant Summer Dress",119.0,Dresses (Casual),['linen'],PH,0,0,https://www.etsy.com/listing/4557149159/light-blue-linen-midi-dress-for-women,
"Hooded Linen Midi Dress, Oversized Long Sleeve Lounge Dress with Pockets,Summer Minimalist Boho Kaftan, Plus Size Loose Sweatshirt Dress",105.02,Dresses (Bridal/Formal),['linen'],US,0,0,https://www.etsy.com/listing/4557148093/hooded-linen-midi-dress-oversized-long,
"Cacao Brown Linen Wrap Dress, V Neck Cap Sleeve Midi Dress, Custom Size Handmade Linen Dress with Pockets, Tie Belt Everyday Dress",165.0,Dresses (Casual),['linen'],VN,0,0,https://www.etsy.com/listing/4557143353/cacao-brown-linen-wrap-dress-v-neck-cap,
Embroidered Vietnamese Silk Ao Dai Ba Ba Set  Gray : Traditional Outfit,43.99,Dresses (Casual),['silk'],VN,0,0,https://www.etsy.com/listing/4557156834/embroidered-vietnamese-silk-ao-dai-ba-ba,
Kids Donald Duck Costume Halloween Sailor Cosplay Outfit Not So Scary Cartoon Three Caballeros Twirl Dress WDW Park Bounding Outfit Party,50.0,Dresses (Casual),['Unknown'],US,0,2,https://www.etsy.com/listing/4557149906/kids-donald-duck-costume-halloween,
"Beige Pakistani 3 Piece Suit, Resham Embroidery, Custom Made",250.0,Dresses (Casual),['silk'],PK,0,2,https://www.etsy.com/listing/4557125129/beige-pakistani-3-piece-suit-resham,
"Navy Satin Gown, Formal Mermaid Dress, Puff Short Sleeves, Lace‑Up Back, Fitted Silhouette",315.0,Dresses (Bridal/Formal),['silk'],US,0,0,https://www.etsy.com/listing/4557122057/navy-satin-gown-formal-mermaid-dress,
"Avant Garde Green Maxi Dress, High Neck Kimono Cotton Denim Gown with Pockets, Modern Belted Zip Front Casual Outfit MERCES",194.0,Dresses (Bridal/Formal),['cotton'],UA,1,1,https://www.etsy.com/listing/4557591093/avant-garde-green-maxi-dress-high-neck,
African dress(Aso oke),79.99,Dresses (Casual),['Unknown'],US,0,0,https://www.etsy.com/listing/4557116001/african-dressaso-oke,
"Traditional Palestinian special thobe – Intricate Beaded Embroidery, Heavy Beading For a Special one",649.99,Dresses (Casual),['Unknown'],US,0,7,https://www.etsy.com/listing/4557115657/special-traditional-thobe-intricate,
Maxi Dress PDF Sewing Pattern | Cottagecore Floral Puff Sleeve Dress (Digital Download),4.69,Dresses (Casual),['Unknown'],PK,226,1624,https://www.etsy.com/listing/4528162844/maxi-dress-pdf-sewing-pattern,
"White Linen Wrap Dress, V Neck Spaghetti Strap Maxi Dress, Custom Size Handmade Linen Dress, Tie Belt Resort Dress",165.0,Dresses (Casual),['linen'],VN,0,0,https://www.etsy.com/listing/4557136483/white-linen-wrap-dress-v-neck-spaghetti,
Embroidered Vietnamese Silk Ao Dai Ba Ba Set  Puprle : Traditional Outfit,43.99,Dresses (Casual),['silk'],VN,0,0,https://www.etsy.com/listing/4557151002/embroidered-vietnamese-silk-ao-dai-ba-ba,
"Navy Blue Embroidered Pakistani Suit, Georgette or Butter Silk",250.0,Dresses (Bridal/Formal),['silk'],PK,0,0,https://www.etsy.com/listing/4557110235/navy-blue-embroidered-pakistani-suit,
Navy Blue Palestinian Special Thobe Tatreez  Luxury,349.99,Dresses (Casual),['Unknown'],US,0,2,https://www.etsy.com/listing/4557131022/navy-blue-palestinian-special-thobe,
100% Cotton Ankara+Asooke Bubu Dress-One Size Fits All,75.0,Dresses (Casual),['cotton'],US,0,4,https://www.etsy.com/listing/4557129300/100-cotton-ankaraasooke-bubu-dress-one,
Boots Boho t-shirt dress,45.0,Dresses (Casual),['Unknown'],US,0,4,https://www.etsy.com/listing/4557114241/boots-boho-t-shirt-dress,
Science Flask Dress | Teacher Midi Dress,69.99,Dresses (Casual),['Unknown'],US,0,2,https://www.etsy.com/listing/4557105733/science-flask-dress-teacher-midi-dress,
"Burgundy Velvet Dirndl Dress, Black Skirt, Satin Apron, Bavarian Trachten Set German Oktoberfest Dress",249.0,Dresses (Casual),['velvet'],PK,0,12,https://www.etsy.com/listing/4557126944/burgundy-velvet-dirndl-dress-black-skirt,
Custom Ballroom Dance Dress:  Latin Samba Rumba Swing Salsa Fringe Gown,952.0,Dresses (Bridal/Formal),['Unknown'],CN,1,6,https://www.etsy.com/listing/4557123230/custom-ballroom-dance-dress-latin-samba,
Beige Buckskin Fringe Dress | Western Long Fringe Dress | Womens Tan Suede Dress | Western Buckskin Dress | Boho Western Fringe Dress,59.0,Dresses (Bridal/Formal),['leather'],US,0,0,https://www.etsy.com/listing/4557122348/beige-buckskin-fringe-dress-western-long,
Women&#39;s Buckskin Fringe Dress | Western Long Fringe Dress | Tan Suede Fringe Dress | Western Buckskin Dress | Boho Fringe Dress Women,59.0,Dresses (Bridal/Formal),['leather'],US,0,0,https://www.etsy.com/listing/4557121242/womens-buckskin-fringe-dress-western,
"M-3XL Denim Flower Sweatshirt Tunic: Boho farmhouse top Comfortable, Custom, Oversized",49.99,Dresses (Casual),['denim'],US,0,0,https://www.etsy.com/listing/4557102619/m-3xl-denim-flower-sweatshirt-tunic-boho,
"Bohemian Balloon Pants PDF Sewing Pattern, Harem Trousers (Digital Download)",7.37,Dresses (Casual),['linen'],PK,958,6707,https://www.etsy.com/listing/4490761561/bohemian-balloon-pants-pdf-sewing,
Beige Palestinian Thobe Tatreez Dress Luxury,269.99,Dresses (Casual),['Unknown'],US,0,2,https://www.etsy.com/listing/4557129730/beige-palestinian-thobe-tatreez-dress,
100% Cotton+Asooke Fringe Dress-One Size Fits All,68.0,Dresses (Casual),['cotton'],US,0,0,https://www.etsy.com/listing/4557111175/100-cottonasooke-fringe-dress-one-size,
Custom Ballroom Dance Dress:  Latin Samba Rumba Swing Salsa Fringe Gown,985.0,Dresses (Bridal/Formal),['Unknown'],CN,0,2,https://www.etsy.com/listing/4557122648/custom-ballroom-dance-dress-latin-samba,
"Olive Satin Jersey Infinity Dress with Pockets, Convertible Bridesmaid Gown, Plus Size Maxi",29.99,Dresses (Bridal/Formal),['satin'],US,0,0,https://www.etsy.com/listing/4557119022/black-satin-jersey-infinity-dress-with,
"Cottagecore Off Shoulder Victorian Corset Dress, Ruffle Asymmetric Hem",99.98,Dresses (Casual),['Unknown'],PK,0,6,https://www.etsy.com/listing/4557099503/cottagecore-off-shoulder-victorian,
"Linen Two Piece Set, Maxi Skirt & Crop Top, Summer Vacation Outfit",218.0,Dresses (Casual),['linen'],CN,0,6,https://www.etsy.com/listing/4557113688/linen-two-piece-set-maxi-skirt-crop-top,
Rock Hand Sign Pattern T-Shirt Dress | White All Over Print | Skeleton Heart Hand Halloween Dress,69.99,Dresses (Casual),['Unknown'],US,0,0,https://www.etsy.com/listing/4557096827/rock-hand-sign-pattern-t-shirt-dress,
"Elegant  Satin Kaftan Maxi Dress, Oversized Summer Boho Lounge Caftan Long Gown",58.99,Dresses (Bridal/Formal),['silk'],US,31,1240,https://www.etsy.com/listing/4540236231/elegant-satin-kaftan-maxi-dress,
"Halloween Mickey Tennis Dress, Mickey Minnie Pumpkin Outfits, Mother Daughter Spooky Dress, Halloween Town Activewear Kids Ruffle Dress",10.99,Dresses (Casual),['Unknown'],US,14,416,https://www.etsy.com/listing/4525445014/halloween-mickey-tennis-dress-mickey,
"Lemon Maxi Dress, Watercolor Citrus Print, Sleeveless V-Neck, Pockets, Resort Style",74.9,Dresses (Casual),['Unknown'],US,3,133,https://www.etsy.com/listing/4532453453/lemon-maxi-dress-watercolor-citrus-print,
Clothes for Chelsea dolls.,12.716,Dresses (Casual),['Unknown'],ES,176,9904,https://www.etsy.com/listing/1728200109/clothes-for-chelsea-dolls,
Custom Order - 29,95.0,Dresses (Casual),['Unknown'],VN,2,675,https://www.etsy.com/listing/1200456929/custom-order,
Bustier dress pattern| sewing Pattern|Bustier pattern|corset dress pattern|Bustier mididress|sewing patterns for women,7.8975,Dresses (Bridal/Formal),['Unknown'],MA,68,683,https://www.etsy.com/listing/4339150250/bustier-dress-pattern-sewing,
"Hand Block Floral Cotton Kaftan Dress, Boho Maxi Beach Cover Up, Loose Lounge Wear",45.5,Dresses (Casual),['cotton'],IN,196,4150,https://www.etsy.com/listing/4525016796/hand-block-floral-cotton-kaftan-dress,
"Fitted Chantilly Lace Sleeves, Detachable Wedding Gown Sleeves, Wedding Accessory, Removable Dress Sleeves",62.0,Dresses (Bridal/Formal),['lace'],US,198,3826,https://www.etsy.com/listing/4508788977/fitted-chantilly-lace-sleeves-detachable,
OES (Pentagon Up) Core365 Polo,24.99,Dresses (Casual),['Unknown'],US,171,7403,https://www.etsy.com/listing/1883766674/oes-pentagon-up-core365-polo,
"Green Stripe Cotton Midi Dress, Boho Pockets, Balloon Sleeve Cottagecore Outfit",90.0,Dresses (Casual),['cotton'],IN,42,627,https://www.etsy.com/listing/4550518217/green-stripe-cotton-midi-dress-boho,
"Rose Tinted Elegance Bali Kutubaru Kebaya Top for Graduation and Party,Bali Kebaya,Balinese Dress,Kebaya Bali,Bali Blouse,Balinese Kebaya",35.09,Dresses (Casual),['Unknown'],ID,14,865,https://www.etsy.com/listing/4392355675/rose-tinted-elegance-bali-kutubaru,
Linen Slip Dress JUDRA: Short Sleeve Knee Length Linen Elegance,107.0,Dresses (Bridal/Formal),['linen'],LT,418,33597,https://www.etsy.com/listing/1767288123/linen-slip-dress-judra-short-sleeve-knee,
"Timeless Linen Maxi Dress PDF Sewing Pattern, V-Neck Long Sleeve (Digital Download)",7.37,Dresses (Casual),['linen'],PK,330,2676,https://www.etsy.com/listing/4466797546/timeless-linen-maxi-dress-pdf-sewing,
100% Cotton Ankara+Asooke Dress-One Size Fits All,65.0,Dresses (Casual),['cotton'],US,0,0,https://www.etsy.com/listing/4557125988/100-cotton-ankaraasooke-dress-one-size,
New Blue Palestinian Thobe Tatreez Dress Luxury,269.99,Dresses (Casual),['Unknown'],US,1,8,https://www.etsy.com/listing/4557109777/new-blue-palestinian-thobe-tatreez-dress,
Custom Ballroom Dance Dress:  Latin Samba Rumba Swing Salsa Fringe Gown,965.0,Dresses (Bridal/Formal),['Unknown'],CN,0,0,https://www.etsy.com/listing/4557105753/custom-ballroom-dance-dress-latin-samba,
"Vintage Satin Midi Dress, Deep V Neck Mesh Party Dress, Tie Strap Back Bow Ruffle Hem Wedding Guest Dress, Romantic Summer Gown",215.878,Dresses (Bridal/Formal),['satin'],CA,0,9,https://www.etsy.com/listing/4557102213/vintage-satin-midi-dress-deep-v-neck,
"Linen Blend Midi Dress, V-Neck 3/4 Sleeve Boho Casual Dress with Pockets",70.0,Dresses (Casual),['linen'],US,24,1213,https://www.etsy.com/listing/4534144412/linen-blend-midi-dress-v-neck-34-sleeve,
Women&#39;s Boho Floral Maxi Dress V Neck Short Sleeve Casual Summer Beach Vacation Outfit,60.0,Dresses (Casual),['Unknown'],US,37,3493,https://www.etsy.com/listing/4535129255/womens-boho-floral-maxi-dress-v-neck,
Boho Dress Lace Maxi Dress Floral V Neck Bell Sleeve Romantic Summer,125.993,Dresses (Bridal/Formal),['lace'],AU,13,149,https://www.etsy.com/listing/4554859635/boho-dress-lace-maxi-dress-floral-v-neck,
"Chiffon color Sample ,chiffon sample",0.38,Dresses (Bridal/Formal),['chiffon'],HK,532,28310,https://www.etsy.com/listing/683781283/chiffon-color-sample-chiffon-sample,
Wedding Dress Train Protector,75.0,Dresses (Bridal/Formal),['Unknown'],US,161,3266,https://www.etsy.com/listing/4352196907/wedding-dress-train-protector,
Linen Cotton Matching Set – Women&#39;s Button Up Shirt & Relaxed Pants,65.0,Dresses (Casual),['cotton'],US,164,2337,https://www.etsy.com/listing/4539343103/linen-cotton-matching-set-womens-button,
"Lace Bridal Gloves Clara: Beaded Wedding Sleeves, Vintage Style",180.0,Dresses (Bridal/Formal),['lace'],UA,2465,38166,https://www.etsy.com/listing/4312562791/lace-bridal-gloves-clara-beaded-wedding,
"Beige Cotton Linen Maxi Dress: Loose Fit, Short Sleeve, Bohemian Beach Vacation Outfit F627",102.92,Dresses (Casual),['cotton'],PH,91,3968,https://www.etsy.com/listing/4520545410/beige-cotton-linen-maxi-dress-loose-fit,
Wrap Crop Top Sewing Pattern | Women Tie Front Top PDF Pattern | Modern Blouse Sewing Pattern | Digital Download XS–XL,10.99,Dresses (Casual),['Unknown'],PK,73,513,https://www.etsy.com/listing/4409613716/wrap-crop-top-sewing-pattern-o-women-tie,
"White 4&quot; Wedding Dress Clamps, Fitting Clip, Bridal Clips, Seamstress Clips, Mannequin Clips,Tie Back Clips, Alligator Clips, Clamp Clip",67.0,Dresses (Bridal/Formal),['Unknown'],GB,107,12737,https://www.etsy.com/listing/1009680953/white-4-wedding-dress-clamps-fitting,
"Bridesmaid Dress, Olive Green Maxi Bridesmaid Dress, Bridal Party Convertible Dress, Multiway Infinity Dress, Custom Dress for Wedding",59.0,Dresses (Bridal/Formal),['spandex'],US,1037,92502,https://www.etsy.com/listing/1429111610/bridesmaid-dress-olive-green-maxi,
"Elegant Lace Boho Maxi Dress, Pleated High Waist Dress, Flowy Summer Party Gown, Romantic Wedding Guest Dress",415.0,Dresses (Bridal/Formal),['lace'],PK,54,1079,https://www.etsy.com/listing/4544541822/elegant-lace-boho-maxi-dress-pleated,
"Boho Linen Jumpsuit Women, Wide Leg Overall Romper, Loose Fit Summer Overalls, Adjustable Strap, Casual Dress Outfit",50.713719999999995,Dresses (Casual),['linen'],FR,94,2026,https://www.etsy.com/listing/4519245652/boho-linen-jumpsuit-women-wide-leg,
"Linen Sleeveless Maxi Dress For Women, Minimalist Linen Tank Dress, V-Neck Boho Relaxed Fit Summer Sun Dress",94.32,Dresses (Bridal/Formal),['linen'],IN,114,3758,https://www.etsy.com/listing/4532105496/linen-sleeveless-maxi-dress-for-women,
"Linen Halter Maxi Dress Women, Backless Linen Dress, Summer Linen Dress, Open Back Dress, Resort Wear Dress, Minimalist Linen Clothing",131.0,Dresses (Casual),['linen'],IN,354,6183,https://www.etsy.com/listing/4512140298/linen-halter-maxi-dress-women-backless,
"Indian Hand Block Print Dress, Blue Floral Cotton Midi Dress, Puff Sleeve Boho Dress, Gathered Summer Dress, Block Printed Tunic Dress",77.05,Dresses (Casual),['cotton'],IN,266,12081,https://www.etsy.com/listing/4496645604/indian-hand-block-print-dress-blue,
Convertible Multi Wrap Dress – Infinity Bridesmaid Gown,67.99,Dresses (Bridal/Formal),['Unknown'],US,151,7943,https://www.etsy.com/listing/4436947235/convertible-multi-wrap-dress-infinity,
"Cottagecore Maxi Dress Sewing Pattern | Corset Bodice, Lace Up Back (Digital Download)",9.38,Dresses (Casual),['lace'],PK,369,1965,https://www.etsy.com/listing/4530785972/cottagecore-maxi-dress-sewing-pattern,
Oliver Green and Maroon Palestinian Thobe Tatreez Dress Luxury,269.99,Dresses (Casual),['Unknown'],US,0,1,https://www.etsy.com/listing/4557125208/oliver-green-and-maroon-palestinian,
100% Cotton Ankara + Asooke Dress-One Size Fits All,70.0,Dresses (Casual),['cotton'],US,0,0,https://www.etsy.com/listing/4557119616/100-cotton-ankara-asooke-dress-one-size,
Women Button Down Shirt Dress |  | Short Sleeve Pocket Dress | Minimalist Everyday Outfit,60.0,Dresses (Casual),['Unknown'],US,41,841,https://www.etsy.com/listing/4489770079/women-button-down-shirt-dress-short,
Rust Bridesmaid Dress infinity Dress  Wrap dress Convertible Dress Wedding Gift-H75#,69.0,Dresses (Bridal/Formal),['polyester'],US,1295,87188,https://www.etsy.com/listing/962727164/rust-bridesmaid-dress-infinity-dress,
"Abstract Print A-Line Mini Dress with Pockets, Retro Resort Summer Style",59.9,Dresses (Casual),['Unknown'],US,16,372,https://www.etsy.com/listing/4521232678/abstract-print-a-line-mini-dress-with,
Covering the price difference | Special link for shipping & difference payments,40.09007999999999,Dresses (Casual),['Unknown'],RO,3,412,https://www.etsy.com/listing/1818491153/covering-the-price-difference-special,
"Elegant One Shoulder Maxi Dress – Draped High Waist Split Gown, Long Sleeve Party Dress Women, Slim Fit Evening Dress",100.99,Dresses (Bridal/Formal),['Unknown'],PK,151,2614,https://www.etsy.com/listing/4507985594/elegant-one-shoulder-maxi-dress-draped,
"Custom Name Haunted Mansion Skater Dress, Maid Cosplay Mom Daughter Dress, Disney Women Dress, Personalized Halloween Disneyland Trip Outfit",10.0,Dresses (Casual),['Unknown'],US,21,452,https://www.etsy.com/listing/4542146418/custom-name-haunted-mansion-skater-dress,
Straight Skirt Pattern | Eu 32–52 | A4 A0 Us letter | Bonus Pattern Included,8.44,Dresses (Casual),['cotton'],TR,26,464,https://www.etsy.com/listing/4401706745/straight-skirt-pattern,
"Designer Pink Blue Skater Dress, Gradient Watercolor Sundress, Custom Printed Mini Dress, Exclusive Aesthetic Dress, Vibrant Swirl Outfit",68.0,Dresses (Casual),['Unknown'],KZ,0,22,https://www.etsy.com/listing/4554659924/designer-pink-blue-skater-dress-gradient,
"White Linen Maxi Dress: Long Sleeve V-Neck, Loose Fit Dress with Pockets",182.0,Dresses (Casual),['linen'],IN,998,29891,https://www.etsy.com/listing/1778994258/white-linen-maxi-dress-long-sleeve-v,
"Mickey Minnie Ghost Halloween Skater Dress, Spooky Pumpkin Black Sundress",18.0,Dresses (Casual),['Unknown'],PH,2,18,https://www.etsy.com/listing/4553302642/mickey-minnie-ghost-halloween-skater,
"Boho Maxi Dress Women, Button Front Shirt Style, Long Sleeve Cotton Linen Outfit",122.44,Dresses (Casual),['cotton'],PK,266,7853,https://www.etsy.com/listing/4519555529/boho-maxi-dress-women-button-front-shirt,
"Indian Cotton Kaftan: Floral Print, Adjustable Drawstring Waist",35.56,Dresses (Casual),['cotton'],IN,865,34874,https://www.etsy.com/listing/1136756299/indian-cotton-kaftan-floral-print,
"Ivory Satin Wedding Skirt, Handmade Full Bridal Prom Skirts",89.99,Dresses (Bridal/Formal),['satin'],CN,2462,76921,https://www.etsy.com/listing/1866058916/ivory-satin-prom-skirt-floor-length,
Personalized | Lace Maternity Dress | Chiffon Pregnancy Gown | Boat Neck Photoshoot Dress | Pleated Maxi Baby Shower Gown,123.193,Dresses (Bridal/Formal),['chiffon'],AU,2,75,https://www.etsy.com/listing/4553092340/personalized-lace-maternity-dress,
"Sharktification Shark T-Shirt Dress, Colorful Ocean Shark Dress, Shark Lover Gift, Summer Graphic Dress, Ocean Animal Dress, Beachwear",45.99,Dresses (Casual),['Unknown'],US,0,10,https://www.etsy.com/listing/4557152855/sharktification-shark-t-shirt-dress,
"Boho Lace Maxi Dress: Deep V Neck, Flare Sleeve, Vintage Embroidery Crochet Style",157.493,Dresses (Casual),['lace'],AU,0,0,https://www.etsy.com/listing/4557170040/boho-lace-maxi-dress-deep-v-neck-flare,
"Plus Size Boho Maxi Dress, Vintage Printed Sleeveless Dress, Round Neck Summer Dress, Bohemian Casual Dress, Flowy Vacation Maxi Dress",111.993,Dresses (Casual),['Unknown'],AU,0,0,https://www.etsy.com/listing/4557153323/plus-size-boho-maxi-dress-vintage,
White Cotton Lace Midi Dress for Women | V Neck Boho Beach Outfit | Flutter Sleeve Smocked Waist | Summer Wedding Guest Vacation Style,102.193,Dresses (Bridal/Formal),['cotton'],AU,0,0,https://www.etsy.com/listing/4557153431/white-cotton-lace-midi-dress-for-women-v,
"Boho Dress, Maxi Dress, Summer Dress, Green Dress, Party Dress, Tiered Dress, V Neck Dress, Sleeveless Flowy Dress",111.993,Dresses (Casual),['Unknown'],AU,0,0,https://www.etsy.com/listing/4557169168/boho-dress-maxi-dress-summer-dress-green,
"Linen Two Piece Outfit Sewing Pattern, Wide Leg Pants, Summer Top (PDF Download)",8.040000000000001,Dresses (Casual),['linen'],PK,1629,16114,https://www.etsy.com/listing/4467514015/linen-two-piece-outfit-sewing-pattern,
Malka Luxury Special Thobe in a new burgundy color,549.99,Dresses (Casual),['velvet'],US,1,5,https://www.etsy.com/listing/4557101561/malka-luxury-special-thobe-in-a-new,
100% Cotton Short Ankara Dress-One Size Fits All,48.5,Dresses (Casual),['cotton'],US,0,0,https://www.etsy.com/listing/4557111014/100-cotton-short-ankara-dress-one-size,
Boho Lace Midi Dress: V-Neck Ruffle Long Sleeve Vintage Crochet Embroidery Party,150.493,Dresses (Casual),['lace'],AU,0,0,https://www.etsy.com/listing/4557152427/boho-lace-midi-dress-v-neck-ruffle-long,
"Western Cowgirl Corset Dress, High Low Ruffle Dress, Sweetheart Neck Country Dress, Rodeo Concert Dress, Modern Cowgirl Outfit",104.993,Dresses (Casual),['Unknown'],AU,0,3,https://www.etsy.com/listing/4557152907/western-cowgirl-corset-dress-high-low,
"Women&#39;s Maxi Dress, Summer Dress, Boho Dress, V Neck Dress, Flowy Tiered Dress, Ruffle Hem Dress, Casual Beach Dress",128.513,Dresses (Casual),['Unknown'],AU,1,3,https://www.etsy.com/listing/4557151983/womens-maxi-dress-summer-dress-boho,
Floral Printed Maxi Dress for Women | V Neck Boho Beach Outfit | Sleeveless Pocket Sundress | Summer Vacation Resort Holiday Style,105.693,Dresses (Casual),['Unknown'],AU,0,0,https://www.etsy.com/listing/4557168178/floral-printed-maxi-dress-for-women-v,
Boho Wedding Dress Lace Bridal Gown Beach Wedding Dress Long Sleeve Elopement,125.993,Dresses (Bridal/Formal),['lace'],AU,1,0,https://www.etsy.com/listing/4557151979/boho-wedding-dress-lace-bridal-gown,
"Ethnic Print Maxi Dress Women, Vintage Boho V Neck Dress, Short Sleeve Summer Dress, Tribal Print Long Dress, Casual Vacation Dress",118.993,Dresses (Casual),['Unknown'],AU,0,0,https://www.etsy.com/listing/4557167868/ethnic-print-maxi-dress-women-vintage,
"Hand Block Print Floral  Dress for Women, Blue Cotton Sundress, Square Neck Sleeveless Dress, A-Line Long Summer Dress with Pockets",188.64,Dresses (Casual),['cotton'],IN,0,7,https://www.etsy.com/listing/4557167558/hand-block-print-floral-dress-for-women,
"Hand Block Print Cotton Dress, White Red Floral Boho, Ankle Length, Made in India",59.211999999999996,Dresses (Casual),['cotton'],IN,0,0,https://www.etsy.com/listing/4557165528/hnad-block-print-cotton-dressfloral,
"Boho Dress, Mini Dress, Party Dress, Summer Dress, Fringe Dress, Western Dress, Deep V Neck Dress, Sleeveless Bodycon Dress",111.993,Dresses (Casual),['Unknown'],AU,0,0,https://www.etsy.com/listing/4557148575/boho-dress-mini-dress-party-dress-summer,
Embroidered-Style Patchwork Floral DressWomen&#39;s Skater Dress (AOP),49.99,Dresses (Casual),['Unknown'],JP,0,4,https://www.etsy.com/listing/4557150024/embroidered-style-patchwork-floral,
"Navy Champagne Pink Off The Shoulder Satin Evening Gown, Draped Mermaid Formal Dress, Corset Lace‑Up Back Bridesmaid Dress With Train",362.984,Dresses (Bridal/Formal),['satin'],RO,0,0,https://www.etsy.com/listing/4557137349/navy-champagne-pink-off-the-shoulder,
"Rust Lace Maxi Dress, Boho Square Neck Cami Dress, Sleeveless Flowy Summer Dress, Romantic Vacation Beach Dress, Lace Patchwork Sundress",208.658,Dresses (Casual),['lace'],CA,0,2,https://www.etsy.com/listing/4557129477/rust-lace-maxi-dress-boho-square-neck,
Black Maternity Photo Dress · Open Belly Gown · Pregnancy Photoshoot · Mermaid Maternity Dress · Baby Shower,150.1644,Dresses (Bridal/Formal),['Unknown'],FR,0,0,https://www.etsy.com/listing/4557139102/black-maternity-photo-dress-open-belly,
"African Tunic tie & dye Dress, Colorful Adire Loose Fit Summer Outfit",62.084779999999995,Dresses (Casual),['Unknown'],CA,0,1,https://www.etsy.com/listing/4557107173/african-tunic-tie-dye-dress-colorful,
Elbow Length Wedding Veil: 80cm Tulle with White Satin Trim,45.0,Dresses (Bridal/Formal),['satin'],US,0,37,https://www.etsy.com/listing/4370640717/elbow-length-wedding-veil-80cm-tulle,
Wildflower Wedding Dress: Colorful 3D Lace A-Line Bohemian Gown,369.98,Dresses (Bridal/Formal),['polyester'],CN,5324,167435,https://www.etsy.com/listing/1644809070/wildflower-wedding-dress-colorful-3d,
Boho Wrap Wide-Leg Pants PDF Sewing Pattern | Beginner-Friendly Linen Pants,7.37,Dresses (Casual),['linen'],PK,924,6062,https://www.etsy.com/listing/4471817677/boho-wrap-wide-leg-pants-pdf-sewing,
Gray and orange Palestinian Thobe Tatreez Dress Luxury,269.99,Dresses (Casual),['Unknown'],US,0,9,https://www.etsy.com/listing/4557113522/gray-and-orange-palestinian-thobe,
Boho Green Maxi Dress: Sleeveless V-Neck Tiered Flowy Vintage Summer Style,150.493,Dresses (Casual),['Unknown'],AU,0,1,https://www.etsy.com/listing/4557167288/boho-green-maxi-dress-sleeveless-v-neck,
Lace Wedding Dress Long Sleeve Bridal Gown Cathedral Train A Line Wedding Gown,132.993,Dresses (Bridal/Formal),['lace'],AU,1,0,https://www.etsy.com/listing/4557150749/lace-wedding-dress-long-sleeve-bridal,
"Boho Lace Maternity Dress, Pregnancy Photoshoot Gown with Cape, V Neck Baby Shower Dress, Flowy Maternity Photography Gown",104.993,Dresses (Bridal/Formal),['lace'],AU,0,0,https://www.etsy.com/listing/4557167136/boho-lace-maternity-dress-pregnancy,
"Floral Embroidered Maxi Dress, Vintage Boho Dress Women, O Neck Lantern Sleeve Dress, Beach Summer Maxi Dress, Elegant Bohemian Dress",118.993,Dresses (Casual),['Unknown'],AU,0,0,https://www.etsy.com/listing/4557150077/floral-embroidered-maxi-dress-vintage,
Floral Maxi Dress | V Neck Beach Dress | Sleeveless Pocket Dress | Boho Summer Vacation Outfit,98.693,Dresses (Casual),['lace'],AU,2,1,https://www.etsy.com/listing/4557148305/floral-maxi-dress-v-neck-beach-dress,
"Denim Western Dress, Women&#39;s Cowboy Dress, Boho Denim Dress, Western Maxi Dress, Ruffle Flare Dress, Vintage Cowgirl Dress",121.37299999999998,Dresses (Casual),['denim'],AU,0,0,https://www.etsy.com/listing/4557147883/denim-western-dress-womens-cowboy-dress,
"Pink Linen Maxi Dress for Women, Sleeveless Square Neck Dress, Summer Dress with Pockets, Casual Long Beach Dress, Minimalist Boho Dress",188.64,Dresses (Casual),['linen'],IN,0,0,https://www.etsy.com/listing/4557158508/pink-linen-maxi-dress-for-women,
"Boho Dress, Maxi Dress, Summer Dress, Party Dress, Beach Dress, Deep V Neck Dress, Flowy Sundress, Vacation Dress",104.993,Dresses (Bridal/Formal),['Unknown'],AU,0,0,https://www.etsy.com/listing/4557157578/boho-dress-maxi-dress-summer-dress-party,
Smocked Ruffle Co-ord Set · Boho Two Piece · Bandeau Crop Top Mini Skirt · Beach Vacation Outfit · Cream Matching Set,80.8044,Dresses (Casual),['Unknown'],FR,0,0,https://www.etsy.com/listing/4557132860/white-lace-maternity-gown-boho-pregnancy,
"Mustard Yellow Floral Hand Block Print Maxi Dress, Pink Flower Cotton Tiered Dress, Boho Summer Dress",49.99,Dresses (Casual),['cotton'],IN,1,37,https://www.etsy.com/listing/4556693466/mustard-yellow-floral-hand-block-print,
Vintage-style Kimono Dress | Black Rayon Shift with vintage kimono trim  s/m,75.0,Dresses (Casual),['silk'],US,0,0,https://www.etsy.com/listing/4557729744/vintage-style-kimono-dress-black-rayon,
Black Victorian Garden Party Maxi Dress | Extra Long Lace Ruffle Hem Gown | Elegant Carnival Prom Dress | Vintage Style Formal Gown,168.103,Dresses (Bridal/Formal),['lace'],US,0,3,https://www.etsy.com/listing/4557708265/black-victorian-garden-party-maxi-dress,
"Bookish Magic Teacher Midi Dress with Pockets - black, caramel, dark teal, burgundy",69.99,Dresses (Casual),['Unknown'],US,0,0,https://www.etsy.com/listing/4557568574/bookish-magic-teacher-midi-dress-with,
"Christmas Cotton Kaftan for Women, Holiday Kaftan Dress, Festive Lounge Wear, Beach Cover Up",73.36,Dresses (Casual),['cotton'],IN,19,721,https://www.etsy.com/listing/4532652481/christmas-cotton-kaftan-for-women,
Zebra Print Ruched Mini Dress with Gold-Tone Metal Details,99.99,Dresses (Casual),['Unknown'],TR,0,0,https://www.etsy.com/listing/4557722652/zebra-print-ruched-mini-dress-with-gold,
Cincinnati Sleeveless Dress,29.0,Dresses (Casual),['Unknown'],US,0,0,https://www.etsy.com/listing/4557722252/cincinnati-sleeveless-dress,
"Women&#39;s Wide Leg Jumpsuit Sewing Pattern, Sleeveless Romper, Elastic Waist (PDF Download)",6.03,Dresses (Casual),['linen'],PK,355,2356,https://www.etsy.com/listing/4525752397/womens-wide-leg-jumpsuit-sewing-pattern,
Western Fringe Mini Dress Women Deep V Sleeveless Zipper Bodycon Cowgirl Country Concert Dress,136.493,Dresses (Casual),['Unknown'],AU,0,0,https://www.etsy.com/listing/4557149971/western-fringe-mini-dress-women-deep-v,
Mini Dress White Satin Ruffle Dress Cocktail Party Homecoming Bridal Shower Outfit,132.993,Dresses (Bridal/Formal),['satin'],AU,0,0,https://www.etsy.com/listing/4557149417/mini-dress-white-satin-ruffle-dress,
"Boho Lace Mini Dress, Western Bell Sleeve Dress, V Neck Asymmetrical Dress, Cowgirl Festival Dress, Vintage Bohemian Dress",104.993,Dresses (Casual),['lace'],AU,0,0,https://www.etsy.com/listing/4557164574/boho-lace-mini-dress-western-bell-sleeve,
"Spaghetti Strap Maxi Dress Women, Beach Summer Dress, Elastic Waist Maxi Dress, Solid Color Vacation Dress, Boho Holiday Party Dress",111.993,Dresses (Casual),['Unknown'],AU,0,0,https://www.etsy.com/listing/4557164284/spaghetti-strap-maxi-dress-women-beach,
Boho Paisley Mini Dress | High Low Beach Dress | Puff Sleeve Sundress | Vintage Vacation Outfit,104.993,Dresses (Casual),['Unknown'],AU,0,1,https://www.etsy.com/listing/4557163036/boho-paisley-mini-dress-high-low-beach,
"Maternity Photoshoot Dress, White Lace Maternity Dress, Pregnancy Gown, Boho Maternity Dress, Baby Shower Dress, Long Sleeve Gown",135.653,Dresses (Bridal/Formal),['lace'],AU,0,9,https://www.etsy.com/listing/4557145007/maternity-photoshoot-dress-white-lace,
White Lace Maternity Gown · Boho Photography Dress · Sheer Pregnancy Photo Prop · Flowy Maternity Robe,161.7244,Dresses (Bridal/Formal),['lace'],FR,0,0,https://www.etsy.com/listing/4557130214/white-lace-maternity-gown-boho,
Black Goth Twill Pleated Babydoll Dress with Empire Waist Custom Size Plus,124.95,Dresses (Casual),['Unknown'],CA,0,0,https://www.etsy.com/listing/4557696389/black-goth-twill-pleated-babydoll-dress,
"Mother of Bride Dress, Lace Square Neck, 3/4 Sleeves, Crystal Waist Embellished Satin Formal Gown, Custom Made to Order, Silver Grey A Line",127.872,Dresses (Bridal/Formal),['satin'],HK,0,0,https://www.etsy.com/listing/4557693827/mother-of-bride-dress-lace-square-neck,
Floral Hand Block Print Kyra Midi Dress | Bohemian Cotton Dress | Dresses for Women | String Closer Dress,60.99,Dresses (Casual),['cotton'],IN,175,4362,https://www.etsy.com/listing/4332053394/floral-hand-block-print-kyra-midi-dress,
African dress,89.99,Dresses (Casual),['Unknown'],US,0,0,https://www.etsy.com/listing/4557688827/african-dress,
"Nursing Friendly Baati Dress, Home Dress, Work From Home Dress, Loose Fitting Maxi Dress, Long Lounge Dress",26.2,Dresses (Casual),['Unknown'],US,0,0,https://www.etsy.com/listing/4557683621/nursing-friendly-baati-dress-home-dress,
"Boho Ruffle Skirt Set PDF Pattern | Tiered Mini Skirt, Tie-Front Crop Top (Digital Download)",6.7,Dresses (Casual),['linen'],PK,231,1165,https://www.etsy.com/listing/4498763160/boho-ruffle-skirt-set-pdf-pattern-tiered,
"Boho Floral Print Maxi Dress: V-Neck, Long Sleeve, A-Line Swing Holiday Style",143.493,Dresses (Casual),['Unknown'],AU,0,0,https://www.etsy.com/listing/4557149051/boho-floral-print-maxi-dress-v-neck-long,
Boho Two Piece Set Lace Crop Top Maxi Skirt Bohemian Beach Vacation Outfit,111.993,Dresses (Casual),['lace'],AU,0,0,https://www.etsy.com/listing/4557147569/boho-two-piece-set-lace-crop-top-maxi,
"Boho Lace Maxi Dress, Bell Sleeve V Neck Dress, Flowy Vintage Maxi Dress, Long Sleeve Bohemian Dress, Summer Vacation Dress",104.993,Dresses (Casual),['lace'],AU,0,0,https://www.etsy.com/listing/4557163092/boho-lace-maxi-dress-bell-sleeve-v-neck,
"Floral Mini Dress Women, Short Sleeve Summer Dress, High Waist A Line Dress, Ethnic Print Tiered Dress, Casual Boho Summer Dress",125.993,Dresses (Casual),['Unknown'],AU,0,0,https://www.etsy.com/listing/4557162112/floral-mini-dress-women-short-sleeve,
Boho Lace Maxi Dress | High Neck Beach Outfit | Smocked Waist Mesh | Vacation Party Gown,103.593,Dresses (Bridal/Formal),['lace'],AU,0,0,https://www.etsy.com/listing/4557162046/boho-lace-maxi-dress-high-neck-beach,
"Plus Size Boho Maxi Dress, Tie Dye Dress, Ethnic Print Dress, V Neck Summer Dress, Loose Vacation Dress, Plus Size Beach Dress",114.23299999999999,Dresses (Casual),['Unknown'],AU,0,3,https://www.etsy.com/listing/4557143289/plus-size-boho-maxi-dress-tie-dye-dress,
Boho Lace Maternity Gown · Off Shoulder Pregnancy Photoshoot Dress · Ivory Floral Lace Photo Prop,173.2844,Dresses (Bridal/Formal),['lace'],FR,0,0,https://www.etsy.com/listing/4557128896/boho-lace-maternity-gown-off-shoulder,
"Lilac Purple African Boubou Dress, Elegant Floral Kaftan Maxi, Modest Wedding Guest Dress, Owambe Party Outfit",194.3,Dresses (Bridal/Formal),['Unknown'],GB,0,0,https://www.etsy.com/listing/4557683793/lilac-purple-african-boubou-dress,
Nwt SACRED THREADS funky ethnic boho hippie tie dyed knit viscose dress TUNIC M,34.0,Dresses (Casual),['viscose'],US,0,0,https://www.etsy.com/listing/4557703586/nwt-sacred-threads-funky-ethnic-boho,
Robe africaine ample en tissu indigo artisanal – Made in Bénin,46.22844,Dresses (Casual),['Unknown'],FR,0,0,https://www.etsy.com/listing/4557683365/robe-ample-en-tissu-indigo-artisanal,
Girls&#39; Sleeveless Sundress (AOP),30.0,Dresses (Casual),['Unknown'],TR,0,2,https://www.etsy.com/listing/4557683147/girls-sleeveless-sundress-aop,
"Pale Yellow Mother of the Bride Dress, Elegant Pleated Maxi Dress, Romantic Wedding Guest Gown, Formal Summer Party Dress, Custom Made",140.6866,Dresses (Bridal/Formal),['Unknown'],GB,0,0,https://www.etsy.com/listing/4557702582/pale-yellow-mother-of-the-bride-dress,
"Linen Mini , Women’s V Neck Dress, Sleeveless Summer Dress, Beach",228.0,Dresses (Casual),['linen'],CN,0,0,https://www.etsy.com/listing/4557682553/linen-mini-womens-v-neck-dress,
1990s Black Lace Floral Applique & Polka Dot Strapless Lined Dress,3788.0,Dresses (Casual),['lace'],US,0,0,https://www.etsy.com/listing/4557698544/1990s-black-lace-floral-applique-polka,
"Women Mini Skirt PDF Sewing Pattern, Linen Summer Skirt, Women&#39;s (Instant Download)",6.03,Dresses (Casual),['linen'],PK,28,176,https://www.etsy.com/listing/4501178074/pleated-mini-skirt-pdf-sewing-pattern,
Boho Maternity Maxi Dress Off Shoulder Long Sleeve Pregnancy Gown,132.993,Dresses (Bridal/Formal),['Unknown'],AU,0,0,https://www.etsy.com/listing/4557145933/boho-maternity-maxi-dress-off-shoulder,
"Boho Maxi Dress, Tiered Pleated Long Dress, V Neck Sleeveless Dress, Flowy A Line Dress for Women, Summer Vacation Dress",104.993,Dresses (Casual),['Unknown'],AU,0,0,https://www.etsy.com/listing/4557144325/boho-maxi-dress-tiered-pleated-long,
"V Neck Maxi Dress Women, Sleeveless Boho Dress, High Waist Loose Dress, Vintage Summer Dress, Casual Holiday Vacation Dress",111.993,Dresses (Casual),['Unknown'],AU,1,1,https://www.etsy.com/listing/4557144289/v-neck-maxi-dress-women-sleeveless-boho,
"Lace Maxi Dress, Boho Lace Dress, Deep V Neck Dress, Embroidery Dress, Crochet Dress, Long Sleeve Dress, Apricot Maxi Dress",128.513,Dresses (Casual),['lace'],AU,0,0,https://www.etsy.com/listing/4557157446/lace-maxi-dress-boho-lace-dress-deep-v,
Boho Suede Mini Dress: Off-Shoulder Tassel Western Party Bodycon Style,164.493,Dresses (Casual),['suede'],AU,0,0,https://www.etsy.com/listing/4557156806/boho-suede-mini-dress-off-shoulder,
Boho Maternity Photoshoot Gown · Chiffon Pregnancy Dress · Open Front Robe · Ivory Maternity Photo Prop,173.2844,Dresses (Bridal/Formal),['chiffon'],FR,0,0,https://www.etsy.com/listing/4557110623/boho-maternity-photoshoot-gown-chiffon,
White Flowy V-Neck Boho Maxi Dress - Cotton Blend Lace,72.82799999999999,Dresses (Bridal/Formal),['cotton'],FR,0,0,https://www.etsy.com/listing/4557678125/white-flowy-v-neck-boho-maxi-dress,
"Light Blue One Shoulder Maxi Dress, Elegant A-Line Formal Evening Dress, Sleeveless Mesh Party Gown, Graduation & Wedding Guest Dress",154.0866,Dresses (Bridal/Formal),['Unknown'],GB,0,0,https://www.etsy.com/listing/4557697416/light-blue-one-shoulder-maxi-dress,
Oversized Striped Shirt Dress | 100% Cotton Long Sleeve Collared Maxi Dress | Casual Button Down Shirt Dress,70.2294,Dresses (Casual),['cotton'],GB,0,0,https://www.etsy.com/listing/4557676411/oversized-striped-shirt-dress-100-cotton,
"Yellow Tuxedo Tailcoat for Women, Mustard Yellow Suit Set, Long Flowing Tails, Women’s Formal Costume, Themed Party Outfit, Custom Fit Suit",199.0,Dresses (Bridal/Formal),['Unknown'],IN,0,2,https://www.etsy.com/listing/4557676431/yellow-tuxedo-tailcoat-for-women-mustard,
African Adire crepe dress,74.99,Dresses (Casual),['Unknown'],US,0,0,https://www.etsy.com/listing/4557693322/african-adire-crepe-dress,
Customization,21.964,Dresses (Casual),['Unknown'],BG,74,2026,https://www.etsy.com/listing/1450547984/customization,
Cream Ditsy Floral Midi Dress | Boho Tie Shoulder Smocked Waist Summer Beach Vacation Sundress,116.5666,Dresses (Casual),['Unknown'],GB,0,1,https://www.etsy.com/listing/4557694754/cream-ditsy-floral-midi-dress-boho-tie,
"Women&#39;s Geometric Striped Shirt Dress, Apricot Brown Sleeveless Belted A-Line Midi Dress",134.99,Dresses (Casual),['Unknown'],TR,0,0,https://www.etsy.com/listing/4557694824/womens-geometric-striped-shirt-dress,
"Hooded Maxi Dress, Burning Man Outfit, Festival Dress, Rave Outfit Women, Slit Maxi Dress, Desert Festival Wear, Taupe Cowl Neck Dress",80.0,Dresses (Casual),['Unknown'],PK,1,0,https://www.etsy.com/listing/4557692388/hooded-maxi-dress-burning-man-outfit,
White Chiffon Maxi Dress Boho Beach Dress Off Shoulder Fairy Dress Slash Neck Flowy Dress Seaside Holiday Party Dress Wedding Guest,200.0,Dresses (Bridal/Formal),['chiffon'],US,0,0,https://www.etsy.com/listing/4557689416/white-chiffon-maxi-dress-boho-beach,
"Boho Linen Two Piece Sewing Pattern, Wide Leg Pants, Sleeveless Top (Digital Download)",8.040000000000001,Dresses (Casual),['linen'],PK,278,2128,https://www.etsy.com/listing/4513463141/two-piece-outfit-sewing-pattern-pdf-wide,
Boho Wedding  Satin Wedding Dress Lace A Line Bridal Gown Sleeveless Long Train,132.993,Dresses (Bridal/Formal),['satin'],AU,1,26,https://www.etsy.com/listing/4557161226/boho-wedding-satin-wedding-dress-lace-a,
"One Shoulder Maxi Dress, Maternity Summer Dress, Adjustable Drawstring Dress, High Waist Slit Dress, Lightweight Breathable Long Dress",132.993,Dresses (Casual),['Unknown'],AU,0,0,https://www.etsy.com/listing/4557158504/one-shoulder-maxi-dress-maternity-summer,
"Western Fringe Mini Dress, Cowgirl Deep V Neck Dress, Sleeveless Bodycon Dress, Zip Front Country Party Dress, Rodeo Outfit",104.993,Dresses (Casual),['Unknown'],AU,0,0,https://www.etsy.com/listing/4557142205/western-fringe-mini-dress-cowgirl-deep-v,
"Boho Lace Mini Dress: Sheer Long Sleeve, Vintage Beach Vacation Style",143.493,Dresses (Casual),['lace'],AU,1,0,https://www.etsy.com/listing/4557139727/boho-lace-mini-dress-sheer-long-sleeve,
"Boho Floral Dress, Vintage Maxi Dress, Colorful Floral Dress, V Neck Dress, Loose Summer Dress, Bohemian Party Dress, Casual Dress",121.37299999999998,Dresses (Casual),['Unknown'],AU,0,0,https://www.etsy.com/listing/4557139595/boho-floral-dress-vintage-maxi-dress,
"Elegant Floral Maxi Dress | Pink Summer Slit Strap Dress, Beach Cruise Vacation Outfit",143.3666,Dresses (Casual),['Unknown'],GB,0,0,https://www.etsy.com/listing/4557692022/elegant-floral-maxi-dress-pink-summer,
Boho Print Maxi Dress Women | Halter V-Neck Sleeveless Side Slit Dress | Floral Print Summer Beach Dress,51.0674,Dresses (Casual),['Unknown'],GB,0,0,https://www.etsy.com/listing/4557689572/boho-print-maxi-dress-women-halter-v,
"Blush Pink Burgundy African Boubou Dress, Floral Jacquard Kaftan Maxi, Elegant Wedding Guest Outfit, Modest Owambe Dress",194.3,Dresses (Bridal/Formal),['Unknown'],GB,0,3,https://www.etsy.com/listing/4557688486/blush-pink-burgundy-african-boubou-dress,
Colorful Butterfly Pattern Skater Dress | All-Over Print,56.1594,Dresses (Casual),['Unknown'],GB,0,1,https://www.etsy.com/listing/4557686640/colorful-butterfly-pattern-skater-dress,
1990s Gold Metallic Floral Textured Silk Lined Spaghetti Strap Dress,2788.0,Dresses (Casual),['silk'],US,0,0,https://www.etsy.com/listing/4557686130/1990s-gold-metallic-floral-textured-silk,
"Burgundy Velvet Maxi Dress, Off Shoulder Corset Back Gown, A Line Evening Dress, Wedding Guest Prom Ball Formal Party Dress Women",135.22338,Dresses (Bridal/Formal),['velvet'],CA,0,1,https://www.etsy.com/listing/4557665201/burgundy-velvet-maxi-dress-off-shoulder,
Nwt SACRED THREADS polka dots boho gypsy funky hippy rayon tier DRESS L,34.0,Dresses (Casual),['rayon'],US,0,0,https://www.etsy.com/listing/4557683320/nwt-sacred-threads-polka-dots-boho-gypsy,
"Pink Dirndl Dress for Women, German Bavarian Style Outfit, Oktoberfest Dress with Free Blouse",289.0,Dresses (Casual),['Unknown'],PK,0,0,https://www.etsy.com/listing/4557681674/pink-dirndl-dress-for-women-german,
"Peplum Wrap Top Sewing Pattern, Puff Sleeve Blouse, Button Detail (Digital Download)",6.7,Dresses (Casual),['linen'],PK,66,543,https://www.etsy.com/listing/4466452395/peplum-wrap-top-sewing-pattern-puff,
Boho Dress Maxi Dress Blue Draped Ruffle Flowy Sleeveless Summer,104.993,Dresses (Casual),['Unknown'],AU,0,1,https://www.etsy.com/listing/4557159784/boho-dress-maxi-dress-blue-draped-ruffle,
"White Maternity Lace Dress, Pregnancy Photoshoot Gown, Royal Style Maternity Dress, Long Lace Gown, Baby Shower Photography Dress",125.993,Dresses (Bridal/Formal),['lace'],AU,0,0,https://www.etsy.com/listing/4557157140/white-maternity-lace-dress-pregnancy,
"Floral Maxi Dress, Pleated Boho Dress, V Neck Long Sleeve A Line Dress, High Waist Vintage Dress, Summer Vacation Dress",97.993,Dresses (Casual),['Unknown'],AU,0,0,https://www.etsy.com/listing/4557156442/floral-maxi-dress-pleated-boho-dress-v,
"Boho Polka Dot Midi Dress: Square Neck, Side Slit, Vintage Beach Wedding Guest Style",122.493,Dresses (Bridal/Formal),['Unknown'],AU,0,0,https://www.etsy.com/listing/4557138463/boho-polka-dot-midi-dress-square-neck,
"Boho Lace Dress, White Maxi Dress, V Neck Dress, Vintage Dress, Long Sleeve Dress, Ruffle Dress, Crochet Dress, Elegant Party Dress",135.653,Dresses (Casual),['lace'],AU,0,1,https://www.etsy.com/listing/4557153470/boho-lace-dress-white-maxi-dress-v-neck,
"Pirate Captain Costume Matching Family, Pirates Hawaiian Shirt & Tennis Dress , Family Cruise Vacation Apparel, Spooky Matching Couple Gift",12.06,Dresses (Casual),['Unknown'],US,2,50,https://www.etsy.com/listing/4553751361/pirate-captain-costume-matching-family,
Asymmetrical Avant Garde Dress | Salvaged Fabric Oversized Mini Dress | Sculptural Streetwear | Avant Garde Handmade Streetwear,104.69,Dresses (Casual),['Unknown'],CA,0,0,https://www.etsy.com/listing/4557661112/asymmetrical-avant-garde-dress-salvaged,
Black Leather Blazer Mini Dress Women&#39;s Belted Long Sleeve Coat Dress,124.99,Dresses (Casual),['leather'],PK,0,2,https://www.etsy.com/listing/4557668012/leather-dress-womens-black-blazer-mini,
"Burgundy Gold African Boubou Dress, Luxury Jacquard Kaftan Maxi, Elegant Wedding Guest Outfit, Modest Owambe Dress",194.3,Dresses (Bridal/Formal),['Unknown'],GB,0,0,https://www.etsy.com/listing/4557647089/cobalt-blue-floral-african-boubou-dress,
"Boho Ruffle Wide Leg Pants Pattern, Paperbag Trousers, Side Slit (PDF Download)",6.7,Dresses (Casual),['linen'],PK,72,389,https://www.etsy.com/listing/4505815276/boho-ruffle-wide-leg-pants-pattern,
Boho Dress Western Mini Dress Ruffle High Low Denim Blue Festival,111.993,Dresses (Casual),['denim'],AU,1,7,https://www.etsy.com/listing/4557159012/boho-dress-western-mini-dress-ruffle,
"Lace Two Piece Set Women, V Neck Flare Sleeve Top, Embroidered Hollow Top, Split Long Skirt Set, Elegant Boho Outfit, Summer Party Set",118.993,Dresses (Casual),['lace'],AU,0,0,https://www.etsy.com/listing/4557141535/lace-two-piece-set-women-v-neck-flare,
"Western Boho Maxi Dress, Tiered Long Sleeve Dress, Button Front Cowgirl Dress, Fitted Bohemian Dress, Country Vacation Dress",104.993,Dresses (Casual),['Unknown'],AU,0,0,https://www.etsy.com/listing/4557154052/western-boho-maxi-dress-tiered-long,
"Boho Western Maxi Dress: Button Front, Long Sleeve, Vintage Swing A-Line Style",129.493,Dresses (Casual),['Unknown'],AU,0,0,https://www.etsy.com/listing/4557135361/boho-western-maxi-dress-button-front,
"Floral Maxi Dress, Chiffon Maxi Dress, Long Sleeve Dress, High Neck Dress, Spring Summer Dress, Boho Vacation Dress, Floral Holiday Dress",121.37299999999998,Dresses (Casual),['chiffon'],AU,0,0,https://www.etsy.com/listing/4557134813/floral-maxi-dress-chiffon-maxi-dress,
MORPHEW COLLECTION Black Multicolored Cotton Chiffon Abstract Floral 4-Scarf Pucci Dress with Fringe,2788.0,Dresses (Casual),['cotton'],US,0,0,https://www.etsy.com/listing/4557656729/morphew-collection-black-multicolored,
"Sparkling Sequin Corset Mini Dress Set, Champagne Party Dress with Bow Skirt, Birthday Outfit, Cocktail Dress, Glam Night Out",393.12,Dresses (Casual),['Unknown'],UA,0,0,https://www.etsy.com/listing/4557666226/sparkling-sequin-corset-mini-dress-set,
Floral cape,350.0,Dresses (Bridal/Formal),['Unknown'],UA,0,0,https://www.etsy.com/listing/4557645999/floral-cape,
"Minimalist White Linen Midi Dress, Square Neck Sleeveless Summer Vacation Style",130.0,Dresses (Casual),['linen'],US,0,2,https://www.etsy.com/listing/4557665756/white-linen-dress-for-women-minimalist,
"Brown and Gold Sequin Off Shoulder Dress, Elegant Evening Gown, Long Party Dress, Romantic",999.0,Dresses (Bridal/Formal),['Unknown'],PK,0,1,https://www.etsy.com/listing/4557643479/brown-and-gold-sequin-off-shoulder-dress,
Masha Ukrainian linen dress embroidered kaftan by NewDayOutfit,367.0,Dresses (Casual),['linen'],UA,0,0,https://www.etsy.com/listing/4557639125/masha-ukrainian-linen-dress-embroidered,
"Faux Leather Two Piece Set, Corset Lace Up Crop Top, Tiered Ruffle Mini Skirt, Womens Going Out Outfit",189.99,Dresses (Casual),['leather'],PK,0,0,https://www.etsy.com/listing/4557656270/faux-leather-two-piece-set-corset-lace,
Custom Football Jersey Dress,170.0,Dresses (Casual),['jersey'],US,0,1,https://www.etsy.com/listing/4557635981/custom-football-jersey-dress,
Drop Waist Halter Midi Dress | Backless Cotton Blend Fit and Flare Style with Gathered Full Skirt for Summer Parties & Wedding Guests,169.99,Dresses (Bridal/Formal),['cotton'],US,0,1,https://www.etsy.com/listing/4557635727/drop-waist-halter-midi-dress-backless,
Lavender Polo Dress Sewing dress Pattern PDF,2.99,Dresses (Casual),['cotton'],PK,6,75,https://www.etsy.com/listing/4523636980/lavender-polo-dress-sewing-dress-pattern,
Ankara Boubou Gown | African Print Bubu Dress | Traditional Kaftan | Loose Fit Maxi Dress | Nigerian Women&#39;s Fashion,70.0,Dresses (Bridal/Formal),['Unknown'],US,0,3,https://www.etsy.com/listing/4557634673/ankara-boubou-gown-african-print-bubu,
"Sequin Rhinestone Jumpsuit, Showgirl Performance Costume, Stage Outfit, Dancewear",322.0,Dresses (Casual),['Unknown'],PK,0,0,https://www.etsy.com/listing/4557651700/sequin-rhinestone-jumpsuit-showgirl,
Handmade Lambskin Leather Pencil Dress - Knee Length,100.65,Dresses (Casual),['leather'],PK,0,0,https://www.etsy.com/listing/4557609736/handmade-lambskin-leather-pencil-dress,
"Elegant Rhinestone Evening Gown, Embellished Halter Neck Maxi Dress, Backless Mermaid Prom Gown, Formal Special Occurrence Dress, 325",149.99,Dresses (Bridal/Formal),['Unknown'],TR,1,3,https://www.etsy.com/listing/4557631101/elegant-rhinestone-evening-gown,
"Cottagecore Linen Midi Dress Sewing Pattern, Corset Bodice Puff Sleeve (PDF Pattern)",7.37,Dresses (Bridal/Formal),['linen'],PK,1309,8104,https://www.etsy.com/listing/4473581871/cottagecore-linen-midi-dress-sewing,
Boho Maternity Dress Lace Maxi Dress Pregnancy Wedding Photoshoot,125.993,Dresses (Bridal/Formal),['lace'],AU,1,3,https://www.etsy.com/listing/4557158022/boho-maternity-dress-lace-maxi-dress,
"Plus Size Wedding Dress, White Chiffon Lace Bridal Gown, Backless Low Neck Dress, Western Wedding Dress, Curvy Bridal Gown 3XL 4XL 5XL",125.993,Dresses (Bridal/Formal),['chiffon'],AU,0,1,https://www.etsy.com/listing/4557140291/plus-size-wedding-dress-white-chiffon,
"Boho Mini Dress, Fringe Dress, Western Dress, Deep V Neck Dress, Bodycon Dress, Sleeveless Party Dress, Summer Festival Dress",121.37299999999998,Dresses (Casual),['Unknown'],AU,0,0,https://www.etsy.com/listing/4557150190/boho-mini-dress-fringe-dress-western,
"Boho Mini Dress, Asymmetric Long Sleeve Dress, High Neck Vintage Dress, Ethnic Print Flowy Dress, Bohemian Party Dress",104.993,Dresses (Casual),['Unknown'],AU,0,0,https://www.etsy.com/listing/4557132791/boho-mini-dress-asymmetric-long-sleeve,
Custom Football Jersey Dress,180.0,Dresses (Casual),['jersey'],US,1,0,https://www.etsy.com/listing/4557654732/custom-football-jersey-dress,
Elegant African Brocade Boubou | Embroidered Bazin Gown | Traditional West African Robe | Luxury Senegalese Dress,90.0,Dresses (Bridal/Formal),['Unknown'],US,0,4,https://www.etsy.com/listing/4557632005/elegant-african-brocade-boubou,
"Elegant Blue Cotton Dirndl Dress, Silver Grey Satin Apron",315.0,Dresses (Casual),['cotton'],PK,0,0,https://www.etsy.com/listing/4557630363/elegant-blue-cotton-dirndl-dress-silver,
"Woodland Wedding Dress, Nature Inspired Bridal Gown, Long Embroidered Wedding Dress, Forest Bride Dress, Romantic Garden Wedding",1850.0,Dresses (Bridal/Formal),['Unknown'],UA,0,1,https://www.etsy.com/listing/4557650336/woodland-wedding-dress-nature-inspired,
Upcycled Yellow Striped Dress,40.0,Dresses (Casual),['Unknown'],US,0,0,https://www.etsy.com/listing/4557555019/upcycled-yellow-striped-dress,
Luxury African Kaftan Dress for Women | Nigerian Boubou Gown | Handmade Brocade Maxi Dress | Plus Size African Clothing | Wedding Guest Outf,140.6866,Dresses (Bridal/Formal),['Unknown'],GB,132,8461,https://www.etsy.com/listing/4397327491/brocade-african-boubou-gown-sheer,
"Elegant Beige Silk Satin Corset Maxi Dress, Spaghetti Strap Ruched Evening Gown, High Slit Formal Dress, Bridesmaid & Prom Gown, 324",146.99,Dresses (Bridal/Formal),['silk'],TR,0,0,https://www.etsy.com/listing/4557648810/elegant-beige-silk-satin-corset-maxi,
"Handmade African Batik Maxi Dress, Flowing One Size Boubou Kaftan",85.0,Dresses (Casual),['Unknown'],US,0,0,https://www.etsy.com/listing/4557638200/african-batik-dress-kaftan-boubou-maxi,
Black & White Stripe Flame T-Shirt Dress | Grunge Retro Alt Dress | Maximalist Statement Dress | Inclusive Sizing,49.84,Dresses (Casual),['Unknown'],US,1,3,https://www.etsy.com/listing/4557178532/black-white-stripe-flame-t-shirt-dress,
White Tulle Bridal Ruffle Robe SET with inner wear,261.3,Dresses (Bridal/Formal),['Unknown'],GB,321,9361,https://www.etsy.com/listing/4351851939/off-white-bridal-robe-clearance-sales,
Jojifuku Mezzo Piano Mermaid Summer Dress Cutecore Kawaii Heisei Retro 140CM Frilly Pastel Minty Blue,21.66,Dresses (Casual),['Unknown'],CA,1,5,https://www.etsy.com/listing/4557646184/jojifuku-mezzo-piano-mermaid-summer,
Square Neck Midi Dress Sewing Pattern | Gathered A-Line Skirt PDF (Digital Download),6.7,Dresses (Casual),['Unknown'],PK,25,239,https://www.etsy.com/listing/4533908996/square-neck-midi-dress-sewing-pattern,
Boho Tie Front Crop Top & Harem Pants PDF Sewing Pattern,6.7,Dresses (Casual),['linen'],PK,188,1150,https://www.etsy.com/listing/4502336195/boho-tie-front-crop-top-harem-pants-pdf,
Boho Dress Paisley Maxi Dress Sleeveless V Neck Vintage Western,104.993,Dresses (Casual),['Unknown'],AU,1,0,https://www.etsy.com/listing/4557140553/boho-dress-paisley-maxi-dress-sleeveless,
Boho Dress Maternity Maxi Dress Long Sleeve Flowy Pregnancy Photoshoot,132.993,Dresses (Bridal/Formal),['Unknown'],AU,0,0,https://www.etsy.com/listing/4557138977/boho-dress-maternity-maxi-dress-long,
"V Neck Maxi Dress Women, Sleeveless Summer Dress, Flowy Tiered Maxi Dress, Ruffle Hem Dress, Casual Vacation Dress, Boho Summer Dress",125.993,Dresses (Casual),['Unknown'],AU,0,0,https://www.etsy.com/listing/4557138657/v-neck-maxi-dress-women-sleeveless,
"Denim Midi Dress Women, Western Cowboy Dress, Vintage Flare Dress, Ruffle Skirt Dress, Retro Fall Dress, Stretch Casual Denim Dress",118.993,Dresses (Casual),['denim'],AU,0,0,https://www.etsy.com/listing/4557137569/denim-midi-dress-women-western-cowboy,
Paisley Boho Dress Long Sleeve Maxi Dress Vintage Western Style,104.993,Dresses (Casual),['Unknown'],AU,1,10,https://www.etsy.com/listing/4557137627/paisley-boho-dress-long-sleeve-maxi,
Boho Maxi Dress Pink Flowy Tiered Dress Sleeveless Western Outfit,125.993,Dresses (Casual),['Unknown'],AU,0,0,https://www.etsy.com/listing/4557136167/boho-maxi-dress-pink-flowy-tiered-dress,
"Maternity Lace Dress, Pregnancy Photoshoot Dress, White Long Sleeve Gown, Puffy Sleeve Maternity Dress, Baby Shower Photography Dress",111.993,Dresses (Bridal/Formal),['lace'],AU,0,2,https://www.etsy.com/listing/4557152942/maternity-lace-dress-pregnancy,
Boho Dress Western Mini Dress Fringe Sleeveless Zip Up Summer,118.993,Dresses (Casual),['Unknown'],AU,0,1,https://www.etsy.com/listing/4557134295/boho-dress-western-mini-dress-fringe,
"Floral Maxi Dress, Chiffon Maxi Dress, Long Sleeve Dress, High Neck Dress, Spring Summer Dress, Boho Vacation Dress, Floral Holiday Dress",121.37299999999998,Dresses (Casual),['chiffon'],AU,0,0,https://www.etsy.com/listing/4557148646/floral-maxi-dress-chiffon-maxi-dress,
Custom Football Jersey Dress w/ Split Side,195.0,Dresses (Casual),['jersey'],US,0,6,https://www.etsy.com/listing/4557633279/custom-football-jersey-dress-w-split,
MORPHEW COLLECTION Mixed Pastels & Black Cotton Pucci Wrap Beach Halter Dress,1288.0,Dresses (Casual),['cotton'],US,0,0,https://www.etsy.com/listing/4557627981/morphew-collection-mixed-pastels-black,
Pink Stoned ankara kimono,60.0,Dresses (Casual),['Unknown'],US,0,6,https://www.etsy.com/listing/4557627903/pink-stoned-ankara-kimono,
"Off the Shoulder Long Sleeve Black Maxi Dress, Elegant Butterfly Brooch Evening Gown, Bodycon Formal Party Dress, Gala Cocktail Gown, 323",146.94,Dresses (Bridal/Formal),['Unknown'],TR,0,0,https://www.etsy.com/listing/4557627503/off-the-shoulder-long-sleeve-black-maxi,
"Plus Size Boho Maxi Dress, Retro Ethnic Tie Dye Dress, V Neck Short Sleeve Dress, Loose Summer Vacation Dress, Colorful Casual Dress",111.993,Dresses (Casual),['Unknown'],AU,0,1,https://www.etsy.com/listing/4557151952/plus-size-boho-maxi-dress-retro-ethnic,
"Boho Floral Maxi Dress Women, Vintage Colorful Print Dress, Elegant Evening Party Dress, Casual Summer Dress, Bohemian Vacation Dress",118.993,Dresses (Bridal/Formal),['Unknown'],AU,0,0,https://www.etsy.com/listing/4557134495/boho-floral-maxi-dress-women-vintage,
"Hollow V Neck Lace Dress Women, Jacquard Embroidery Dress, Long Sleeve Ruffle Dress, Vintage Crochet Party Dress, Irregular Fall Dress",121.093,Dresses (Casual),['lace'],AU,0,0,https://www.etsy.com/listing/4557133831/hollow-v-neck-lace-dress-women-jacquard,
"Boho Lace Maxi Dress Women, Flare Sleeve Fitted Dress, Romantic Vintage Bohemian Dress, Elegant Summer Vacation Dress",132.993,Dresses (Casual),['lace'],AU,0,0,https://www.etsy.com/listing/4557132921/boho-lace-maxi-dress-women-flare-sleeve,
Boho Dress Floral Maxi Dress Rose Print Short Sleeve Romantic,111.993,Dresses (Casual),['Unknown'],AU,0,0,https://www.etsy.com/listing/4557149112/boho-dress-floral-maxi-dress-rose-print,
Boho Dress Floral Maxi Dress V Neck Long Sleeve Elegant Summer,118.993,Dresses (Casual),['Unknown'],AU,0,4,https://www.etsy.com/listing/4557131541/boho-dress-floral-maxi-dress-v-neck-long,
"Green Boho Maxi Dress Women, Sleeveless V Neck Dress, Tiered Pleated Flowy Dress, Vintage Inspired Summer Dress, Casual Vacation Dress",125.993,Dresses (Casual),['Unknown'],AU,0,0,https://www.etsy.com/listing/4557148428/green-boho-maxi-dress-women-sleeveless-v,
"Boho Maxi Dress, Vintage Floral Dress, Long Sleeve Maxi Dress, High Waist Dress, Pleated Dress, O Neck Holiday Dress, Spring Dress",121.37299999999998,Dresses (Casual),['Unknown'],AU,0,0,https://www.etsy.com/listing/4557131397/boho-maxi-dress-vintage-floral-dress,
"V Neck Maxi Dress, Long Sleeve Dress, High Waist A Line Dress, Elegant Printed Dress, Lace Up Dress, Fall Holiday Dress",121.37299999999998,Dresses (Casual),['lace'],AU,0,0,https://www.etsy.com/listing/4557129571/v-neck-maxi-dress-long-sleeve-dress-high,
Boho Dress Mini Dress Paisley Print Long Sleeve Flowy Vacation,104.993,Dresses (Casual),['Unknown'],AU,0,0,https://www.etsy.com/listing/4557130069/boho-dress-mini-dress-paisley-print-long,
"Printed Maxi Dress Women, V Neck Long Sleeve Dress, High Waist Loose Dress, Lace Up Boho Dress, Elegant Holiday Party Dress, Casual Dress",118.993,Dresses (Casual),['lace'],AU,0,0,https://www.etsy.com/listing/4557129793/printed-maxi-dress-women-v-neck-long,
"Floral Maxi Dress Women, Chiffon Long Dress, High Neck Summer Dress, Long Sleeve Vacation Dress, Loose Boho Dress, Spring Summer Dress",118.993,Dresses (Casual),['chiffon'],AU,0,0,https://www.etsy.com/listing/4557128817/floral-maxi-dress-women-chiffon-long,
"Boho Maxi Dress, Summer Beach Dress, Off Shoulder Maxi Dress, Bohemian Vacation Dress, Striped Sundress, Puff Sleeve Holiday Dress",128.513,Dresses (Casual),['Unknown'],AU,0,0,https://www.etsy.com/listing/4557128257/boho-maxi-dress-summer-beach-dress-off,
"Floral Maxi Dress Women, Vintage Boho Dress, High Waist Pleated Long Dress, O Neck Long Sleeve Dress, Elegant Spring Party Vacation Dress",111.993,Dresses (Casual),['Unknown'],AU,0,0,https://www.etsy.com/listing/4557143828/floral-maxi-dress-women-vintage-boho,
Boho Dress Lace Maxi Dress Long Sleeve V Neck Wedding Vacation,111.993,Dresses (Bridal/Formal),['lace'],AU,1,8,https://www.etsy.com/listing/4557126629/boho-dress-lace-maxi-dress-long-sleeve-v,
"Off Shoulder Maxi Dress Women, Boho Beach Vacation Dress, Vintage Striped Puff Sleeve Summer Dress, Long Casual Dress with Pockets",118.993,Dresses (Casual),['Unknown'],AU,0,8,https://www.etsy.com/listing/4557140158/off-shoulder-maxi-dress-women-boho-beach,
Boho Dress Lace Mini Dress Long Sleeve Western Festival Outfit,111.993,Dresses (Casual),['lace'],AU,0,0,https://www.etsy.com/listing/4557123369/boho-dress-lace-mini-dress-long-sleeve,
Custom Football Jersey Dress,175.0,Dresses (Casual),['jersey'],US,0,0,https://www.etsy.com/listing/4557651770/custom-football-jersey-dress,
"Sparkly Elegant Evening Gown with Slit, High Neck Glitter Maxi Dress for Women, Crystal Embellished Formal Party Dress, Gala Prom Gown, 321",157.9,Dresses (Bridal/Formal),['Unknown'],TR,0,0,https://www.etsy.com/listing/4557645794/sparkly-elegant-evening-gown-with-slit,
Mirella embroidered Ukrainian dress vyshyvanka Linen clothing by NewDayOutfit,367.0,Dresses (Casual),['linen'],UA,0,0,https://www.etsy.com/listing/4557643278/mirella-embroidered-ukrainian-dress,
Stoned ankara kimono,60.0,Dresses (Casual),['Unknown'],US,0,3,https://www.etsy.com/listing/4557624601/stoned-ankara-kimono,
Custom Football Jersey Dress w/ Split Side,195.0,Dresses (Casual),['jersey'],US,0,0,https://www.etsy.com/listing/4557642504/custom-football-jersey-dress-w-split,
"Women&#39;s Boho Embroidered Maxi Dress with Belt, Button Front Summer Dress",69.0,Dresses (Casual),['lace'],PK,0,0,https://www.etsy.com/listing/4557624419/womens-boho-embroidered-maxi-dress-with,
Custom Football Jersey Dress,175.0,Dresses (Casual),['jersey'],US,0,1,https://www.etsy.com/listing/4557636052/custom-football-jersey-dress,
"Plum Floral Cotton Muslin Dress, Sleeveless Midi Dress, White Floral Summer Dress, Round Neck Dress, Flare Dress, Casual Women Dress",68.12,Dresses (Casual),['cotton'],IN,0,0,https://www.etsy.com/listing/4557641444/plum-floral-cotton-muslin-dress,
"White Linen Midi Dress, Minimalist A-Line, Cottagecore Summer Wedding Guest",130.0,Dresses (Bridal/Formal),['linen'],US,0,4,https://www.etsy.com/listing/4557639898/white-linen-dress-for-women-minimalist,
"African 2 Piece Skirt Set, Ankara Skirt and Blouse, African Print Co-Ord Set, Ankara Matching Set, African Women’s Clothing, Nigerian Outfit",226.0,Dresses (Bridal/Formal),['Unknown'],CA,0,0,https://www.etsy.com/listing/4557637160/african-2-piece-skirt-set-ankara-skirt,
Capri Style Women&#39;s T-Shirt Dress - Mediterranean Maiolica & Lemons Summer Dress,86.69999999999999,Dresses (Casual),['Unknown'],IT,0,7,https://www.etsy.com/listing/4557637066/t-shirt-dress-aop,
"African wear,Lace gown, Wedding Reception Dress, Bridesmaid Dress, Prom Dress, Owambe dress, wedding guest dress, Ankara event wear.",678.0,Dresses (Bridal/Formal),['lace'],CA,0,0,https://www.etsy.com/listing/4557635008/african-wearlace-gown-wedding-reception,
Retro Snails Plaid Long Sleeve Dress,62.45,Dresses (Casual),['Unknown'],US,0,0,https://www.etsy.com/listing/4557525677/retro-snails-plaid-long-sleeve-dress,
Retro Snails Plaid Long Sleeve Dress,62.45,Dresses (Casual),['Unknown'],US,0,0,https://www.etsy.com/listing/4557543912/retro-snails-plaid-long-sleeve-dress,
"Nigerian luxury  ankara dress, Wedding Reception Dress, Asoebi Dress, Prom Dress, Owambe dress, wedding guest dress, dedication dress",376.67,Dresses (Bridal/Formal),['Unknown'],CA,0,0,https://www.etsy.com/listing/4557610129/nigerian-luxury-ankara-dress-wedding,
"Armenian womens ceremonial costume,taraz",598.55,Dresses (Casual),['Unknown'],US,0,0,https://www.etsy.com/listing/4557611965/armenian-womens-ceremonial-costumetaraz,
Lakomelza Tilfs • Ethiopian Wollo Raya Fabric Dark Blue Dress,169.99,Dresses (Casual),['Unknown'],US,0,0,https://www.etsy.com/listing/4557633312/lakomelza-tilfs-ethiopian-wollo-raya,
MORPHEW ATELIER Purple Floral Japanese Silk Velvet Bias Cut 70s Metallic Burnout Dress,2788.0,Dresses (Casual),['silk'],US,0,0,https://www.etsy.com/listing/4557611987/morphew-atelier-purple-floral-japanese,
"Flapper Dress, Rhinestone Mesh Tassel Maxi Gown, Gatsby Party Dress, Vintage Retro Art Deco Evening Dress for Women",168.89,Dresses (Bridal/Formal),['Unknown'],US,0,1,https://www.etsy.com/listing/4557631382/flapper-dress-rhinestone-mesh-tassel,
Women&#39;s Halter Dress Knee Length Cotton Blend Dashiki Bodycon Beach Boho Hippie,19.95,Dresses (Casual),['cotton'],US,0,0,https://www.etsy.com/listing/4557608239/womens-halter-dress-knee-length-cotton,
Plus Size Boho Stripe Top and Wide Leg Pants Set,80.0,Dresses (Casual),['Unknown'],PK,0,0,https://www.etsy.com/listing/4557624016/plus-size-boho-stripe-top-and-wide-leg,
Angelina - Velvet Swing Dress with 3/4 Sleeves,39.99,Dresses (Casual),['velvet'],US,0,0,https://www.etsy.com/listing/4557624822/angelina-velvet-swing-dress-with-34,
"Orange Floral Midi Dress for Women, White Cotton Summer Dress, Tropical Leaf Print Dress, Square Neck Sundress, A Line Vacation Dress",72.312,Dresses (Casual),['cotton'],IN,0,1,https://www.etsy.com/listing/4557622564/orange-floral-midi-dress-for-women-white,
One Piece Jersey Lycra Prayer Dress with Headscarf,33.24,Dresses (Casual),['jersey'],TR,245,12338,https://www.etsy.com/listing/1038413967/one-piece-jersey-lycra-prayer-dress-with,
MORPHEW ATELIER Sunset Metallic Silk Embroidered Ice Dye Gown with Gold Lacing & Antique Pre-Islamic Carnelian Beads,4788.0,Dresses (Bridal/Formal),['silk'],US,1,2,https://www.etsy.com/listing/4557620386/morphew-atelier-sunset-metallic-silk,
Pink Silk Slip Dress Lace Trim Spaghetti Strap Maxi Slit Nightgown Summer Formal Prom Gown Pastel Lingerie,225.0,Dresses (Bridal/Formal),['silk'],UA,0,0,https://www.etsy.com/listing/4557591813/pink-silk-slip-dress-lace-trim-spaghetti,
"Faux Leather Two Piece Set, Corset Lace Up Crop Top, Tiered Ruffle Mini Skirt, Womens Going Out Outfit",189.99,Dresses (Casual),['leather'],PK,0,0,https://www.etsy.com/listing/4557618696/faux-leather-two-piece-set-corset-lace,
Hand dyed T-shirt Dress Tie Dye 1X hippie Fall Geode agate Festival,40.0,Dresses (Casual),['Unknown'],US,1,0,https://www.etsy.com/listing/4557613118/hand-dyed-t-shirt-dress-tie-dye-1x,
African Bubu( Dress),70.99,Dresses (Casual),['Unknown'],US,0,0,https://www.etsy.com/listing/4557611822/african-bubu-dress,
"Lavender Beaded Mini Dress, Pearl Floral Dress, Purple Cocktail Dress, Handmade Embellished Party Dress, Spring Summer Dress",847.0,Dresses (Casual),['Unknown'],IN,0,0,https://www.etsy.com/listing/4557590051/lavender-beaded-mini-dress-pearl-floral,
Elegant Lace Chiffon Maxi Dress Women A Line Pleated Rhinestone Detail Sheer Sleeve Wedding Guest Evening Party Gown,240.37546,Dresses (Bridal/Formal),['chiffon'],CA,0,14,https://www.etsy.com/listing/4557592509/elegant-lace-chiffon-maxi-dress-women-a,
Black Cat Spaghetti Strap Dress Sweetheart Neckline Sundress Cute Kitty Print Cami Dress Casual Summer Party Dress Cat Lover Gift,36.2,Dresses (Casual),['Unknown'],AU,1,1,https://www.etsy.com/listing/4557596472/black-cat-spaghetti-strap-dress,
Fit and Flare Velvet Dress | Knee Length Evening Cocktail Dress | Formal Wedding Guest Outfit,167.49136,Dresses (Bridal/Formal),['velvet'],IN,0,0,https://www.etsy.com/listing/4557609906/fit-and-flare-velvet-dress-knee-length,
"Red Rose Embroidered Tulle Wedding Dress, Off Shoulder Floral Bridal Gown, Corset Ball Gown, Romantic Princess Wedding Dress",2500.0,Dresses (Bridal/Formal),['Unknown'],PK,0,2,https://www.etsy.com/listing/4557609034/red-rose-embroidered-tulle-wedding-dress,
"Faux Leather Mini Dress, Womens Bodycon Party Dress, Sweetheart Neckline Clubwear, Spaghetti Strap Going Out Dress",179.99,Dresses (Casual),['leather'],PK,0,1,https://www.etsy.com/listing/4557589143/faux-leather-mini-dress-womens-bodycon,
"Linen Maxi Dress Women, Beige Sleeveless Dress, V Neck Summer Dress, Boho Casual Dress, Beach Vacation Dress, Loose Fit Long Dress",104.8,Dresses (Casual),['linen'],IN,0,1,https://www.etsy.com/listing/4557586627/linen-maxi-dress-women-beige-sleeveless,
"Floral Maxi Dress, Blue Summer Sundress, Spaghetti Strap Dress, Boho Vacation Dress, Long Casual Dress",29.99,Dresses (Casual),['Unknown'],AU,0,1,https://www.etsy.com/listing/4557569061/floral-maxi-dress-blue-summer-sundress,
"Nigerian luxury lace wedding dress, Wedding Reception Dress, Bridesmaid Dress, Prom Dress, Owambe dress, wedding guest dress",602.67,Dresses (Bridal/Formal),['lace'],CA,0,0,https://www.etsy.com/listing/4557583401/nigerian-luxury-lace-wedding-dress,
"Faux Leather Mini Dress, Womens Bodycon Party Dress, Sweetheart Neckline Clubwear, Spaghetti Strap Going Out Dress",179.99,Dresses (Casual),['leather'],PK,0,1,https://www.etsy.com/listing/4557583381/faux-leather-mini-dress-womens-bodycon,
Boho Lace Maternity Gown | Deep V Pregnancy Dress | Bell Sleeve | Train | Beach Photoshoot | Baby Shower,122.49999999999999,Dresses (Bridal/Formal),['lace'],AU,0,2,https://www.etsy.com/listing/4557457708/boho-lace-maternity-gown-deep-v,
Boho Maternity Lace Dress | Deep V Tulle Gown | Beach Photoshoot | Empire Waist | Flutter Sleeve | Baby Shower,122.49999999999999,Dresses (Bridal/Formal),['lace'],AU,0,1,https://www.etsy.com/listing/4557463142/boho-maternity-lace-dress-deep-v-tulle,
"Handmade Silk Co Ord Set, Indian Silk Top with Shorts, Green Floral Lounge Wear, Bohemian Summer Outfit, Resort Vacation Clothing",89.99,Dresses (Casual),['silk'],IN,0,0,https://www.etsy.com/listing/4557582071/handmade-silk-co-ord-set-indian-silk-top,
"Cotton Maxi Dress, Flowy Loose Fit, Short Sleeve Casual Beach Outfit",117.98,Dresses (Casual),['cotton'],US,0,0,https://www.etsy.com/listing/4557226489/cotton-maxi-dress-flowy-loose-fit-short,
Raw Silk Wedding Sharara Suit | Embroidered Party Wear & Wedding Guest Outfit | Pakistani Indian Designer Ethnic Shalwar Kameez,160.0,Dresses (Bridal/Formal),['silk'],PK,0,2,https://www.etsy.com/listing/4557599064/raw-silk-wedding-sharara-suit,
Tuscany - taffeta swing dress inspired from movie,195.0,Dresses (Casual),['Unknown'],Unknown,2,13,https://www.etsy.com/listing/4557580185/tuscany-taffeta-swing-dress-inspired,
"Cotton Blend Button Front Midi Dress, Ruffle Bell Sleeve, Boho Summer Beach Vacation Style",119.98,Dresses (Casual),['cotton'],US,0,0,https://www.etsy.com/listing/4557241928/cotton-blend-button-front-midi-dress,
"African Print Ankara Midi Dress for Women, Elegant Fit and Flare Ankara Dress, Puff Sleeve African Wax Cotton Dress, Wedding Guest Outfit, N",89.0,Dresses (Bridal/Formal),['cotton'],US,13,463,https://www.etsy.com/listing/4549117044/african-print-ankara-midi-dress-for,
"Party Dress, Floral Maxi Dress, Boho Dress, Pleated Dress, Deep V Dress, Flutter Sleeve Dress, Holiday Dress, Flowy Dress, Summer Dress",118.993,Dresses (Bridal/Formal),['Unknown'],AU,0,0,https://www.etsy.com/listing/4557575863/party-dress-floral-maxi-dress-boho-dress,
Elegant Maxi Dress Long Sleeve V Neck Evening Dress Pleated Twist Waist High Split Prom Dress Wedding Guest Dress Women Formal Gown,200.0,Dresses (Bridal/Formal),['Unknown'],US,0,0,https://www.etsy.com/listing/4557595522/elegant-maxi-dress-long-sleeve-v-neck,
"African wedding Outfit, Matching Couple&#39;s Attire ,Groom and Bride suit",800.0,Dresses (Bridal/Formal),['Unknown'],CA,0,1,https://www.etsy.com/listing/4557582930/african-wedding-outfit-matching-couples,
"White Off Shoulder A Line Wedding Dress, Romantic Midi Bridal Gown",399.89,Dresses (Bridal/Formal),['lace'],US,0,0,https://www.etsy.com/listing/4557575255/white-wedding-dress-romantic-off,
1950s peasant style dress vintage style,138.0,Dresses (Casual),['Unknown'],US,2,5,https://www.etsy.com/listing/4557571137/1950s-peasant-style-dress-vintage-style,
"Party Dress, Boho Dress, Lace Mini Dress, Fringe Dress, Western Dress, V Neck Dress, Long Sleeve Dress, Festival Dress, Beach Dress",104.993,Dresses (Casual),['lace'],AU,0,0,https://www.etsy.com/listing/4557594140/party-dress-boho-dress-lace-mini-dress,
"Sky Blue Satin Silk Maxi Dress: Elegant Evening Party, Formal Wedding Guest",320.0,Dresses (Bridal/Formal),['silk'],PK,0,0,https://www.etsy.com/listing/4557575335/sky-blue-satin-silk-maxi-dress-elegant,
"Liberty London Flower Sundress, Handmade Sustainable Clothing, Personalised Womenswear, Botanical Tiered Sleeveless Dress, Slow-fashioned",269.34799999999996,Dresses (Bridal/Formal),['Unknown'],FR,0,0,https://www.etsy.com/listing/4557591686/liberty-london-flower-sundress-handmade,
Ivory Cotton Skirt Asymmetrical Midi | Keyhole Neckline Separates | City Hall Nuptials,380.0,Dresses (Bridal/Formal),['cotton'],UA,0,0,https://www.etsy.com/listing/4557572873/ivory-cotton-skirt-asymmetrical-midi,
"German Dirndl Dress for Women, Green Bavarian Oktoberfest Outfit, Traditional Trachten Dress",239.0,Dresses (Casual),['Unknown'],PK,0,0,https://www.etsy.com/listing/4557568873/german-dirndl-dress-for-women-green,
"Women’s Leather Festival Outfit,Renaissance Faire Wear",299.99,Dresses (Casual),['leather'],PK,0,0,https://www.etsy.com/listing/4557587998/womens-leather-festival,
"Party Dress, Boho Dress, Lace Maxi Dress, Evening Dress, V Neck Dress, Long Sleeve Dress, Ruffle Dress, Vintage Dress, Spring Dress",118.993,Dresses (Bridal/Formal),['lace'],AU,0,0,https://www.etsy.com/listing/4557567297/party-dress-boho-dress-lace-maxi-dress,
"Lace Maxi Dress, High Neck Long Sleeve, Pleated A Line Gown, Formal Evening Wear",219.89,Dresses (Bridal/Formal),['lace'],US,0,0,https://www.etsy.com/listing/4557567699/pleated-maxi-dress-elegant-dress-high,
"Elegant Lace Maxi Dress, High Neck Long Sleeve A Line Gown, Formal Evening Wear",219.89,Dresses (Bridal/Formal),['lace'],US,0,0,https://www.etsy.com/listing/4557566511/pleated-maxi-dress-elegant-dress-high,
"Linen Skirt: Black Floral Print, Hand Sewn, Elastic Waistband",135.0,Dresses (Bridal/Formal),['linen'],US,0,2,https://www.etsy.com/listing/4557565975/linen-skirt-black-floral-print-hand-sewn,
"Summer Dress, Floral Dress, Maxi Dress, Party Dress, Boho Dress, V Neck Dress, Swing Dress, Flowy Dress, Spring Dress, Casual Dress",118.993,Dresses (Casual),['Unknown'],AU,0,0,https://www.etsy.com/listing/4557585126/summer-dress-floral-dress-maxi-dress,
Lace/Aso-Oke Bubu Dress with Headtie,144.99,Dresses (Casual),['lace'],US,0,2,https://www.etsy.com/listing/4557565955/laceaso-oke-bubu-dress-with-headtie,
"Party Dress, Boho Dress, Lace Mini Dress, Vintage Dress, Deep V Dress, Flare Sleeve Dress, Ruffle Dress, Festival Dress, Beach Dress",111.993,Dresses (Casual),['lace'],AU,0,0,https://www.etsy.com/listing/4557584012/party-dress-boho-dress-lace-mini-dress,
Net Heavy  gown farasha kaftan morrocan wedding dress  with Golden  stitch and golden gems,157.18952,Dresses (Bridal/Formal),['satin'],IN,0,0,https://www.etsy.com/listing/4557564795/net-heavy-gown-farasha-kaftan-morrocan,
"Summer Dress, Maxi Dress, Party Dress, Lace Dress, Floral Dress, Halter Dress, Sleeveless Dress, Beach Dress, Vacation Dress, Boho Dress",111.993,Dresses (Casual),['lace'],AU,0,0,https://www.etsy.com/listing/4557563691/summer-dress-maxi-dress-party-dress-lace,
"Elegant Blue Embroidered Dirndl Dress, Lace Blouse, Oktoberfest Costume",357.20399999999995,Dresses (Casual),['lace'],US,0,0,https://www.etsy.com/listing/4557563145/womens-fancy-dirndl-dress-blue-bavarian,
Modern Reception Outfit Strapless Corset Top | Ivory Bachelorette | Two Piece Ensemble,380.0,Dresses (Bridal/Formal),['satin'],UA,0,0,https://www.etsy.com/listing/4557563767/modern-reception-outfit-strapless-corset,
"Light Blue Dirndl Dress, Traditional Bavarian Folk Costume, Oktoberfest Outfit",183.80399999999997,Dresses (Casual),['Unknown'],US,0,0,https://www.etsy.com/listing/4557556395/light-blue-dirndl-dress-traditional,
I&#39;m Just a Girl bow graphic Girls&#39; Sundress | polka dot ribbon design,31.63,Dresses (Casual),['Unknown'],US,0,0,https://www.etsy.com/listing/4557582072/im-just-a-girl-bow-graphic-girls,
"Boho Floral Maxi Dress, Sheer Chiffon, Long Puff Sleeves, Elegant A-Line Gown",175.99,Dresses (Bridal/Formal),['chiffon'],PK,0,1,https://www.etsy.com/listing/4557561687/boho-floral-maxi-dress-sheer-chiffon,
"Maternity Dress, Boho Maternity Dress, Lace Maternity Dress, Maternity Photo Dress, Pregnancy Dress, Maxi Gown, V Neck Dress, Photo Shoot",111.993,Dresses (Bridal/Formal),['lace'],AU,0,0,https://www.etsy.com/listing/4557562059/maternity-dress-boho-maternity-dress,
"Maternity Dress, Lace Maternity Dress, Maternity Photo Dress, Pregnancy Dress, White Dress, Maternity Gown, Photoshoot Dress, Maxi Dress",111.993,Dresses (Bridal/Formal),['lace'],AU,0,0,https://www.etsy.com/listing/4557560883/maternity-dress-lace-maternity-dress,
"Elegant A Line Evening Dress for Women, Beaded Formal Gown, Criss Cross Party Dress, Wedding Guest Dress, Luxury Special Occasion Gown",1165.8000000000002,Dresses (Bridal/Formal),['Unknown'],GB,0,0,https://www.etsy.com/listing/4557560715/elegant-a-line-evening-dress-for-women,
Pink Floral Chiffon Midi Dress – Cottagecore Fairycore V-Neck Romantic Garden Prom Dress,89.675,Dresses (Bridal/Formal),['chiffon'],TR,0,0,https://www.etsy.com/listing/4557561585/pink-floral-chiffon-midi-dress,
Two Piece Wedding Dress Halter Corset Top | Modern Civil Bride | Minimalist Ivory Silk,380.0,Dresses (Bridal/Formal),['silk'],UA,0,0,https://www.etsy.com/listing/4557578980/two-piece-wedding-dress-halter-corset,
"Summer Dress, Boho Dress, Maxi Dress, Party Dress, Floral Dress, Beach Dress, Vacation Dress, Bohemian Dress, Flowy Dress, Resort Dress",111.993,Dresses (Casual),['Unknown'],AU,0,0,https://www.etsy.com/listing/4557559921/summer-dress-boho-dress-maxi-dress-party,
"Strapless Corset Wedding Dress, Lace-Up Back, Pleated A-Line, Fairytale Bridal Gown",955.0,Dresses (Bridal/Formal),['lace'],IN,0,0,https://www.etsy.com/listing/4557577170/strapless-corset-wedding-dress-lace-up,
"Party Dress, Boho Dress, Maxi Dress, Ruffle Dress, Deep V Dress, Long Sleeve Dress, Club Dress, Vintage Dress, Flowy Dress, Spring Dress",104.993,Dresses (Bridal/Formal),['Unknown'],AU,1,1,https://www.etsy.com/listing/4557577250/party-dress-boho-dress-maxi-dress-ruffle,
Sheesha Silk Farshi Shalwar Suit | Pakistani Indian Designer Dress | Embroidered Party Wear Shalwar Kameez | Wedding Guest & Nikkah Outfit,220.0,Dresses (Bridal/Formal),['silk'],PK,0,4,https://www.etsy.com/listing/4557577168/sheesha-silk-farshi-shalwar-suit,
Halloween Mickey MNSSHP damask Pumpkin and ghost Dress,46.0,Dresses (Casual),['Unknown'],US,0,4,https://www.etsy.com/listing/4557550641/halloween-mickey-mnsshp-damask-pumpkin,
Satin Mini Dress | Strapless Corset Bodice | Reception After Party | Modern Ivory Bride,380.0,Dresses (Bridal/Formal),['satin'],UA,0,2,https://www.etsy.com/listing/4557555597/satin-mini-dress-strapless-corset-bodice,
"Afghan Bridal Dress Long Tail | Purple Kuchi Wedding Gown, Embroidered Ethnic Bride Outfit",79.0,Dresses (Bridal/Formal),['Unknown'],US,0,0,https://www.etsy.com/listing/4557573436/afghan-bridal-dress-long-tail-purple,
"Lace Babydoll Nightgown Set, Floral Lace Chemise with Matching Lingerie, Adjustable Straps, Romantic Sleepwear Gift for Women",28.99,Dresses (Bridal/Formal),['cotton'],PK,0,0,https://www.etsy.com/listing/4557564984/lace-babydoll-nightgown-set-floral-lace,
Linen High Low Ruffle Dress | Sleeveless V-Neck Asymmetrical Summer Sundress,89.675,Dresses (Casual),['linen'],TR,0,0,https://www.etsy.com/listing/4557569178/linen-high-low-ruffle-dress-o-sleeveless,
Beige Tan Dirndl Dress with Lace Blouse | Authentic Bavarian Midi Trachten,299.0,Dresses (Casual),['lace'],PK,0,0,https://www.etsy.com/listing/4557551387/beige-tan-dirndl-dress-with-lace-sleeve,
"Women’s Casual Tunic Top, Button Front Blouse, Relaxed Fit Summer Shirt, Boho Style Top",110.99,Dresses (Casual),['polyester'],PK,0,0,https://www.etsy.com/listing/4557550737/womens-casual-tunic-top-button-front,
"Boho Floral Maxi Dress, Women&#39;s Long Sleeve Dress, Waist-Cinching A Line Dress, Vintage Print Dress, European Bohemian Summer Dress",122.56299999999999,Dresses (Casual),['Unknown'],AU,0,0,https://www.etsy.com/listing/4557568600/boho-floral-maxi-dress-womens-long,
Ivory Beaded Wedding Dress with Corset Bodice & Satin Overskirt,1190.0,Dresses (Bridal/Formal),['satin'],UA,0,0,https://www.etsy.com/listing/4557561342/ivory-beaded-wedding-dress-with-corset,
"Elegant Halter Maxi Dress, Cutout Waist Dress, Tie Front Summer Dress, Boho Dress For Women, Beach Wear",101.44,Dresses (Casual),['Unknown'],IN,0,1,https://www.etsy.com/listing/4557568384/elegant-halter-maxi-dress-cutout-waist,
White Bow Pattern &#39;I&#39;m Just a Girl&#39; Sundress | Girls Dress | Summer Wear,30.63,Dresses (Casual),['Unknown'],US,0,0,https://www.etsy.com/listing/4557566726/white-bow-pattern-im-just-a-girl,
"100% Linen Midi Dress, V-Neck Summer Beach Resort Wear",140.99792,Dresses (Casual),['linen'],IN,0,1,https://www.etsy.com/listing/4557567108/100-linen-dress-for-women-summer-midi,
"Elegant Formal Evening Gown for Women, Long Party Dress, Prom Dress, Wedding Guest Gown, Special Occasion Maxi Dress",779.0,Dresses (Bridal/Formal),['Unknown'],PK,0,2,https://www.etsy.com/listing/4557546689/elegant-formal-evening-gown-for-women,
Sky Blue & Navy Dirndl Dress with Pleated Apron | Authentic Bavarian Button-Front Midi Dress,316.0,Dresses (Casual),['Unknown'],PK,0,1,https://www.etsy.com/listing/4557546675/sky-blue-navy-dirndl-dress-with-pleated,
"Cotton Linen Casual Midi Dress for Women, Loose Fit Button Front with Pocket, Short Sleeves, A-Line Swing Summer Comfortable Everyday Outfit",47.82,Dresses (Casual),['cotton'],PK,0,3,https://www.etsy.com/listing/4557546415/cotton-linen-casual-midi-dress-for-women,
Blue Hand Block Print Cotton Mini Dress – Floral Boho Summer Tunic - Ruffle Sleeve Mini Dress - Boho Mini Dress - Ruffle Dress -Bridle Dress,73.34952,Dresses (Casual),['cotton'],IN,0,0,https://www.etsy.com/listing/4557564356/blue-hand-block-print-cotton-mini-dress,
Sage Green Dirndl Dress Women | Oktoberfest Bavarian Outfit | German Trachten Dress with Apron | Knee Length Dirndl | Traditional Dress,255.0,Dresses (Casual),['Unknown'],PK,0,1,https://www.etsy.com/listing/4557545553/sage-green-dirndl-dress-women,
"Hooded african print Maxi Dress, Ankara Kaftan Dress with Inner Waist Belt, African Hooded Dress, Oversized Long Dress, Colorful Maxi Dress",70.0,Dresses (Casual),['Unknown'],US,0,0,https://www.etsy.com/listing/4557540477/african-print-hooded-maxi-dress-ankara,
Boho Kimono Top & Tapered Pants | Oversized Linen 2 Piece Set | Mediterranean Vacation Matching Outfit | Gift For Her,67.99,Dresses (Casual),['linen'],US,0,7,https://www.etsy.com/listing/4557538953/boho-kimono-top-tapered-pants-oversized,
"Black Ruched Mermaid Maxi Dress, Asymmetrical Collar Evening Gown, Elegant Cinched Waist Formal Dress, Pre-Order",140.0,Dresses (Bridal/Formal),['Unknown'],PK,0,0,https://www.etsy.com/listing/4557544567/black-ruched-mermaid-maxi-dress,
"Cotton Linen Summer Dress, Sleeveless V Neck Mini Dress, Loose Fit Beach Sundress, Casual Vacation Dress, A Line Summer Dress",122.56299999999999,Dresses (Casual),['cotton'],AU,0,0,https://www.etsy.com/listing/4557563400/cotton-linen-summer-dress-sleeveless-v,
"Sequin Wrap Dress, Asymmetrical Long Sleeve Dress, Sparkly Evening Dress, Wedding Guest Dress, Custom Made",223.78,Dresses (Bridal/Formal),['Unknown'],GB,0,0,https://www.etsy.com/listing/4557534577/sequin-wrap-dress-asymmetrical-long,
"Designer Pakistani Look White Top With Plazzo And Dupatta, Eid Outfit, Wedding Collection",65.78296,Dresses (Bridal/Formal),['Unknown'],IN,0,1,https://www.etsy.com/listing/4557549012/designer-pakistani-look-white-top-with,
Floral Smocked Jumpsuit Wide Leg Sleeveless | Boho Summer Vacation Romper | Gift for Her,56.735600000000005,Dresses (Casual),['Unknown'],GB,0,0,https://www.etsy.com/listing/4557541307/floral-smocked-jumpsuit-wide-leg,
"Minimalist Casual Maxi Dress, Summer Long Sleeve Flowy Dress, Comfortable A-Line Loose Fit Beach Dress for Women",122.52443999999998,Dresses (Casual),['Unknown'],FR,0,0,https://www.etsy.com/listing/4557504347/minimalist-casual-maxi-dress-summer-long,
"Blue Plaid Cotton Shirt Dress, L/XL  Loose Jean Duster Jacket,Boho Floral Tunic",169.932,Dresses (Casual),['cotton'],BG,0,1,https://www.etsy.com/listing/4557540095/blue-plaid-cotton-shirt-dress-lxl-loose,
"Rust Brown Linen Midi Dress, Flutter Sleeve A-Line Boho Summer Dress",71.56,Dresses (Casual),['linen'],IN,0,0,https://www.etsy.com/listing/4557539235/rust-brown-linen-dress-womens-v-neck,
Gehäkeltes Kleid Orange • Handmade Unikat • mediterran Stil • Sommer Kleid Baumwolle • Exklusiv-Masche Couture,1028.84,Dresses (Casual),['Unknown'],DE,0,0,https://www.etsy.com/listing/4557229049/gehakeltes-kleid-orange-handmade-unikat,
"Boho Lace Fringe Dress, Deep V Neck Summer Dress, Women&#39;s Patchwork Mini Dress, Long Sleeve Beach Holiday Dress, Elegant Vacation Dress",129.773,Dresses (Casual),['lace'],AU,0,0,https://www.etsy.com/listing/4557557830/boho-lace-fringe-dress-deep-v-neck,
Elegant Lace/Aso-Oke Kaftan Dress with Headtie,114.99,Dresses (Casual),['lace'],US,0,2,https://www.etsy.com/listing/4557558142/elegant-laceaso-oke-kaftan-dress-with,
"Wuthering Heights Inspired Crinoline Costume, 1850s Victorian Corselet and Red Skirt",210.0,Dresses (Bridal/Formal),['Unknown'],UA,0,6,https://www.etsy.com/listing/4557538975/wuthering-heights-inspired-crinoline,
"Genuine Leather Midi Dress, Handmade Sleeveless Bodycon Dress, Women&#39;s Evening Party Wear",500.0,Dresses (Casual),['leather'],PK,0,0,https://www.etsy.com/listing/4557538517/genuine-leather-midi-dress-handmade,
"100% Linen Wrap Midi Dress, Botanical Embroidery, Cottagecore Boho Style",283.35823999999997,Dresses (Casual),['linen'],IN,0,3,https://www.etsy.com/listing/4557537635/100-linen-wrap-dress-embroidered-midi,
"Boho Maxi Shirt Dress, Button Front, Long Sleeve, Ankle Length, Resort Wear",129.98,Dresses (Casual),['Unknown'],US,0,0,https://www.etsy.com/listing/4557556276/boho-maxi-shirt-dress-button-front-long,
Emerald Green Dirndl Dress with White Lace Blouse | Authentic Bavarian Button-Front Midi Dress,299.0,Dresses (Casual),['lace'],PK,0,0,https://www.etsy.com/listing/4557535635/emerald-green-dirndl-dress-with-white,
"Green Button Down Shirt Dress, Short Sleeve Midi Dress with Pockets, Casual Summer Vacation Beach Dress, Women&#39;s Oversized Shirt Dress",199.99,Dresses (Casual),['Unknown'],US,0,2,https://www.etsy.com/listing/4557553502/green-button-down-shirt-dress-short,
"Blush Pink  Pakistani Sharara Suit, Wedding Dress, Party Wear Outfit",145.0,Dresses (Bridal/Formal),['Unknown'],PK,0,0,https://www.etsy.com/listing/4557534461/blush-pink-pakistani-sharara-suit,
"Women&#39;s Boho Floral Midi Dress, V-Neck Summer A-Line Vacation Dress",125.0,Dresses (Casual),['Unknown'],PK,0,5,https://www.etsy.com/listing/4557553334/womens-boho-floral-midi-dress-v-neck,
"One Shoulder Satin Midi Dress, Elegant Ruched Evening Gown, Wedding Guest Cocktail Attire",66.79666,Dresses (Bridal/Formal),['satin'],IL,0,0,https://www.etsy.com/listing/4557518939/one-shoulder-satin-midi-dress-elegant,
indigo Blue Printed Cotton Salwar Suit Set,52.38952,Dresses (Casual),['cotton'],IN,0,0,https://www.etsy.com/listing/4557533487/indigo-blue-printed-cotton-salwar-suit,
"Linen Maxi Dress for Women, Sleeveless Flowy Dress, Casual A Line Dress, Beach Sundress, Boho Long Dress with Pockets, Summer Dress",122.56299999999999,Dresses (Casual),['linen'],AU,0,0,https://www.etsy.com/listing/4557533603/linen-maxi-dress-for-women-sleeveless,
"White Cotton Fruit Embroidered Midi Dress, Boho Casual Summer Style",150.0,Dresses (Casual),['cotton'],IN,0,5,https://www.etsy.com/listing/4557551828/hand-white-embroidered-cotton-dress,
"Party Dress, Mini Dress, Floral Dress, Yellow Dress, Summer Dress, Y2K Dress, Puff Sleeve Dress, V Neck Dress, Pleated Dress, Beach Dress",104.993,Dresses (Casual),['Unknown'],AU,0,0,https://www.etsy.com/listing/4557551462/party-dress-mini-dress-floral-dress,
"Hand Block Print Cotton Midi Dress, Pomegranate Jaipuri Style With Pockets",59.211999999999996,Dresses (Casual),['cotton'],IN,0,1,https://www.etsy.com/listing/4557550916/super-hand-block-print-cotton,
"Boho Dress, Party Dress, A Line Dress, Linen Dress, Long Sleeve Dress, High Waist Dress, Casual Dress, Midi Dress, Travel Dress",132.993,Dresses (Casual),['linen'],AU,0,0,https://www.etsy.com/listing/4557530919/boho-dress-party-dress-a-line-dress,
Indian crop top lehenga skirt for women floral printed black crop top skirt free shipping,99.0,Dresses (Casual),['cotton'],IN,0,0,https://www.etsy.com/listing/4557547562/indian-crop-top-lehenga-skirt-for-women,
"Women&#39;s Zip Front Mini Dress, Sleeveless Halter Collar, Fringe Hem, Fitted Party Dress",130.0,Dresses (Casual),['Unknown'],US,0,0,https://www.etsy.com/listing/4557531141/womens-zip-front-mini-dress-sleeveless,
"Party Dress, Boho Dress, Lace Dress, Wedding Guest Dress, Backless Dress, Long Sleeve Dress, Sweetheart Dress, Ruffle Dress, Midi Dress",118.993,Dresses (Bridal/Formal),['lace'],AU,0,0,https://www.etsy.com/listing/4557548720/party-dress-boho-dress-lace-dress,
"Boho Beige Lace Maxi Dress, Deep V Neck Long Sleeve Dress, Vintage Flowy Gown, Beach Vacation Dress, Bohemian Festival Dress",122.56299999999999,Dresses (Bridal/Formal),['lace'],AU,0,0,https://www.etsy.com/listing/4557528747/boho-beige-lace-maxi-dress-deep-v-neck,
Indian cotton maxi kaftan maxi dress beach coverup  hand block printed kaftan dress Indian dress maxi dress indian beachcoverup,40.0,Dresses (Casual),['cotton'],IN,0,0,https://www.etsy.com/listing/4557527217/indian-cotton-maxi-kaftan-maxi-dress,
"Elegant Cotton Maxi Dress, V Neck Long Sleeve Dress, Flowing Boho Summer Dress, Relaxed Casual Dress",138.93,Dresses (Casual),['cotton'],IN,0,3,https://www.etsy.com/listing/4557528765/elegant-cotton-maxi-dress-v-neck-long,
Ankara/Aso-Oke Kaftan Dress | African Print Boubou with Headtie,109.0,Dresses (Casual),['Unknown'],US,0,0,https://www.etsy.com/listing/4557528039/ankaraaso-oke-kaftan-dress-african-print,
"Summer Dress, Party Dress, Boho Dress, Maxi Dress, Sleeveless Dress, Holiday Dress, O Neck Dress, Beach Dress, Vacation Dress, Flowy Dress",118.993,Dresses (Casual),['Unknown'],AU,0,0,https://www.etsy.com/listing/4557528357/summer-dress-party-dress-boho-dress-maxi,
Indian cotton bathrobe kimono robe maxi dress beach coverup  hand block printed kaftan dress Indian dress maxi dress indian beachcoverup,45.0,Dresses (Casual),['cotton'],IN,0,0,https://www.etsy.com/listing/4557543896/indian-cotton-bathrobe-kimono-robe-maxi,
"Elegant Mesh Midi Dress, Sleeveless Wedding Guest Dress, Vintage Cocktail Party Dress, Summer Formal Occasion Dress",375.87,Dresses (Bridal/Formal),['Unknown'],GB,1,2,https://www.etsy.com/listing/4557546456/elegant-mesh-midi-dress-sleeveless,
"Summer Dress, Party Dress, Vintage Dress, Ruffle Dress, Sleeveless Dress, High Neck Dress, Casual Dress, Flowy Dress, Boho Dress",118.993,Dresses (Casual),['Unknown'],AU,0,3,https://www.etsy.com/listing/4557526989/summer-dress-party-dress-vintage-dress,
"Light Blue Linen Midi Dress, Sleeveless V-Neck, Relaxed Fit, Pockets",67.99,Dresses (Casual),['linen'],IN,0,0,https://www.etsy.com/listing/4557546626/light-blue-linen-dress-sleeveless-v-neck,
Elegant Houndstooth Print Midi Dress | Women&#39;s Long Sleeve Bodycon Clubwear,80.90843999999998,Dresses (Casual),['knit'],FR,0,0,https://www.etsy.com/listing/4557545478/elegant-houndstooth-print-midi-dress,
"100% Linen Embroidered Midi Dress, Square Neck Long Sleeve, Romantic Floral Cottagecore Style",283.35823999999997,Dresses (Casual),['linen'],IN,0,4,https://www.etsy.com/listing/4557544960/100-linen-embroidered-midi-dress-square,
"Summer Dress, Party Dress, Maxi Dress, Lace Trim Dress, V Neck Dress, Flowy Dress, Beach Dress, Vacation Dress, Boho Dress, Holiday Dress",111.993,Dresses (Casual),['lace'],AU,0,1,https://www.etsy.com/listing/4557525587/summer-dress-party-dress-maxi-dress-lace,
"Linen Shirt Dress Women, Linen Tunic Dress with Pockets, 3/4 Sleeve Summer Dress, Button Front Linen Dress, Casual Vacation Outfit",182.0,Dresses (Casual),['linen'],IN,0,0,https://www.etsy.com/listing/4557526277/linen-shirt-dress-women-linen-tunic,
"Boho Lace Maxi Dress, Deep V Neck White Dress, Vintage Hollow Out Dress, Bohemian Long Sleeve Dress, Summer Beach Vacation Dress",122.56299999999999,Dresses (Casual),['lace'],AU,0,0,https://www.etsy.com/listing/4557544620/boho-lace-maxi-dress-deep-v-neck-white,
Indian cotton midi dress kaftan maxi dress beach coverup  hand block printed kaftan dress Indian dress maxi dress indian beachcoverup,55.0,Dresses (Casual),['cotton'],IN,0,0,https://www.etsy.com/listing/4557541838/indian-cotton-midi-dress-kaftan-maxi,
Blush Pink Palestinian Thobe – Elegant Traditional Embroidered Maxi Dress,140.0,Dresses (Casual),['Unknown'],PK,0,0,https://www.etsy.com/listing/4557542974/blush-pink-palestinian-thobe-elegant,
Large Tie Dye Dress - Ribbed Bodycon,44.0,Dresses (Casual),['Unknown'],US,0,0,https://www.etsy.com/listing/4557452213/large-tie-dye-dress-ribbed-bodycon,
"Silk Satin Backless Halter Gown, Elegant Minimalist Bridal Dress, Floor Length White Wedding Gown",654.0,Dresses (Bridal/Formal),['silk'],IN,0,0,https://www.etsy.com/listing/4557543202/silk-satin-backless-halter-gown-elegant,
1920s style flapper dress style L,173.39999999999998,Dresses (Casual),['chiffon'],FR,1,1,https://www.etsy.com/listing/4557522753/1920s-style-flapper-dress-style-l,
2XL Rainbow Tie Dye Dress - Spiral Ribbed Bodycon,50.0,Dresses (Casual),['Unknown'],US,1,1,https://www.etsy.com/listing/4557540374/2xl-rainbow-tie-dye-dress-spiral-ribbed,
"Handmade Red Sequin Maxi Dress XS, Cotton Sequin Evening Dress, Sparkly Bodycon Dress, Elegant Party & Special Occasion Dress",200.0,Dresses (Bridal/Formal),['cotton'],US,0,0,https://www.etsy.com/listing/4557533746/handmade-red-sequin-maxi-dress-xs-cotton,
"Women&#39;s Cotton Linen Three Piece Set, Kimono Top and Wide Leg Pants, Resort Outfit",140.0,Dresses (Casual),['cotton'],US,0,0,https://www.etsy.com/listing/4557542072/womens-cotton-linen-three-piece-set,
"Black Button-Up Shirt Dress, Casual Short Sleeve Pocket Dress, Summer Midi Shirt Dress, Oversized Casual Wear, Women&#39;s Minimalist Clothing",199.99,Dresses (Casual),['Unknown'],US,0,0,https://www.etsy.com/listing/4557522423/black-button-up-shirt-dress-casual-short,
"Maternity Lace Dress, Off Shoulder Pregnancy Photoshoot Gown, White Bell Sleeve Maxi Dress, Baby Shower Dress, Maternity Photography",136.98299999999998,Dresses (Bridal/Formal),['lace'],AU,0,0,https://www.etsy.com/listing/4557540746/maternity-lace-dress-off-shoulder,
Indian cotton maxi kaftan maxi dress beach coverup  hand block printed kaftan dress Indian dress maxi dress indian beachcoverup,40.0,Dresses (Casual),['cotton'],IN,0,2,https://www.etsy.com/listing/4557539110/indian-cotton-maxi-kaftan-maxi-dress,
"Linen Cotton Maxi Dress, Spaghetti Strap Summer Beach Vacation Slip Dress",109.98,Dresses (Casual),['cotton'],US,0,0,https://www.etsy.com/listing/4557520313/linen-cotton-maxi-dress-spaghetti-strap,
Romantik flapper dress style L,202.29999999999998,Dresses (Casual),['chiffon'],FR,0,2,https://www.etsy.com/listing/4557537886/romantik-flapper-dress-style-l,
black Palestinian Thobe – Traditional  Embroidered Palestinian Dress,140.0,Dresses (Casual),['Unknown'],PK,0,0,https://www.etsy.com/listing/4557540120/black-palestinian-thobe-traditional,
Women’s German Dirndl Dress | Olive Green Traditional Bavarian Dress | Oktoberfest Outfit |Alpine Festival,249.0,Dresses (Casual),['Unknown'],PK,0,1,https://www.etsy.com/listing/4557538540/womens-german-dirndl-dress-o-olive-green,
"Backless Silk Slip Cami Dress, Ivory Satin Bias Cut Gown with open back , 100% Pure Satin Maxi dress, Summer Vacation & Wedding Guest Dress",126.9998,Dresses (Bridal/Formal),['silk'],CA,0,0,https://www.etsy.com/listing/4557538666/backless-silk-slip-cami-dress-ivory,
White Button Down Shirt Dress Casual Short Sleeve Summer Dress with Pockets Lightweight Cover Up Women&#39;s Midi Dress Minimalist Beach Apparel,199.99,Dresses (Casual),['cotton'],US,0,0,https://www.etsy.com/listing/4557519553/white-button-down-shirt-dress-casual,
"Boho Maternity Lace Dress, Pregnancy Photoshoot Gown, Bell Sleeve Maxi Dress, White Lace Maternity Photography Dress, V Neck Gown",129.773,Dresses (Bridal/Formal),['lace'],AU,0,0,https://www.etsy.com/listing/4557518569/boho-maternity-lace-dress-pregnancy,
"Beige Corset Maxi Dress, Asymmetrical Formal Evening Gown, Champange Maxi Dress, Wedding Guest dress, Red Carpet Gown, Elegant Formal Dress",294.8,Dresses (Bridal/Formal),['Unknown'],GB,0,0,https://www.etsy.com/listing/4557504250/beige-corset-maxi-dress-asymmetrical,
"Golden Tree Art Long Sleeve Dress, Elegant Floral Swing Dress, Polyester Fabric",43.33,Dresses (Casual),['polyester'],TR,1,9,https://www.etsy.com/listing/4557537410/womens-long-sleeve-dance-dress-aop,
"Women&#39;s Boho Maxi Dress, Polyester Flowy Jumpsuit, Spaghetti Strap Wide Leg Resort Outfit",140.0,Dresses (Bridal/Formal),['polyester'],US,0,0,https://www.etsy.com/listing/4557516957/womens-boho-maxi-dress-polyester-flowy,
"Embroidered Cotton Kaftan Dress, Boho Floral Fruit Tunic, Loose Fit Beach Cover Up",178.0,Dresses (Casual),['cotton'],IN,0,0,https://www.etsy.com/listing/4557517223/embroidered-cotton-kaftan-dress-boho,
"Cotton Linen Dress for Women&#39;s, Ruffle short Sleeves, Round Neck Lace Elegant Boho Beach Summer Vacation Outfit Loose fit, Casual Midi Maxi.",46.54,Dresses (Casual),['cotton'],PK,0,7,https://www.etsy.com/listing/4557516893/cotton-linen-dress-for-womens-ruffle,
"Embroidered Cotton Kaftan Dress, Boho Floral Fruit Tunic, Loose Fit Beach Cover Up",178.0,Dresses (Casual),['cotton'],IN,0,1,https://www.etsy.com/listing/4557515913/embroidered-cotton-kaftan-dress-boho,
"100% Linen Floral Embroidered Midi Dress, A-Line, 3/4 Sleeve, Custom Fit Tea Length",283.35823999999997,Dresses (Casual),['linen'],IN,0,6,https://www.etsy.com/listing/4557515183/100-linen-floral-embroidered-midi-dress,
"Boho Maternity Lace Dress, V Neck Pregnancy Photoshoot Gown, White Maxi Dress, Long Sleeve Maternity Photography Dress, Baby Shower",122.56299999999999,Dresses (Bridal/Formal),['lace'],AU,0,0,https://www.etsy.com/listing/4557534852/boho-maternity-lace-dress-v-neck,
"Embroidered Cotton Kaftan Dress, Boho Floral Fruit Tunic, Loose Fit Beach Cover Up",178.0,Dresses (Casual),['cotton'],IN,0,3,https://www.etsy.com/listing/4557533084/embroidered-cotton-kaftan-dress-boho,
"Cream Moroccan Takchita Kaftan: Embroidered Organza Gown, Formal Occasion Dress",489.0,Dresses (Bridal/Formal),['Unknown'],US,0,0,https://www.etsy.com/listing/4557510531/cream-moroccan-takchita-kaftan,
"French Retro Maxi Dress, V Neck Boho Dress, Belted Long Sleeve Dress, Pleated A Line Dress, Vintage Autumn Dress, Slit Dress",129.773,Dresses (Casual),['Unknown'],AU,0,0,https://www.etsy.com/listing/4557532068/french-retro-maxi-dress-v-neck-boho,
"Burgundy Velvet Dirndl Dress, Austrian German Oktoberfest Outfit, Black Cotton Skirt, Satin Apron",249.0,Dresses (Casual),['cotton'],PK,0,5,https://www.etsy.com/listing/4557513229/burgundy-velvet-dirndl-dress-austrian,
Beige Cotton Block Print Kurta Pant Dupatta Set | Geometric Floral Indian Suit,52.4,Dresses (Casual),['cotton'],IN,0,1,https://www.etsy.com/listing/4557531756/beige-cotton-block-print-kurta-pant,
"Pakistani Indian Unstitched fancy Suit,Net Material with  Embroidery work and handmade tussle, Unstitched Suit, Shalwar kamez, Wedding Party",201.0,Dresses (Bridal/Formal),['Unknown'],GB,0,3,https://www.etsy.com/listing/4557523616/pakistani-indian-unstitched-fancy,
"Aso oke, ,wedding dress, Traditional outfit, asoebi Dress, yoruba attire, Owambe dress, wedding guest dress. Dedication outfit, asoke outfit",715.67,Dresses (Bridal/Formal),['Unknown'],CA,0,0,https://www.etsy.com/listing/4557526198/aso-oke-wedding-dress-traditional-outfit,
"Women&#39;s Christmas Wrap Dress, V Neck Holiday Party Dress, Festive Short Sleeve Xmas Outfit",69.97,Dresses (Casual),['Unknown'],PK,0,0,https://www.etsy.com/listing/4557529868/womens-christmas-wrap-dress-v-neck,
Women&#39;s 2 Piece Blouse & Pants Set | Long Sleeve Bow Top  Straight Leg Trousers | Elegant Casual Business Outfit | Chic Suit Set,300.0,Dresses (Bridal/Formal),['Unknown'],US,0,0,https://www.etsy.com/listing/4557529452/womens-2-piece-blouse-pants-set-long,
"Light Blue Summer Dress, Boho Lace V-Neck Dress, Short Sleeve Casual Dress, Vacation Beach Dress, Women&#39;s Cute Sundress, Retro Party Dress",199.99,Dresses (Casual),['lace'],US,0,0,https://www.etsy.com/listing/4557511029/light-blue-summer-dress-boho-lace-v-neck,
"Green Gingham Cotton Maxi Dress | Button Front, 3/4 Sleeve Summer Dress",30.0,Dresses (Casual),['cotton'],IN,0,13,https://www.etsy.com/listing/4557528242/green-gingham-cotton-dress-o-womens,
Pink Butterfly Floral Graphic T-Shirt Pyjama |  cozy self care vibe pyjama,51.23392,Dresses (Casual),['Unknown'],FI,0,0,https://www.etsy.com/listing/4557509481/pink-butterfly-floral-graphic-t-shirt,
"Embroidered Kaftan Dress: Luxury Farasha, Modest Muslim Party Wear, Gold Beads Work",136.22952,Dresses (Bridal/Formal),['Unknown'],IN,0,0,https://www.etsy.com/listing/4557527204/elegant-embroidered-kaftan-dress-for,
"Lavender Eyelet Lace Summer Dress, Boho V-Neck Ruffle Short Dress, Women&#39;s Casual Vacation Beach Dress with Handbag Match",199.99,Dresses (Casual),['lace'],US,0,1,https://www.etsy.com/listing/4557508087/lavender-eyelet-lace-summer-dress-boho-v,
"Blue Yellow Striped Cotton Dress for Women, Handmade Maxi Dress, Button Front V Neck Dress, Long Sleeve Summer Dress, Boho Casual Dress",24.0,Dresses (Casual),['cotton'],IN,0,0,https://www.etsy.com/listing/4557508237/blue-yellow-striped-cotton-dress-for,
PRIVATE LISTING: JORDAN,220.0,Dresses (Bridal/Formal),['cotton'],US,1,6,https://www.etsy.com/listing/4557527366/private-listing-jordan,
Burgundy Wine Red Dirndl Dress with white Lace Blouse | Authentic Bavarian High-Neck Midi Dress,299.0,Dresses (Casual),['lace'],PK,0,0,https://www.etsy.com/listing/4557527462/burgundy-wine-red-dirndl-dress-with,
"Floral Mini Dress, V Neck Summer Dress, Boho Print Dress, Trumpet Sleeve Dress, A Line Party Dress, Elegant Women&#39;s Dress",122.56299999999999,Dresses (Casual),['Unknown'],AU,0,0,https://www.etsy.com/listing/4557525824/floral-mini-dress-v-neck-summer-dress,
Red Floral Printed Dress For Women Engagement Dress Wear Hand Block Print Cotton Dress Wedding Dress Summer Dress,39.99,Dresses (Bridal/Formal),['cotton'],IN,0,2,https://www.etsy.com/listing/4557526760/red-floral-printed-dress-for-women,
"Moana and Maui Matching Couple Outfit, Polynesian Princess Costume Wrap Skort Dress and 3D Shirt, Disney Halloween Costume",13.0,Dresses (Casual),['Unknown'],VN,3,4,https://www.etsy.com/listing/4557447658/moana-and-maui-matching-couple-outfit,
Women&#39;s Casual Floral Printed Midi Skirt Short Sleeve Dress,89.0,Dresses (Casual),['Unknown'],US,0,5,https://www.etsy.com/listing/4557524832/womens-casual-floral-printed-midi-skirt,
"Pakistani Suit Set | Pink Floral Embroidery, Printed Dupatta, 3-Piece Ethnic Wear",125.75999999999999,Dresses (Bridal/Formal),['Unknown'],IN,0,1,https://www.etsy.com/listing/4557505545/pakistani-suit-set-pink-floral,
"Women’s Loose Tunic Top, Button Neck Blouse, Short Sleeve Casual Summer Shirt, Relaxed Fit",54.99,Dresses (Casual),['Unknown'],US,0,2,https://www.etsy.com/listing/4557524858/womens-loose-tunic-top-button-neck,
"White Floral Mini Dress with Pink Flowers, Short Sleeve V Neck Tiered Dress, Cottagecore Babydoll Ruffle Dress, Casual Sundress for Women",70.81336,Dresses (Casual),['Unknown'],IN,0,0,https://www.etsy.com/listing/4557506489/white-floral-mini-dress-with-pink,
"Nigerian luxury lace wedding dress, Wedding Reception Dress, Bridesmaid Dress, Prom Dress, Owambe dress, wedding guest dress",452.0,Dresses (Bridal/Formal),['lace'],CA,0,2,https://www.etsy.com/listing/4557503713/nigerian-luxury-lace-wedding-dress,
Pink Eyelet Dress Summer Women Casual Short V-Neck Ruffle Sleeve Bohemian Beach Sun Dress Cute Vacation Travel Outfit,199.99,Dresses (Casual),['lace'],US,0,0,https://www.etsy.com/listing/4557505405/pink-eyelet-dress-summer-women-casual,
Sequin Mini Skirt - Silver: Handmade 70s Disco Dancing Festival Rave Going Out Party Outfit,160.684,Dresses (Casual),['Unknown'],ES,0,1,https://www.etsy.com/listing/4557523354/sequin-mini-skirt-silver-handmade-70s,
"White Lace Summer Dress, Boho V-Neck Sundress, Short Ruffle Sleeve Casual Dress, Cotton Eyelet Beach Dress, Women&#39;s Vacation Outfit Wardrova",199.99,Dresses (Casual),['cotton'],US,0,0,https://www.etsy.com/listing/4557522080/white-lace-summer-dress-boho-v-neck,
"Embroidered Georgette Kaftan Dress: Modest Maxi Party Wear, Eid Wedding Outfit",94.30951999999999,Dresses (Bridal/Formal),['Unknown'],IN,0,0,https://www.etsy.com/listing/4557503987/elegant-embroidered-kaftan-dress-for,
"Floral Maxi Dress, Pink Flower Spaghetti Strap Dress, Elegant Summer Vacation Dress, Wedding Guest Dress, Beach Party Dress",130.0,Dresses (Bridal/Formal),['Unknown'],PK,0,1,https://www.etsy.com/listing/4557503491/floral-maxi-dress-pink-flower-spaghetti,
"Blue Gingham Maxi Dress, Sleeveless Tiered Cotton, Tie Waist Cottagecore Style",52.38952,Dresses (Casual),['cotton'],IN,1,0,https://www.etsy.com/listing/4557522132/blue-gingham-maxi-dress-sleeveless,
"Party Dress, Vintage Maxi Dress, Boho Dress, Printed Dress, Deep V Dress, Ruffle Dress, Flare Sleeve Dress, Summer Dress, Flowy Dress",132.993,Dresses (Bridal/Formal),['Unknown'],AU,0,1,https://www.etsy.com/listing/4557503113/party-dress-vintage-maxi-dress-boho,
"Brown Cotton Dirndl Dress, German Oktoberfest Outfit, Embroidered Satin Apron, Bavarian Midi Dress",249.0,Dresses (Casual),['cotton'],PK,0,2,https://www.etsy.com/listing/4557503937/brown-cotton-dirndl-dress-german,
"Medieval Hooded Dress for Women, Elven Witch Druid Costume, Renaissance Fantasy Tunic, LARP Ranger Vest, Sleeveless Medieval Top",121.38,Dresses (Bridal/Formal),['Unknown'],FR,0,2,https://www.etsy.com/listing/4557502527/renaissance-dress-for-women-cottagecore,
"Party Dress, Floral Maxi Dress, Summer Dress, Boho Dress, Off Shoulder Dress, Sleeveless Dress, Holiday Dress, Vacation Dress, Beach Dress",125.993,Dresses (Bridal/Formal),['Unknown'],AU,0,0,https://www.etsy.com/listing/4557502039/party-dress-floral-maxi-dress-summer,
"Black Ruched Mini Dress, Long Sleeve High Neck Pleated Cocktail Dress",109.99,Dresses (Casual),['Unknown'],US,0,0,https://www.etsy.com/listing/4557502023/black-ruched-mini-dress-long-sleeve-high,
Floral White Printed Top Daily Wear Cotton Top For Women Handblock Print Indian Designer Top,35.99,Dresses (Casual),['cotton'],IN,0,2,https://www.etsy.com/listing/4557521630/floral-white-printed-top-daily-wear,
"Boho Lace Maxi Dress, Embroidered White Dress, V Neck Beach Dress, Bohemian Tunic Dress, Summer Vacation Dress, Loose Maxi Dress",122.56299999999999,Dresses (Casual),['lace'],AU,0,0,https://www.etsy.com/listing/4557501633/boho-lace-maxi-dress-embroidered-white,
"Linen Blend Blouse, Women&#39;s Round Neck Top, Decorative Buttons, 3/4 Sleeve Shirt, Boho Chic",80.0,Dresses (Casual),['linen'],US,0,0,https://www.etsy.com/listing/4557500743/linen-blend-blouse-womens-round-neck-top,
Women&#39;s V Neck Spaghetti Strap Sundress Flowy Casual Beach Mini Dress Pockets,60.0,Dresses (Casual),['Unknown'],PK,1,4,https://www.etsy.com/listing/4557519150/womens-v-neck-spaghetti-strap-sundress,
Embroidered Kaftan Dress: Luxury Farasha Modest Maxi Party Wear,125.74951999999999,Dresses (Casual),['Unknown'],IN,0,0,https://www.etsy.com/listing/4557518518/jacket-elegant-embroidered-kaftan-dress,
"Party Dress, Lace Dress, Y2K Dress, White Dress, Maxi Dress, V Neck Dress, Summer Dress, Beach Dress, Vacation Dress, Evening Dress",111.993,Dresses (Bridal/Formal),['lace'],AU,0,5,https://www.etsy.com/listing/4557519262/party-dress-lace-dress-y2k-dress-white,
"Cotton Midi Dress, Sleeveless Square Neck Summer Dress, A-Line Sundress Maroon",73.34952,Dresses (Casual),['cotton'],IN,0,0,https://www.etsy.com/listing/4557498481/cotton-midi-dress-sleeveless-square-neck,
Ornate Baroque Floral Dress | Vintage Gold Blue Damask Mini Dress | Luxury Black Ottoman Tulip Dress | Elegant Sleeveless Party Dress,142.95,Dresses (Casual),['Unknown'],TR,0,14,https://www.etsy.com/listing/4557516806/ornate-baroque-floral-dress-vintage-gold,
"Party Dress, Boho Dress, Floral Maxi Dress, Green Dress, Chiffon Dress, Deep V Dress, Long Sleeve Dress, Beach Dress, Vacation Dress",104.993,Dresses (Bridal/Formal),['chiffon'],AU,0,0,https://www.etsy.com/listing/4557517334/party-dress-boho-dress-floral-maxi-dress,
"Yellow Lace Maxi Dress, Elegant Sleeveless Party Dress, Summer Pleated Long Dress, Vintage Style Formal Gown",199.99,Dresses (Bridal/Formal),['lace'],US,0,0,https://www.etsy.com/listing/4557498279/yellow-lace-maxi-dress-elegant,
"Black Corset Maxi Dress, Asymmetrical Evening Gown, Formal Black Dress,  Wedding Guest Dress, Long Prom Dress",294.8,Dresses (Bridal/Formal),['Unknown'],GB,0,0,https://www.etsy.com/listing/4557508914/black-corset-maxi-dress,
"Maternity Dress, Maternity Photo Dress, Lace Maternity Dress, Pregnancy Dress, Maternity Gown, Maxi Dress, Off Shoulder Dress, Ruffle Dress",111.993,Dresses (Bridal/Formal),['lace'],AU,0,0,https://www.etsy.com/listing/4557497379/maternity-dress-maternity-photo-dress,
"Cotton Maxi Dress Women, Red Tiered Maxi Dress, Long Sleeve Boho Dress, Button Front Dress, Cotton Long Dress, Casual Summer Dress",66.024,Dresses (Casual),['cotton'],IN,1,1,https://www.etsy.com/listing/4557516598/cotton-maxi-dress-women-red-tiered-maxi,
Special order for Margaret,169.55051999999998,Dresses (Casual),['Unknown'],LT,1,5,https://www.etsy.com/listing/4557498223/special-order-for-margaret,
Bodycon dress,53.99,Dresses (Casual),['Unknown'],US,0,1,https://www.etsy.com/listing/4557493575/bodycon-dress,
"Party Dress, Boho Dress, Lace Dress, Midi Dress, White Dress, Vacation Dress, Ruched Dress, High Waist Dress, Sleeveless Dress",118.993,Dresses (Casual),['lace'],AU,0,0,https://www.etsy.com/listing/4557494943/party-dress-boho-dress-lace-dress-midi,
"Red Floral Maxi Dress, Hand Block Print Cotton Dress, Boho Tiered Long Dress, Women’s Ethnic Summer Dress, Indian Block Print Dress",188.64,Dresses (Casual),['cotton'],IN,0,2,https://www.etsy.com/listing/4557495107/red-floral-maxi-dress-hand-block-print,
"Black Pleated Maxi Dress, Elegant Lace Short Sleeve Evening Party Dress Gothic Steampunk Formal Long Dress Vintage Midi Dress Women Clothing",199.99,Dresses (Bridal/Formal),['lace'],US,0,0,https://www.etsy.com/listing/4557495371/black-pleated-maxi-dress-elegant-lace,
"Tango Dress, Frill dress, Dance dress, Salsa dress - Florinda Frill",147.4,Dresses (Casual),['jersey'],GB,0,0,https://www.etsy.com/listing/4557468796/tango-dress-frill-dress-dance-dress,
"Pink Orange Striped Cotton Dress for Women, Handmade Maxi Dress, Button Front V Neck Dress, Long Sleeve Summer Dress, Boho Cottage core",24.0,Dresses (Casual),['cotton'],IN,0,0,https://www.etsy.com/listing/4557512252/pink-orange-striped-cotton-dress-for,
White Palestinian Thobe – Traditional Blue Embroidered Palestinian Dress,140.0,Dresses (Casual),['Unknown'],PK,0,0,https://www.etsy.com/listing/4557493623/white-palestinian-thobe-traditional-blue,
"Navy Blue Striped Maxi Dress, Cold Shoulder Boho Summer Resort Wear",80.0,Dresses (Casual),['Unknown'],PK,0,0,https://www.etsy.com/listing/4557493161/navy-blue-striped-maxi-dress-cold,
"Elegant White Lace Maxi Dress, Pleated High Neck Chiffon Gown, Formal Party Wear, Bridesmaid Dress, Modest White Wedding Guest Dress",199.99,Dresses (Bridal/Formal),['chiffon'],US,0,0,https://www.etsy.com/listing/4557510442/elegant-white-lace-maxi-dress-pleated,
"Party Dress, Boho Dress, Lace Dress, Skirt Set, Two Piece Set, V Neck Top, Flare Sleeve, Long Skirt, Embroidered Set, Evening Outfit",118.993,Dresses (Casual),['lace'],AU,1,3,https://www.etsy.com/listing/4557492181/party-dress-boho-dress-lace-dress-skirt,
Luxury Black Gold Paisley Maxi Dress Long Sleeve Boho Wrap Dress Elegant Evening Gown Royal Printed Dress V-Neck Vintage Summer Fashion,199.0,Dresses (Bridal/Formal),['Unknown'],US,0,2,https://www.etsy.com/listing/4557492255/luxury-black-gold-paisley-maxi-dress,
"Burgundy Off Shoulder Maxi Dress, Ruched Bodycon Evening Gown, Wine Red Formal Dress",150.0,Dresses (Bridal/Formal),['Unknown'],PK,0,1,https://www.etsy.com/listing/4557492283/burgundy-off-shoulder-maxi-dress-ruched,
Maleficent Dresses with Built in Shorts | mommy and me disney world disneyland family group halloween sleeping beauty dragon costume cosplay,15.0,Dresses (Casual),['Unknown'],US,0,3,https://www.etsy.com/listing/4557492033/maleficent-dresses-with-built-in-shorts,
"Navy Blue Lace Chiffon Mother of the Bride Gown, A-Line Sequin Formal Wedding Guest Dress",353.024,Dresses (Bridal/Formal),['chiffon'],HK,295,207018,https://www.etsy.com/listing/4453461634/lace-chiffon-mother-of-the-bride-dress-a,
"Summer Dress, Maxi Dress, Party Dress, Boho Dress, Ruffle Dress, V Neck Dress, Tiered Dress, Flowy Dress, Sleeveless Dress, Vacation Dress",118.993,Dresses (Casual),['Unknown'],AU,0,0,https://www.etsy.com/listing/4557490167/summer-dress-maxi-dress-party-dress-boho,
Black Palestinian Thobe – Traditional Red & Gold Embroidered Palestinian Dress,140.0,Dresses (Casual),['Unknown'],PK,0,0,https://www.etsy.com/listing/4557490683/black-palestinian-thobe-traditional-red,
Hakuna Matata Women’s Dress Set,42.0,Dresses (Casual),['Unknown'],US,0,3,https://www.etsy.com/listing/4557504554/hakuna-matata-womens-dress-set,
Vestido de boda,345.64399999999995,Dresses (Casual),['Unknown'],ES,1,12,https://www.etsy.com/listing/4557488447/vestido-de-boda,
Women Printed Maxi Dress Long Sleeve Boho Paisley Kimono Wrap Dress Elegant Summer Spring Dress Casual Beach Party V-Neck Gown,190.0,Dresses (Bridal/Formal),['Unknown'],US,0,0,https://www.etsy.com/listing/4557507312/women-printed-maxi-dress-long-sleeve,
"Green Floral Maxi Dress, Boho V Neck Dress, Vintage Floral Dress, Summer Maxi Dress, High Waist Bohemian Dress, Retro Print Dress",122.56299999999999,Dresses (Casual),['Unknown'],AU,2,3,https://www.etsy.com/listing/4557486897/green-floral-maxi-dress-boho-v-neck,
Dark Gray Palestinian Thobe – Traditional Red Embroidered Palestinian Dress with Belt,140.0,Dresses (Casual),['Unknown'],PK,0,0,https://www.etsy.com/listing/4557487139/dark-gray-palestinian-thobe-traditional,
"Maternity Dress, Maternity Photo Dress, Lace Maternity Dress, Pregnancy Dress, White Maternity Dress, Long Sleeve Dress, Baby Shower Dress",104.993,Dresses (Bridal/Formal),['lace'],AU,2,0,https://www.etsy.com/listing/4557486541/maternity-dress-maternity-photo-dress,
"Floral Rabbit Kimono Robe, Japanese Style Women’s Dressing Gown, Lounge Dress, Boho Gift, Handmade Printed Wrap Robe,",57.0,Dresses (Bridal/Formal),['Unknown'],IN,0,3,https://www.etsy.com/listing/4557486669/floral-rabbit-kimono-robe-japanese-style,
"White Pakistani Suit Set | Floral Organza Dupatta, Eid Wedding Ethnic Wear",294.8,Dresses (Bridal/Formal),['Unknown'],GB,0,0,https://www.etsy.com/listing/4557503812/white-pakistani-suit-set-floral-organza,
T-shirt dress - Ebony Energy Flowing…,37.5,Dresses (Casual),['Unknown'],US,0,1,https://www.etsy.com/listing/4557484291/t-shirt-dress-ebony-energy-flowing,
Kutubaru Kebaya Set Lace Brocade Indonesian Kartini Outfit,38.99,Dresses (Bridal/Formal),['lace'],ID,2,213,https://www.etsy.com/listing/4538653421/kutubaru-kebaya-set-lace-brocade,
Custom Modern Chinese Tang Jacket |Please quote for price before purchasing|price varies for different fabrics|,277.44,Dresses (Bridal/Formal),['Unknown'],IE,0,0,https://www.etsy.com/listing/4557502580/custom-modern-chinese-tang-jacket-please,
American smooth dress/tango/waltz/foxtrot dress custom made pattern rhinestone haze airy misty blue,1600.0,Dresses (Casual),['Unknown'],HK,0,0,https://www.etsy.com/listing/4557484111/american-smooth-dresstangowaltzfoxtrot,
Black Palestinian Thobe – Traditional Red Embroidered Palestinian Dress,140.0,Dresses (Casual),['Unknown'],PK,0,0,https://www.etsy.com/listing/4557482163/black-palestinian-thobe-traditional-red,
"Western Dress, Suede Tassel Dress, Long Sleeve Midi Dress, Vintage Western Dress, Lapel Collar Dress, Autumn Winter Dress, Boho Dress",129.773,Dresses (Casual),['suede'],AU,0,0,https://www.etsy.com/listing/4557499742/western-dress-suede-tassel-dress-long,
Light Blue Palestinian Thobe – Traditional Embroidered Palestinian Dress with Geometric Pattern,140.0,Dresses (Casual),['Unknown'],PK,0,0,https://www.etsy.com/listing/4557479747/light-blue-palestinian-thobe-traditional,
"Bardot dress, Dance dress, Tango dress, Flair dress - FERNANDA",147.4,Dresses (Casual),['jersey'],GB,0,0,https://www.etsy.com/listing/4557448001/bardot-dress-dance-dress-tango-dress,
Double Deuce Roadhouse Bar PopFelix Designer Jersey Dress,39.95,Dresses (Casual),['jersey'],US,0,0,https://www.etsy.com/listing/4557475579/double-deuce-roadhouse-bar-popfelix,
"Western Dress, Suede Tassel Dress, Long Sleeve Midi Dress, Vintage Western Dress, Lapel Collar Dress, Autumn Winter Dress, Boho Dress",129.773,Dresses (Casual),['suede'],AU,0,0,https://www.etsy.com/listing/4557478233/western-dress-suede-tassel-dress-long,
"Boho Sky Blue Maxi Dress, V Neck Flutter Sleeve Beach Dress, Bohemian Batik Print Wrap Dress, Tie Waist Boho Sundress, Resort Vacation Dress",36.68,Dresses (Bridal/Formal),['silk'],IN,0,12,https://www.etsy.com/listing/4557478437/boho-sky-blue-maxi-dress-v-neck-flutter,
"Gothic Witch Dress – Black Velvet Ruffle Mini Costume, Dark Fairy Core Gown",179.66,Dresses (Bridal/Formal),['velvet'],PK,0,0,https://www.etsy.com/listing/4557478331/gothic-witch-dress-black-velvet-ruffle,
Pure cotton women wear Victorian style nightgown Sleepwear feminine white nightdress long sleeve nightie,54.495999999999995,Tops,['organic cotton'],IN,604,23831,https://www.etsy.com/listing/4415641966/pure-cotton-women-wear-victorian-style,
Men&#39;s Cotton Nightshirt Button Down Soft Short Sleeve Sleepwear Nightgown,130.99,Tops,['cotton'],US,2,462,https://www.etsy.com/listing/4521768730/mens-cotton-nightshirt-button-down-soft,
"Custom Face Pajama Dress, Photo Sleepshirt,Personalized Pet & Family Photo Sleepwear, Gift For Dog Mom",18.0,Tops,['cotton'],TH,159,12312,https://www.etsy.com/listing/4404814655/custom-face-pajama-dress-photo,
"Personalized Long Lace Satin Bridal Robe, Custom Embroidered Bridal Kimono Robe, Eyelash Lace Wedding Prep Dressing Gown",35.99,Tops,['satin'],VN,14,158,https://www.etsy.com/listing/4547496203/personalized-long-lace-satin-bridal-robe,
Chemise Cotton Sleeveless Embroidered Victorian Style Nightdress,38.86,Tops,['cotton'],GB,75,2680,https://www.etsy.com/listing/4519951302/chemise-cotton-sleeveless-embroidered,
"Cottagecore Cotton Victorian Nightgown , Lace Princess Sleepwear, Women&#39;s Short Sleeve Nightdress",36.3542,Tops,['cotton'],GB,74,1641,https://www.etsy.com/listing/4538265690/cottagecore-cotton-victorian-nightgown,
Camille Womens Classic 100% Organic Cotton Sleeveless Nightdress,29.4666,Tops,['organic cotton'],GB,4,508,https://www.etsy.com/listing/4503544203/camille-womens-classic-100-organic,
"White Cotton Lace Nightgown, Long Sleeve Vintage Sleep Dress, Cottagecore Loungewear",22.35,Tops,['cotton'],US,4,102,https://www.etsy.com/listing/4540731902/white-cotton-lace-nightgown-long-sleeve,
"Custom Face Nightdress, Personalized Photo Pajamas, Lace Slip Sleepwear, Bridal Pajama Dress, Couple Gift for Her, Bridesmaid Gift",41.432881,Tops,['lace'],SG,0,76,https://www.etsy.com/listing/4551393604/custom-face-nightdress-personalized,
White Lace Satin Cami Pajama Set | Bridal Honeymoon Shorts | Wedding Night Lingerie Gift,49.99,Tops,['satin'],US,62,1038,https://www.etsy.com/listing/4543801579/white-lace-satin-cami-pajama-set-bridal,
"Personalized Long Nightgown for Women, Lace Slip Dress, Anniversary gift, Satin Sleep Dress, Honeymoon Lingerie, Silky Chemise, Gift for her",50.0,Tops,['silk'],US,1,1,https://www.etsy.com/listing/4557143041/personalized-long-nightgown-for-women,
"100% Cotton Nightgown for Women, White Cotton Sleep Dress, Personalized Bridal Nightgown, Lightweight Summer Nightdress, Bride Gift.",65.0,Tops,['cotton'],US,0,1,https://www.etsy.com/listing/4557131183/100-cotton-nightgown-for-women-white,
Lace Nightgown Sleeveless Nightie Summer Nightwear Lightweight Nightdress Comfortable Womens Sleepwear V Neck Feminine Bedroom Loungewear,47.0,Tops,['lace'],US,0,0,https://www.etsy.com/listing/4557714249/womens-lace-nightgown-v-neck-sleeveless,
100% Organic Pure cotton women wear Victorian nightgown Sleepwear white nightdress long sleeve nightie lounge wear dress,60.784,Tops,['organic cotton'],IN,945,48380,https://www.etsy.com/listing/4381619502/100-pure-cotton-women-wear-victorian,
"Victorian Style Lizzie White Cotton Nightdress Sleeveless Pintuck Bodice, Daisy Embroidery",40.1866,Tops,['cotton'],GB,44,2508,https://www.etsy.com/listing/4519349210/victorian-style-white-cotton-lizzie-full,
"Women’s Cotton Sleep Dress, Soft Spaghetti Strap Nightgown with Pockets, Casual Lounge Dress",24.27,Tops,['cotton'],US,0,0,https://www.etsy.com/listing/4557498018/womens-cotton-sleep-dress-soft-spaghetti,
"Black Lace Babydoll Nightgown, Sheer Mesh Sleepwear, Women&#39;s Lingerie",72.0,Tops,['lace'],US,0,0,https://www.etsy.com/listing/4557464238/black-lace-babydoll-nightgown-sheer-mesh,
"Red Floral Cotton Kaftan Dress, Boho Maxi Dress, V Neck Beach Cover Up, Relaxed Summer Resort Wear",50.304,Tops,['cotton'],IN,0,0,https://www.etsy.com/listing/4557445535/red-floral-cotton-kaftan-dress-boho-maxi,
Bridel Soft New Silk Kimono Lounge Wear Bathing Gown K-1314,45.99,Tops,['silk'],IN,2,6,https://www.etsy.com/listing/4557436760/bridel-soft-new-silk-kimono-lounge-wear,
"Red Silk Robe with Black Lace Trim, Long Kimono Robe, Bridal Getting Ready Robe, Wedding Nightwear, Honeymoon Gift for Her",75.0,Tops,['silk'],PK,0,0,https://www.etsy.com/listing/4557393297/red-silk-robe-with-black-lace-trim-long,
Women Romantic White Nightgown Vintage Lace Victorian Cottagecor  Long Sleeve Sleepwear,60.0,Tops,['cotton'],CA,0,1,https://www.etsy.com/listing/4557395166/women-romantic-white-nightgown-vintage,
"100% Cotton Maternity Nightdress: Nursing Gown, Hospital Bag Essential Designed for labour & postpartum recovery",21.4266,Tops,['cotton'],GB,0,1,https://www.etsy.com/listing/4557344161/100-cotton-maternity-nightdress-nursing,
"Women&#39;s Tulle Nightgown, Princess Nightdress, Elegant Fairy Sleepwear, Lightweight Robe, Romantic Cottagecore Loungewear",72.62,Tops,['Unknown'],US,0,0,https://www.etsy.com/listing/4557349690/womens-tulle-nightgown-princess,
"Cream Cottagecore Nightgown, Long Sleeve Lace Trim Maxi Sleep Dress, Vintage Style Cotton Lounge Dress, Romantic Prairie Gown",63.422200000000004,Tops,['cotton'],GB,0,0,https://www.etsy.com/listing/4557301729/cream-cottagecore-nightgown-long-sleeve,
Bridal Sheer Nightgown Set | Getting Ready Lace Robe Set |  Wedding Morning Set | Honeymoon  Gift,38.1364,Tops,['satin'],GB,1,1,https://www.etsy.com/listing/4557317508/bridal-sheer-nightgown-set-getting-ready,
"Custom Face Birthday Pajama Dress, Personalized Photo Sleepshirt, Birthday Gift,BF Gifts",12.23,Tops,['Unknown'],US,0,2,https://www.etsy.com/listing/4557289701/custom-face-birthday-pajama-dress,
"Custom Photo Nightgown for Women, Personalized Face Sleep Shirt, Funny Husband Face Pajamas, Birthday Gift for Her, Girlfriend Gift",31.99,Tops,['Unknown'],US,0,0,https://www.etsy.com/listing/4557287221/custom-photo-nightgown-for-women,
Floral kimono robe with ruffles. Maxi floral duster.  Bohemian cover up. Festival Coat.,172.244,Tops,['lace'],BG,0,2,https://www.etsy.com/listing/4557299978/floral-kimono-robe-with-ruffles-maxi,
Royal Bridal Silk 5pcs Nightgown Set | Satin Sleepwear - Women Lounge | Honeymoon Lace Robe Set,75.0,Tops,['silk'],PK,0,1,https://www.etsy.com/listing/4557271910/royal-bridal-silk-5pcs-nightgown-set,
"Personalized Mahjong Sleep Dress, Custom Name Pajama Dress for Women, Mahjong Lover Gift, Best Friend Gift, Matching Bestie Pajamas",47.688081000000004,Tops,['Unknown'],SG,0,3,https://www.etsy.com/listing/4557242430/personalized-mahjong-sleep-dress-custom,
100% Pure cotton women nightdress Victorian feminine white nightgown sleepwear long nightie sleeveless chemise dress,67.06152,Tops,['organic cotton'],IN,448,24100,https://www.etsy.com/listing/4382287438/100-pure-cotton-women-nightdress,
"White Cotton Edwardian Nightdress, Pink Jenny Embroidery, Sleeveless Nightie",40.1866,Tops,['cotton'],GB,18,1438,https://www.etsy.com/listing/4531807439/white-cotton-edwardian-nightdress-pink,
"Multi Color Silk Kimono Robe Bikini Coverup, L-1313",45.99,Tops,['silk'],IN,3,3,https://www.etsy.com/listing/4557417209/multi-color-silk-kimono-robe-bikini,
"Black Silk Robe, Long Kimono Robe with Black Lace Trim, Bridal Getting Ready Robe, Wedding Nightwear, Honeymoon Gift for Her",75.0,Tops,['silk'],PK,0,0,https://www.etsy.com/listing/4557391598/black-silk-robe-long-kimono-robe-with,
"Women Satin Silk Slip Maxi Dress, Adjustable Spaghetti Straps, Elegant Sleepwear",79.0,Tops,['silk'],CA,0,1,https://www.etsy.com/listing/4557356853/women-satin-slip-dress-elegant-nightgown,
Sheer Lace Nightgown for Women |  Long Sleeve Romantic Sleep Dress |  Vintage Gothic Lingerie |  Elegant Black or Ivory Bridal Nightwear,57.1912,Tops,['lace'],GB,0,6,https://www.etsy.com/listing/4557283767/sheer-lace-nightgown-for-women-long,
"Custom Face Nightshirt, Personalized Photo Sleep Shirt, Funny Boyfriend Face Pajama Dress, Custom Girlfriend Gift",31.99,Tops,['Unknown'],US,0,0,https://www.etsy.com/listing/4557247948/custom-face-nightshirt-personalized,
Pink Lace Nightgown Fairy Style Womens Sleepwear Spaghetti Strap Mini Chemise Romantic Bridal Nightie Gift Summer Nightwear Lightweight,47.0,Tops,['lace'],US,0,0,https://www.etsy.com/listing/4557206548/pink-lace-nightgown-for-women-fairy,
White Cotton Chemise | Simple Slip Dress | V-Neck Nightgown | Sleeveless Lounge Dress | Minimalist Sleepwear,10.76,Tops,['cotton'],IN,782,21748,https://www.etsy.com/listing/4404020627/white-cotton-chemise-simple-slip-dress-v,
"Victorian Cotton Nightgown, White Lace Long Sleeve Sleep Dress, Fairycore Bridal Loungewear",26.9742,Tops,['cotton'],GB,24,422,https://www.etsy.com/listing/4538765478/victorian-cotton-nightgown-white-lace,
"White Ruffle Hem Camisole Nightgown, Lightweight Spaghetti Strap Sleep Dress",43.98,Tops,['cotton'],US,0,46,https://www.etsy.com/listing/4541391572/white-ruffle-hem-camisole-nightgown,
"Bodysuit lingerie see through men, Bodysuit men thong Mesh lingerie bodysuit  men Men string body Bodysuit lingerie men See through Bodysuit",131.784,Tops,['Unknown'],PL,34,3223,https://www.etsy.com/listing/1874620539/bodysuit-lingerie-see-through-men,
100% Cotton Nightgown for Women | Soft Cotton Nightie | Cottagecore Sleepwear | Lightweight Summer Nightdress | Sleeveless Pajama Dress,62.5,Tops,['cotton'],US,264,4782,https://www.etsy.com/listing/4513364223/100-cotton-nightgown-for-women-soft,
Women’s Floral Pointelle Organic Cotton Bralette: Wireless Soft Cup Cotton Bra,24.01,Tops,['organic cotton'],UA,2479,50811,https://www.etsy.com/listing/4330315333/cotton-top-with-adjustable-strap,
"Custom This Grandma Belongs To Pajama dress, Kids Photo Sleepshirt/Nightgown,Personalized Grandkids Faces Loungewear,Grandma Christmas Gift",18.0,Tops,['Unknown'],TH,0,71,https://www.etsy.com/listing/4545466567/custom-this-grandma-belongs-to-pajama,
"Women’s Black Lace Babydoll Nightdress, V Neck Spaghetti Strap Sleepwear, Backless Nightgown, Romantic Lingerie Lounge Dress",42.143,Tops,['lace'],GB,1,34,https://www.etsy.com/listing/4555052015/womens-black-lace-babydoll-nightdress-v,
Birthing and Labor Gowns with Matching Baby Swaddle,34.95,Tops,['Unknown'],US,80,3431,https://www.etsy.com/listing/1744831080/birthing-and-labor-gowns-with-matching,
Cottagecore Victorian Lace Nightgown | Romantic Princess Ruffle Sleep Dress | Soft Cotton Coquette Nightwear,30.8736,Tops,['cotton'],GB,647,7705,https://www.etsy.com/listing/4493521928/cottagecore-victorian-lace-nightgown,
"French Victorian Nightgown, Cottagecore Coquette Long Sleepwear, Princess Fairy Nightdress, Vintage Loose Fit Night Robe, Cozy Loungewear",59.99,Tops,['Unknown'],US,1306,29265,https://www.etsy.com/listing/4383187220/french-victorian-nightgown-cottagecore,
"Lily - Vintage white 100% Cotton long sleeved nightgown, with tucks and cotton embroidery insertion lace",65.1,Tops,['cotton'],AU,337,15155,https://www.etsy.com/listing/1351741824/lily-vintage-white-100-cotton-long,
Bridal Satin Nightgown: Long Sleeve Lace V-Neck Sleepwear,115.6,Tops,['silk'],US,190,4762,https://www.etsy.com/listing/4364674179/bridal-satin-nightgown-long-sleeve-lace,
"Feminine 100% Cotton Nightgown with Ruffled Hem, Summer Nightdress with Adjustable Straps",65.0,Tops,['cotton'],UA,5,343,https://www.etsy.com/listing/4492835934/feminine-100-cotton-nightgown-with,
Pure cotton women wear Victorian nightgown Sleepwear feminine white nightdress long sleeve Loungewear nightie,76.7136,Tops,['organic cotton'],IN,183,4530,https://www.etsy.com/listing/4415656021/pure-cotton-women-wear-victorian,
Jubilee Nightdress embroidered rose vintage Victorian style Long Sleeve Cotton Nightgown,40.066,Tops,['cotton'],GB,12,468,https://www.etsy.com/listing/4536012484/jubilee-nightdress-embroidered-rose,
"Floral Print Silk Kimono Robe, Vintage Sari Style, Free Size K-1312",45.99,Tops,['silk'],IN,1,2,https://www.etsy.com/listing/4557415797/floral-print-silk-kimono-robe-vintage,
"Hot Pink Silk Robe, Long Kimono Robe with Black Lace Trim, Bridal Getting Ready Robe, Wedding Nightwear, Honeymoon Gift for Her",75.0,Tops,['silk'],PK,0,0,https://www.etsy.com/listing/4557387984/hot-pink-silk-robe-long-kimono-robe-with,
"Elegant Silk Slip Dress, Satin Nightgown for Women, Minimal Sleepwear, Luxury Nightdress",92.0,Tops,['silk'],CA,0,1,https://www.etsy.com/listing/4557360508/elegant-silk-slip-dress-satin-nightgown,
Purple Lace Babydoll Lingerie Nightwear Set Sheer Romantic Outfit Bridal Bedroom Sleepwear Wedding Night Negligee Honeymoon Bride Apparel,47.0,Tops,['lace'],US,0,3,https://www.etsy.com/listing/4557187447/purple-lace-babydoll-lingerie-set-sheer,
White Cotton Lace Sleepdress | Long Sleeve Victorian French Nightgown,34.3442,Tops,['cotton'],GB,23,459,https://www.etsy.com/listing/4544239100/white-cotton-lace-sleepdress-long-sleeve,
Sheer Black Lace Nightdress | Women’s Long Sleeve Maxi Nightgown |  Romantic Vintage Sleepwear |  Elegant Gothic Loungewear,42.732600000000005,Tops,['lace'],GB,5,887,https://www.etsy.com/listing/4551564073/sheer-black-lace-nightdress-o-womens,
"White Princess Nightgown for Women, Long Sleeve Lace Trim Sleep Dress, Romantic Cottagecore Nightdress, Loose Vintage Loungewear",25.0,Tops,['cotton'],US,12,448,https://www.etsy.com/listing/4544878362/white-princess-nightgown-for-women-long,
Womens Supersoft Button Front Diamond Print Bed Jacket,33.4866,Tops,['polyester'],GB,47,13138,https://www.etsy.com/listing/1795417999/womens-supersoft-button-front-diamond,
"Cotton Kimono Robes Dressing Gown,Block Print Bridesmaid, Summer Nightwear",52.38952,Tops,['cotton'],IN,74,3609,https://www.etsy.com/listing/4502356338/cotton-kimono-robes-dressing-gownblock,
Satin Nightgown: V-Neck Slip Dress with Adjustable Metal Straps,44.9,Tops,['polyester'],TR,3147,88957,https://www.etsy.com/listing/1616844690/satin-nightgown-v-neck-slip-dress-with,
"Wine Red Nightgown for Women, Embroidered Lingerie Dress,  Sheer Sleepwear Bow Detail Nightdress Elegant Romantic Gift for loving women",13.386600000000001,Tops,['Unknown'],GB,2,34,https://www.etsy.com/listing/4554654933/wine-red-nightgown-for-women-embroidered,
"Backless Satin Slip Nightgown with Lace Trim, Suspender Lingerie Set with Thong, Elegant Sleepwear",26.7866,Tops,['silk'],GB,0,152,https://www.etsy.com/listing/4554351116/backless-satin-slip-nightgown-with-lace,
Women’s V Neck Mini Nightdress Lingerie Set,94.0,Tops,['Unknown'],US,6,236,https://www.etsy.com/listing/4548576764/womens-v-neck-mini-nightdress-lingerie,
"Sleeveless Linen Nightgown with Ruffle Hem, Softened Flax Lounge Dress",71.672,Tops,['linen'],LV,7413,151960,https://www.etsy.com/listing/712068077/linen-nightgown-softened-pure-linen,
"Personalized  Face Pajama Dress, Personalized Photo Sleepwear , Women Nightgown with Picture, Birthday Gift",15.99,Tops,['Unknown'],US,2,88,https://www.etsy.com/listing/4538719438/personalized-face-pajama-dress,
"Cottagecore Cotton Victorian Nightgown – Lace Princess Sleepwear, Women’s Short Sleeve Nightdress",42.4512,Tops,['cotton'],GB,193,2489,https://www.etsy.com/listing/4496438901/cottagecore-cotton-victorian-nightgown,
"White Muslin Nightgown, Cotton Gauze Nightdress, Organic Sleep Dress, Summer Lounge Dress, Lightweight Cotton Slip, Bridal Sleepwear",58.0,Tops,['cotton'],UA,59,881,https://www.etsy.com/listing/4541420942/white-muslin-nightgown-cotton-gauze,
Cotton Linen House Dress | V Neck Pajama Gown for Her,99.99,Tops,['cotton'],US,80,2148,https://www.etsy.com/listing/4532912030/cotton-linen-house-dress-v-neck-pajama,
Women’s Floral Satin Kimono Robe | Long Lightweight Nightgown | Summer Sleepwear Gift for Her,68.9966,Tops,['silk'],GB,9,121,https://www.etsy.com/listing/4544842730/womens-floral-satin-kimono-robe-o-long,
"Personalized White Satin Nightgown with Lace, Women’s Lace Chemise, Silky Slip Dress, Bridal Slip Dress, Lace Chemise, Honeymoon Lingerie.",43.0,Tops,['silk'],US,66,711,https://www.etsy.com/listing/4536945334/white-satin-nightgown-with-lace-womens,
"Blue Floral Cotton Pajama Set, Hand Block Print Lounge Wear",83.9,Tops,['organic cotton'],IN,570,7789,https://www.etsy.com/listing/4458442802/blue-floral-cotton-pajama-set-for-women,
Custom Face Nightgown Personalized Lace Pajama Dress with Photo Anniversary/Birthday Gift,24.231081,Tops,['lace'],US,9,463,https://www.etsy.com/listing/4487729581/custom-face-nightgown-personalized-lace,
"Women&#39;s Lace Trim Nightgown, V-Neck Sleep Dress, Wide Strap Chemise",28.29,Tops,['lace'],CA,0,20,https://www.etsy.com/listing/4552885291/womens-lace-trim-nightgown-v-neck-sleep,
"Cotton Blend Maxi Nightgown, Sleeveless Spaghetti Strap Lounge Dress",167.5,Tops,['cotton'],GB,54,977,https://www.etsy.com/listing/4535837329/cotton-blend-maxi-nightgown-sleeveless,
Women Pure cotton nightgown Sleepwear feminine white short nightdress sleeveless nightie lounge wear dress,72.836,Tops,['organic cotton'],IN,80,3482,https://www.etsy.com/listing/4406121999/women-pure-cotton-nightgown-sleepwear,
"Long Silk Kimono Robe, Floral Print Sari, Beach Coverup K-1311",45.99,Tops,['silk'],IN,1,2,https://www.etsy.com/listing/4557432030/long-silk-kimono-robe-floral-print-sari,
"Romantic Lace Cotton Nightgown, French Vintage Long Sleeve Sleep Dress, Elegant Victorian Princess Style Loungewear Pajamas",32.736200000000004,Tops,['cotton'],GB,3,66,https://www.etsy.com/listing/4550945838/romantic-lace-cotton-nightgown-french,
Off Shoulder Nightgown for Women | Vintage Cottagecore Sleepwear | Victorian style sleepwear |  Off-Shoulder Chemise Dress,26.9742,Tops,['lace'],GB,46,568,https://www.etsy.com/listing/4539476137/off-shoulder-nightgown-for-women-vintage,
"Personalized Nightgown for Women, Lace Slip Dress, Bridal Nightgown, Bride Nightgown, Bridal Sleep Dress, Long Lace Sleep Dress, Bridal Gift",60.0,Tops,['lace'],US,89,958,https://www.etsy.com/listing/4546863127/personalized-nightgown-for-women-lace,
"Satin Crane Floral Print Nightgown, V-Neck Adjustable Strap Sleep Dress",33.4866,Tops,['silk'],GB,1,26,https://www.etsy.com/listing/4549209628/satin-crane-floral-print-nightgown-v,
Organic Linen Nightgown: Soft Stonewashed Loungewear,160.0,Tops,['linen'],UA,903,27149,https://www.etsy.com/listing/1828888324/organic-linen-nightgown-soft-stonewashed,
"White Cotton Tie Strap Nightgown, Long Cottagecore Sleep Dress, Romantic Loungewear",37.32,Tops,['cotton'],US,8,131,https://www.etsy.com/listing/4541982993/white-cotton-tie-strap-nightgown-long,
"Hand Block Print Cotton Pajama Set, Pink Striped PJ Set for Women",83.78,Tops,['organic cotton'],IN,51,620,https://www.etsy.com/listing/4458443091/hand-block-print-cotton-pajama-set-pink,
Pretty Woman Zipper Front Duster Short Sleeve Female Nightgowns & Sleepshirts,19.99,Tops,['Unknown'],US,4,1788,https://www.etsy.com/listing/4467636215/pretty-woman-zipper-front-duster-short,
Cotton Ruffle Nightgown Womens Soft Summer Sleep Dress Lounge Wear,54.21640000000001,Tops,['cotton'],GB,2,152,https://www.etsy.com/listing/4542502159/organic-cotton-ruffle-nightgown-womens,
Organic Cotton Pointelle Pajama Top: Women&#39;s Soft Button-Up Loungewear,40.15,Tops,['organic cotton'],UA,920,14613,https://www.etsy.com/listing/4429624389/organic-cotton-pointelle-pajama-top,
"100% Mulberry Silk Slip Dress – Soft Romantic Silk Night Gown Chemise Sleepwear & Lounge Wear – Bridal, Anniversary, Birthday Gift for Her",89.0,Tops,['silk'],US,378,12262,https://www.etsy.com/listing/1883496122/100-mulberry-silk-slip-dress-soft,
"3 Piece Robe Set for Women, Spring Summer Sleepwear, Long Robe and Nightgown Set, Lightweight Loungewear, Bridal Pajama Set",105.5,Tops,['Unknown'],TR,138,1038,https://www.etsy.com/listing/4533971089/3-piece-robe-set-for-women-spring-summer,
Bridal Nightgown Satin Wedding Lingerie Champagne French Lace Sleepwear  Backless Nightgown Bridal Lingerie Satin Nightgown  Sarafina Prima,175.0,Tops,['satin'],US,3141,78649,https://www.etsy.com/listing/264334630/bridal-nightgown-satin-wedding-lingerie,
"Women&#39;s Lace Trim Nightgown, V-Neck Sleep Dress, Wide Strap Chemise",38.56,Tops,['lace'],US,0,9,https://www.etsy.com/listing/4556409122/womens-lace-trim-nightgown-v-neck-sleep,
"Satin Slip Dress, Adjustable Strap, Bias Cut Cami Nightgown for Women, Bridesmaid & Bridal Wear",25.0,Tops,['silk'],VN,36,571,https://www.etsy.com/listing/4508348363/satin-slip-dress-adjustable-strap-bias,
"Long Silk Satin Robe Set for Women, Lace Nightgown and Robe, Bridal Robe Set, Luxury Satin Nightwear, Honeymoon Lingerie, Gift for Her",59.99,Tops,['silk'],US,193,12320,https://www.etsy.com/listing/4483976423/long-silk-satin-robe-set-for-women-lace,
"Custom Face Pajama Dress, Personalized Photo Sleepshirt, Birthday Gift,Valentine&#39;s Day Gifts",12.23,Tops,['Unknown'],US,3,50,https://www.etsy.com/listing/4555051134/custom-face-pajama-dress-personalized,
"Victorian Satin and Lace Lingerie, Deep V Neck Nightgown, Cottagecore Coquette Nightdress, Bridal Robe and Nightgown, Lace Chemise Nightgown",45.92,Tops,['satin'],US,77,6290,https://www.etsy.com/listing/4467434713/victorian-satin-and-lace-lingerie-deep-v,
"Pink Babydoll Lingerie Set – Flowy Top & Shorts, Bridal Sleepwear",91.324,Tops,['satin'],US,3587,45897,https://www.etsy.com/listing/4361365384/pink-babydoll-lingerie-set-flowy-top,
Womens Floral Print Sleeveless Nightdress,32.1466,Tops,['cotton'],GB,5,882,https://www.etsy.com/listing/4315430146/womens-floral-print-sleeveless,
Cotton Floral Nightgown | Lightweight Sleep Dress | Breathable Summer Sleepwear,32.69,Tops,['cotton'],US,25,609,https://www.etsy.com/listing/4538201430/cotton-floral-nightgown-lightweight,
100% Organic Pure cotton women wear Victorian nightgown Sleepwear white nightdress long sleeve nightie lounge wear dress,67.072,Tops,['organic cotton'],IN,308,4472,https://www.etsy.com/listing/4484705593/100-organic-pure-cotton-women-wear,
"Floral Print Silk Kimono Robe, Ankle Length Sari Gown K-1310",45.99,Tops,['silk'],IN,1,1,https://www.etsy.com/listing/4557430634/floral-print-silk-kimono-robe-ankle,
Cottagecore Ivory Satin Lingerie Set | Bridal Robe & Slip Dress Set |  Vintage Lace Nightgown|  Victorian Princess Nightdress,49.8748,Tops,['satin'],GB,7,78,https://www.etsy.com/listing/4555043555/cottagecore-ivory-satin-lingerie-set,
Victorian Puff Sleeve Nightgown | Cottagecore Lace Trim Sleep Dress,49.1914,Tops,['lace'],GB,15,204,https://www.etsy.com/listing/4537761365/victorian-puff-sleeve-nightgown,
"Personalized Satin Nightgown for Women, Lace Slip Dress, Bridal Nightgown, Satin Sleep Dress, Honeymoon Lingerie, Bridal Gift, Silky Chemise",45.0,Tops,['silk'],US,12,315,https://www.etsy.com/listing/4536951694/personalized-satin-nightgown-for-women,
"Ivory Lace Robe and Slip Set, Sheer Bridal Sleepwear, Romantic Wedding Nightgown",38.5,Tops,['satin'],US,0,43,https://www.etsy.com/listing/4539787211/ivory-lace-robe-and-slip-set-sheer,
Lobster Print Cotton Pajama Set | Hand Block Printed Night Suit for Women,83.78,Tops,['organic cotton'],IN,52,678,https://www.etsy.com/listing/4458470775/lobster-print-cotton-pajama-set-hand,
"Cottagecore Victorian Nightgown, Coquette Long Sleepwear, Princess Fairy Lace Nightdress, Vintage Loose Fit Night Robe, Cute Cozy Loungewear",59.99,Tops,['lace'],US,590,10254,https://www.etsy.com/listing/4387269688/cottagecore-victorian-nightgown-coquette,
"Satin Lace Nightdress - Padded Chemise, Women’s Sleepwear, Summer Lounge Nightie",93.78659999999999,Tops,['polyester'],GB,16,1323,https://www.etsy.com/listing/4547789771/satin-lace-nightdress-padded-chemise,
"Custom Face Lace Pajama Dress, Personalized Photo Nightgown, Funny Lingerie Gift for Her, Valentine Gift, Anniversary Gift",21.98,Tops,['lace'],US,1,61,https://www.etsy.com/listing/4536960499/custom-face-lace-pajama-dress,
3 Pack Assorted Colors Shift Zipper Duster Housekeeping Dress NightDress - Medium to 3X Available,39.99,Tops,['Unknown'],US,20,4780,https://www.etsy.com/listing/4299839442/3-pack-assorted-colors-shift-zipper,
"Women&#39;s Satin Lace Chemise, V Neck Nightdress, Adjustable Strap Sleepwear",31.490000000000002,Tops,['silk'],GB,1,213,https://www.etsy.com/listing/4536687641/womens-satin-lace-chemise-v-neck,
Cotton Pointelle Bralette: Organic Floral Bra Women Lingerie Top  With Adjustable Strap,26.53,Tops,['organic cotton'],UA,1006,18554,https://www.etsy.com/listing/4398820447/cotton-pointelle-bralette-organic-floral,
Womens Luxury Soft Button Bed Jackets,29.4666,Tops,['polyester'],GB,60,15094,https://www.etsy.com/listing/1482680712/womens-luxury-soft-button-bed-jackets,
"Sheer nightgowns for women, See through nightie babydoll lingerie dress",82.0,Tops,['chiffon'],UA,182,130721,https://www.etsy.com/listing/1811283568/sheer-nightgowns-for-women-see-through,
"Custom Face Lace Pajama Dress,Personalized Photo Nightgown,Bridesmaid Cami Dress, Valentine&#39;s Gift",19.99,Tops,['polyester'],US,112,2910,https://www.etsy.com/listing/4451720767/custom-face-lace-pajama,
"Sheer Lace Backless Mini Dress with Thong, Floral Camisole Lingerie Set, Romantic Babydoll Nightgown",30.8066,Tops,['lace'],GB,0,129,https://www.etsy.com/listing/4554339552/sheer-lace-backless-mini-dress-with,
Merino Wool Women’s Long Sleeve Nightdress with Ruffles – Breathable Sleepwear for all Seasons Soft Natural Fiber Nightgown,64.73599999999999,Tops,['merino wool'],LT,119,4260,https://www.etsy.com/listing/4310740835/merino-wool-womens-long-sleeve,
"Floral Daisy Print Button Down Nightgown, V-Neck Short Sleeve Sleepshirt",78.99,Tops,['Unknown'],PK,1,172,https://www.etsy.com/listing/4549169579/floral-daisy-print-button-down-nightgown,
"Mesh Fairy Nightgown for Women, V-Neck Ruffle Half Sleeve Sleep Dress, Cream Pink Blue or Apricot, Romantic Home Loungewear for All Seasons",29.386200000000002,Tops,['nylon'],GB,2,98,https://www.etsy.com/listing/4543795911/mesh-fairy-nightgown-for-women-v-neck,
Satin Bridal Nightgown with Adjustable Metal Straps,34.0,Tops,['polyester'],TR,173,8242,https://www.etsy.com/listing/1630961233/satin-bridal-nightgown-with-adjustable,
Sleeveless Linen Nightgown - Softened pure linen,69.36,Tops,['linen'],LV,741,18076,https://www.etsy.com/listing/1143944193/sleeveless-linen-nightgown-softened-pure,
"Custom Face Pajama Dress, Photo Sleepshirt,Personalized Dog Cat Photo Sleepwear, Gift For Women",15.99,Tops,['Unknown'],US,1,48,https://www.etsy.com/listing/4538718739/custom-face-pajama-dress-photo,
"French Style Cotton Nightgown, White Spaghetti Strap Sleep Dress, Knee Length Summer Sleepwear",46.88660000000001,Tops,['cotton'],GB,11,262,https://www.etsy.com/listing/4546289969/french-style-cotton-nightgown-white,
"Personalized Sleepshirt: Custom Name Oversized Sleep Tee, Pajama Party Gift",31.99,Tops,['polyester'],US,94,11659,https://www.etsy.com/listing/1296384514/personalized-sleepshirt-custom-name,
"Women&#39;s 2 Piece Pajama Set, Silky Long Sleeve Shirt and Wide Leg Pants, Satin Look Sleepwear, Lightweight Loungewear, Homewear Set",109.72,Tops,['silk'],TR,9,444,https://www.etsy.com/listing/4534664695/womens-2-piece-pajama-set-silky-long,
Beige bridal nightgown Short satin peignoir Bridal lingerie wedding night Sexy sleepwear for bride Wife birthday gift ideas Slip night dress,46.0,Tops,['satin'],UA,39,2937,https://www.etsy.com/listing/1512299835/beige-bridal-nightgown-short-satin,
"Satin Slip Dress, Women&#39;s Mini Nightgown, V-Neck Lace Trim Sleepwear Outfit",66.0,Tops,['silk'],US,3,98,https://www.etsy.com/listing/4548520132/satin-slip-dress-womens-mini-nightgown-v,
"Multi Color Silk Kimono Robe Bikini Coverup, L-1309",45.99,Tops,['silk'],IN,0,3,https://www.etsy.com/listing/4557411379/multi-color-silk-kimono-robe-bikini,
Victorian Style White Sleepwear Nightgown sleeveless nightdress Cottage core Fairy Dress,53.448,Tops,['organic cotton'],IN,313,7465,https://www.etsy.com/listing/4385850370/victorian-style-white-sleepwear,
"Vintage French Lace Nightgown, Soft Modal Long Sleeve Sleep Dress, Ruffled Loungewear",38.4714,Tops,['cotton'],GB,3,77,https://www.etsy.com/listing/4538313451/vintage-french-lace-nightgown-soft-modal,
"Women&#39;s Cotton Fairy Style Nightgown, Long Sleeve V-Neck Loungewear",38.3106,Tops,['cotton'],GB,26,449,https://www.etsy.com/listing/4549008573/womens-cotton-fairy-style-nightgown-long,
"Victorian Princess Nightgown Women, Long Fairy Lace Sleepwear Court Style Robe, Romantic White Loose Nightdress Gift for Her",53.32,Tops,['cotton'],US,0,33,https://www.etsy.com/listing/4553815611/victorian-princess-nightgown-women-long,
"Satin Lace Nightgown for Women, V-Neck Bridal Sleepwear, Honeymoon Lingerie Nightdress",26.7866,Tops,['satin'],GB,0,11,https://www.etsy.com/listing/4552514143/sheer-lace-nightgown-women-sexy-bridal,
"Victorian Vintage Nightgown, Coquette Long Sleepwear, Princess Fairy Lace Nightdress, Cottagecore Loose Fit Night Robe, Cute Cozy Loungewear",79.99,Tops,['lace'],US,594,9452,https://www.etsy.com/listing/4391170262/victorian-vintage-nightgown-coquette,
Hand Block Printed White Cotton Dress with Floral Koti Jacket | 2-Piece Boho Set,36.99,Tops,['cotton'],IN,211,9290,https://www.etsy.com/listing/4496134824/hand-block-printed-white-cotton-dress,
Hand-Block Printed Cotton Pajama Set | Floral With Pink Striped Floral Nightwear Pjs,79.99,Tops,['cotton'],IN,131,1454,https://www.etsy.com/listing/4507051679/hand-block-printed-cotton-pajama-set,
"Custom Dog Face Pajama Dress, Personalized Pet Photo Nightgown, Dog Mom Sleep Shirt, Matching Pet Pajamas Gift",19.98,Tops,['Unknown'],US,0,32,https://www.etsy.com/listing/4533829814/custom-dog-face-pajama-dress,
"Custom Face Pajama Dress, Personalized Photo Sleepshirt, Valentine&#39;s Day Gifts",15.88,Tops,['polyester'],US,199,17278,https://www.etsy.com/listing/4330062780/custom-face-pajama-dress-personalized,
"Women&#39;s Satin Lace Chemise Nightdress, Adjustable Strap V Neck Slip Dress Sleepwear",30.8066,Tops,['silk'],GB,0,34,https://www.etsy.com/listing/4539924539/womens-satin-lace-chemise-nightdress,
"Flirty Heart Print Pajama Set, Soft Ribbed Knit Loungewear, Women&#39;s V-Neck Cami and Frill Trim Shorts, Thin Summer Sleepwear Gift",35.0,Tops,['polyester'],US,142,4994,https://www.etsy.com/listing/4413179673/flirty-heart-print-pajama-set-soft,
Cotton Pajamas Longsleeve Top Soft Loungewear Top Organic Clothing Gift For Girlfriend Lounge Top For Women Soft Long Sleeve Top For Home,40.56,Tops,['organic cotton'],UA,542,7568,https://www.etsy.com/listing/4326972494/cotton-pajamas-longsleeve-top-soft,
"Satin Lace Trim Nightgown and Robe Set, Champagne Bridal Sleepwear Bridesmaid gift",26.99,Tops,['satin'],PK,50,340,https://www.etsy.com/listing/4543206100/satin-lace-trim-nightgown-and-robe-set,
"Vintage Silk Nightgown- Open Back Gown, Custom Bridal Wedding Slip Dress lingerie",100.0,Tops,['silk'],US,58,1204,https://www.etsy.com/listing/4520183352/ivory-silk-open-back-gown-handmade,
Tahiti Organic Cotton Nightgown with Lace,69.965,Tops,['organic cotton'],AU,267,13075,https://www.etsy.com/listing/780288614/tahiti-organic-cotton-nightgown-with,
Cotton Nightdress Women| Floral & Solid Colour Sleep Dress| Soft Breathable Summer Nightgown| Loose Fit Lounge Dress| Cotton Sleepwear,45.56,Tops,['cotton'],GB,76,2086,https://www.etsy.com/listing/4376986662/fall-pumpkin-throw-pillow-cover-with,
"Silky Slip Dress: Elegant Sleepwear, Underslip Petticoat | Women’s Nightgown & Summer Satin Dress",25.0,Tops,['silk'],VN,321,5052,https://www.etsy.com/listing/1870005536/silky-slip-dress-elegant-sleepwear,
Satin-Style Lace Cami Shorts Pajama Set | Bridal Honeymoon Sleepwear Lounge Set,30.31,Tops,['silk'],US,23,292,https://www.etsy.com/listing/4538707313/satin-style-lace-cami-shorts-pajama-set,
"Custom Photo Nightgown, Personalized Face Pajama Dress, Gift for Bestie",11.23,Tops,['polyester'],US,11,1520,https://www.etsy.com/listing/4364113644/custom-photo-nightgown-personalized-face,
"Sailor Lingerie Set, Sheer Ruffle Anime Cosplay Outfit, Navy Uniform Costume",72.226,Tops,['Unknown'],GB,104,3368,https://www.etsy.com/listing/4484033796/sailor-lingerie-set-sheer-ruffle-anime,
"Vintage Audrey Nightgown,Women Long Sleeve Sleep Dress,Princess Style Pajama,Romantic Homewear,Elegant Fairy Lounge Dress",47.512522999999995,Tops,['Unknown'],ID,33,554,https://www.etsy.com/listing/4539721885/vintage-audrey-nightgownwomen-long,
"Elegant Backless Satin Nightgown Negligee with Small Train, Boudoir Lingerie Nightie, Bridal Shower Gift for her",112.0,Tops,['satin'],AU,7,179,https://www.etsy.com/listing/4533846854/elegant-backless-satin-nightgown,
Merino wool Nightwear for breastfeeding Merino wool Nursing nightgown – The BEST breastfeeding clothing you must have in Hospital Bag,72.82799999999999,Tops,['merino wool'],LT,998,40702,https://www.etsy.com/listing/583220580/merino-wool-nightwear-for-breastfeeding,
"pink lace nightgown, vintage cottagecore sleepwear, coqutte loungewear set, soft girl nightdress, romantic lace robe, fairytale pajama dress",70.99,Tops,['cotton'],US,394,7317,https://www.etsy.com/listing/4418246723/pink-lace-nightgown-vintage-cottagecore,
Navy Blue Bridesmaid Robes for morning of the wedding | Mother of the Bride Gift | Navy Blue wedding | Maid of Honour Robe Satin Lace,26.8,Tops,['polyester'],GB,15,919,https://www.etsy.com/listing/1846938615/navy-blue-bridesmaid-robes-for-morning,
Pretty Women Nightgown Sleepwear Satin Beautiful Housedress Loungewear Sizes M-4X,17.99,Tops,['satin'],US,23,3081,https://www.etsy.com/listing/4300630292/pretty-women-nightgown-sleepwear-satin,
"White Lace Nightgown, Vintage Victorian Nightdress, Cottagecore Long Sleeve Sleepwear",57.8,Tops,['lace'],RO,116,1076,https://www.etsy.com/listing/4545411793/white-lace-nightgown-vintage-victorian,
"Handmade Silk Lingerie Set, Satin Pajamas, Plus Size Sleepwear",87.0,Tops,['silk'],UA,57,3979,https://www.etsy.com/listing/4355645638/silk-lingerie-nightgown-set-sexy-satin,
"Personalized Face Polo Shirt,Custom Photo Golf Shirt,Funny Couple Matching Shirts,Gift for Boyfriend Girlfriend,Summer Vacation Outfit",41.89,Tops,['polyester'],US,35,1656,https://www.etsy.com/listing/4476286525/personalized-face-polo-shirtcustom-photo,
"Indian Bell Sleeves Long Kimono Robe, Floral Print Vintage Sari Silk Kimono, K-1308",45.99,Tops,['silk'],IN,0,5,https://www.etsy.com/listing/4557407221/indian-bell-sleeves-long-kimono-robe,
Women Pure cotton nightgown Sleepwear feminine white short nightdress sleeveless nightie lounge wear dress,67.06152,Tops,['organic cotton'],IN,100,3267,https://www.etsy.com/listing/4406085655/women-pure-cotton-nightgown-sleepwear,
"Victorian Cotton Nightgown | Cottagecore Puff Sleeve Lace Nightdress, Romantic Bridal Gown",30.3242,Tops,['cotton'],GB,16,180,https://www.etsy.com/listing/4541940654/victorian-cotton-nightgown-cottagecore,
"Women’s Cotton Tank Mini Dress, White Crinkle Sleeveless Summer Dress, Loose Casual Japanese Style Everyday Sundress",32.736200000000004,Tops,['cotton'],GB,3,111,https://www.etsy.com/listing/4549021122/womens-cotton-tank-mini-dress-white,
"Romantic Ruffle Nightgown, Womens Long Sleeve Lace Sleep Dress, Vintage Style Soft Maxi Nightdress, Cottagecore Bridal Loungewear",44.61,Tops,['lace'],US,6,97,https://www.etsy.com/listing/4553185458/romantic-ruffle-nightgown-womens-long,
"Cottagecore Ivory Satin Lingerie, Bridal Robe & Slip Dress Set, Vintage Lace Nightgown, Coquette Sleepwear, Victorian Princess Nightdress",49.99,Tops,['satin'],US,2816,42511,https://www.etsy.com/listing/4384982086/cottagecore-ivory-satin-lingerie-bridal,
Organic Cotton Ribbed Sleep Dress with Ruffles – Floral Print Loungewear,41.74,Tops,['organic cotton'],UA,487,8143,https://www.etsy.com/listing/4328797188/women-loungewear-nightgown-soft,
"Custom Face Pajamas Dress ,Personalized Heart Design Nightgown for Women ,Sleepwear Gift for Her",15.99,Tops,['Unknown'],US,0,18,https://www.etsy.com/listing/4538735146/custom-face-pajamas-dress-personalized,
"Bunny Lingerie Set, Lace Ruffle Mini Skirt, Kawaii Cosplay Outfit",80.266,Tops,['lace'],GB,2,55,https://www.etsy.com/listing/4554500727/bunny-lingerie-set-lace-ruffle-mini,
"Lace Trim Cami Shorts Pajama Set, V-Neck Sleeveless Sleepwear, Soft Summer Nightwear",30.8066,Tops,['lace'],GB,4,237,https://www.etsy.com/listing/4544390973/lace-trim-cami-shorts-pajama-set-v-neck,
"Satin Lace Nightgown, Spaghetti Strap Backless Sleepwear, Elegant Lingerie",61.0,Tops,['silk'],US,8,488,https://www.etsy.com/listing/4500417445/satin-lace-nightgown-spaghetti-strap,
"100% Cotton White Nightgown for Women | Victorian Style Night Dress | Cottagecore Sleep Dress | Breathable Cotton Sleepwear, Cotton Nightie",76.65,Tops,['cotton'],US,103,1210,https://www.etsy.com/listing/4541030381/100-cotton-white-nightgown-for-women,
"Leopard Print Silk Strap Nightgown, Women’s Sleepwear Lingerie Mini Dress, Exotic Satin Nightdress for Homewear & Costumes",24.5,Tops,['silk'],IL,87,4341,https://www.etsy.com/listing/4368488810/leopard-print-silk-strap-nightgown,
"Underdress Slip, Satin Petticoat in Pastel & Emerald Green, Gold, White | Satin Nightgown for Bridesmaid",25.0,Tops,['silk'],VN,72,4671,https://www.etsy.com/listing/4318365369/underdress-slip-satin-petticoat-in,
"Halter Mini Nightgown, Backless Slip Dress, High Slit Sleepwear, Black White Nightdress",61.64,Tops,['Unknown'],GB,0,161,https://www.etsy.com/listing/4538676243/halter-mini-nightgown-backless-slip,
"Victorian Lace Cotton Nightgown, Romantic Lace Sleep Dress, Vintage White Loungewear, Feminine Bridal Nightwear, Cottagecore Pajama Dress",58.99,Tops,['cotton'],US,54,1080,https://www.etsy.com/listing/4518260158/victorian-lace-cotton-nightgown-romantic,
Satin Lace Chemise Nightgown | Elegant Spaghetti Strap Sleep Dress | Sheer Floral Lace Loungewear | Romantic Gift for Her,61.827600000000004,Tops,['silk'],GB,0,191,https://www.etsy.com/listing/4547394093/satin-lace-chemise-nightgown-elegant,
"Victorian Cotton Nightgown – White Lace Long Sleeve Sleep Dress, Fairycore Loungewear",31.999200000000002,Tops,['cotton'],GB,195,2585,https://www.etsy.com/listing/4496435037/victorian-cotton-nightgown-white-lace,
100% Cotton Princess Vintage Long Nightgowns French Embroidery  Nightdress Ankle-Length,25.0,Tops,['cotton'],PK,56,1403,https://www.etsy.com/listing/4545549708/100-cotton-princess-vintage-long,
"Custom Face Golf Sleeveless Polo Shirt, Personalized Golf Shirt, Tennis Polo Shirt, Funny Golf Gift for Wife, Mom, Girlfriend, Golf Lover",29.99,Tops,['Unknown'],US,14,712,https://www.etsy.com/listing/4528339428/custom-face-golf-sleeveless-polo-shirt,
"Custom Face Pajama Dress, Personalized Photo Sleep Shirt, Pet Photo Sleepwear, Dog Mom Gift, Birthday Gift for Her, Bachelorette Pajamas",7.565,Tops,['Unknown'],MY,0,23,https://www.etsy.com/listing/4541948517/custom-face-pajama-dress-personalized,
"Luxury Bridal Lingerie Dress, Chiffon Mini Nightgown, Honeymoon Lingerie Slip",92.47999999999999,Tops,['chiffon'],US,72,30737,https://www.etsy.com/listing/4418375382/luxury-bridal-lingerie-dress-chiffon,
"Lace Maternity Nightie, Short Sleeve Nursing Nightgown, Breastfeeding  Sleepwear, Hospital Bag Essential, Baby Shower Gift for New Mom",55.0,Tops,['lace'],GB,2,283,https://www.etsy.com/listing/4493914025/lace-maternity-nightie-short-sleeve,
"Satin Nightgown with Spaghetti Straps, Elegant V-Neck Bridal Sleepwear",56.99,Tops,['satin'],PK,2,85,https://www.etsy.com/listing/4542577861/satin-nightgown-with-spaghetti-straps,
"Long Silk Kimono Robe, Floral Print Sari, Beach Coverup K-1305",45.99,Tops,['silk'],IN,0,1,https://www.etsy.com/listing/4557402073/long-silk-kimono-robe-floral-print-sari,
Pure Cotton Sleepwear Nightdress Women Long Sleeve Nightgown Victorian Style Nighties,78.58952,Tops,['organic cotton'],IN,33,1714,https://www.etsy.com/listing/4406073484/pure-cotton-sleepwear-nightdress-women,
French Vintage Sheer Lace Bridal Peignoir Set | Satin Nightgown & Chiffon Robe,56.092400000000005,Tops,['satin'],GB,1,17,https://www.etsy.com/listing/4554994627/french-vintage-sheer-lace-bridal,
Tie Strap Long Nightgown | White Cotton Sleep Dress | Victorian Sleepwear | Romantic Loungewear,31.6642,Tops,['cotton'],GB,9,137,https://www.etsy.com/listing/4544234784/tie-strap-long-nightgown-white-cotton,
"French Vintage Style Nightgown, Victorian Sleepdress With Lace Detail, Cottagecore Night Robe, Princess Fairy Nightdress, Cozy Nightdress",20.0,Tops,['lace'],US,160,6019,https://www.etsy.com/listing/4396184060/french-vintage-style-nightgown-victorian,
"Personalized Photo Sleepwear,  Custom Grandma Mom Belongs to Pajama Dress, Nightgown with  Photo, Gift for Mommy/Grandma",9.9,Tops,['Unknown'],US,0,3,https://www.etsy.com/listing/4555744858/personalized-photo-sleepwear-custom,
"Satin Slip Dress, Adjustable Strap, Bias Cut Cami Nightgown for Women, Bridesmaid & Bridal Wear",25.0,Tops,['silk'],VN,5,53,https://www.etsy.com/listing/4534510587/satin-slip-dress-adjustable-strap-bias,
Women’s Pointelle Cotton Button-Up Pajama Top: Soft Classic Loungewear,54.88,Tops,['cotton'],UA,44,472,https://www.etsy.com/listing/4512023612/womens-pointelle-cotton-button-up-pajama,
"White Cotton Lace Trim Nightgown, Romantic Cottagecore Long Sleep Dress",49.98,Tops,['cotton'],US,12,191,https://www.etsy.com/listing/4540736014/white-cotton-lace-trim-nightgown,
"Sheer Chiffon Babydoll Nightgown – White See Through Slip Dress, Bridal Lingerie, Honeymoon Gift Her",85.0,Tops,['chiffon'],UA,77,2664,https://www.etsy.com/listing/4501536200/sheer-chiffon-babydoll-nightgown-white,
"Satin Lace Camisole Sleepwear Set, Sleeveless Nightdress Loungewear",63.422200000000004,Tops,['polyester'],GB,3,45,https://www.etsy.com/listing/4539802625/satin-lace-camisole-sleepwear-set,
Loungees Short Sleeve Royal Monotone Lounge House Dress Caftan - 3 Button Bib Yoke and Pockets,26.99,Tops,['cotton'],US,219,9066,https://www.etsy.com/listing/4354622966/loungees-short-sleeve-royal-monotone,
"Women’s Lace Satin Nightgown - Padded Slip Dress, Robe Sleepwear, Summer Lounge",89.7666,Tops,['satin'],GB,23,866,https://www.etsy.com/listing/4548328569/womens-lace-satin-nightgown-padded-slip,
Merino wool super soft Nightwear Nightdress for women,63.58,Tops,['merino wool'],LT,471,27322,https://www.etsy.com/listing/586775234/merino-wool-super-soft-nightwear,
Lace Lingerie Babydoll for Her | Sheer Mesh Outfit | Bridal Sleepwear for Wedding | Chemise Idea for Honeymoon,50.1,Tops,['lace'],HK,23,2843,https://www.etsy.com/listing/4464582574/lace-lingerie-babydoll-sheer-mesh,
Pima Cotton Batiste Nightgown with Lace Trim – Handmade Summer Sleepwear,55.0,Tops,['cotton'],US,66,1419,https://www.etsy.com/listing/4525625785/pima-cotton-batiste-nightgown-with-lace,
White bridal lace nightgown Sexy peignoir for women Bridal lingerie wedding night Satin short nightgown Bridal shower gift from sister,42.0,Tops,['satin'],UA,1229,95418,https://www.etsy.com/listing/644610314/white-bridal-lace-nightgown-sexy,
Womens Lace Babydoll Lingerie V Neck Halter Chemise Teddy Sleepwear Romantic Bridal Nightgown Gift,31.41,Tops,['lace'],US,0,20,https://www.etsy.com/listing/4554635540/womens-lace-babydoll-lingerie-v-neck,
Cotton Linen House Dress | Lace V Neck Pajama Gown for Her,99.99,Tops,['cotton'],US,6,148,https://www.etsy.com/listing/4532865699/cotton-linen-house-dress-lace-v-neck,
Bridal Lace Backless Nightgown Wedding Lingerie Bridal Lingerie Wedding Nightgown Honeymoon Sleepwear Lace Lingerie Halter nightgown,165.0,Tops,['lace'],US,2970,82210,https://www.etsy.com/listing/651137787/bridal-lace-backless-nightgown-wedding,
"Satin V-Neck Slit Hem Nightgown, Knee-Length Sleeveless Sleepwear, Elegant Summer Nighty, Luxury Loungewear",33.4866,Tops,['silk'],GB,0,16,https://www.etsy.com/listing/4551011414/satin-v-neck-slit-hem-nightgown-knee,
"Women&#39;s Satin Lace Nightgown, V Neck Chemise, Adjustable Spaghetti Strap Sleepwear, Silky Nightdress.",29.4666,Tops,['silk'],GB,2,111,https://www.etsy.com/listing/4536700900/womens-satin-lace-nightgown-v-neck,
S.Christina Women&#39;s Nightgown Short Sleeve Cotton Blend  Medium-2XL,13.99,Tops,['cotton'],US,73,7547,https://www.etsy.com/listing/1711872237/schristina-womens-nightgown-short-sleeve,
Knitted Lace Short Nightgown |  Cozy Coquette Sleepwear | Breathable Slip dress for Women,30.82,Tops,['cotton'],GB,1,35,https://www.etsy.com/listing/4540698313/knitted-lace-short-nightgown-cozy,
"Cotton Maternity Nightdress: Breastfeeding Access, Star Print",25.4466,Tops,['cotton'],GB,21,1487,https://www.etsy.com/listing/1045683238/cotton-maternity-nightdress,
"Custom Face Pajama Dress, Personalized Photo Sleep Shirt, Photo Sleepwear",13.66,Tops,['polyester'],US,14,1016,https://www.etsy.com/listing/4470103146/custom-face-pajama-dress-personalized,
"100% Cotton Nightgown, Soft Ribbed Nightdress, Lace Trim Sleepwear, Women Sleep Dress, Short and Regular Length Nightgown, Pajama Dress",62.5,Tops,['cotton'],US,201,2418,https://www.etsy.com/listing/4477648458/100-cotton-nightgown-soft-ribbed,
"Nurse Lingerie Set, Bralette, Apron Skirt, Thong, Roleplay Outfit",70.0,Tops,['Unknown'],TR,2,101,https://www.etsy.com/listing/4553557672/nurse-lingerie-set-bralette-apron-skirt,
"Luxury Lounge Wear Bell Sleeves Kimono Robe , Indian Silk , Beach Gown L-1304",45.99,Tops,['silk'],IN,1,3,https://www.etsy.com/listing/4557400497/luxury-lounge-wear-bell-sleeves-kimono,
Babydoll Lingerie Set | Bow Neck Lounge Top & Ruffle Shorts  |  Soft Bridal Pajamas | Lounge Set,32.736200000000004,Tops,['satin'],GB,4,25,https://www.etsy.com/listing/4555116910/babydoll-lingerie-set-bow-neck-lounge,
100% Pure cotton women nightdress Victorian feminine white nightgown sleepwear long nightie sleeveless chemise dress,62.86952,Tops,['organic cotton'],IN,70,880,https://www.etsy.com/listing/4554230655/100-pure-cotton-women-nightdress,
"Victorian Puff Sleeve Nightgown, White Cottagecore Lace Sleepwear, Fairycore Cotton Nightdress, Romantic Edwardian Loungewear",30.284000000000002,Tops,['cotton'],GB,31,493,https://www.etsy.com/listing/4537206939/victorian-puff-sleeve-nightgown-white,
"Square Neck Lace Night Dress, Puff Sleeve Nightgown for Women, Short Sleeve Victorian Style Sleep Dress, Cottagecore Loose Fit Sleep Dress",88.88,Tops,['organic cotton'],US,54,1936,https://www.etsy.com/listing/4508971490/square-neck-lace-night-dress-puff-sleeve,
"Personalized  Face Pajama Dress, Personalized Photo Sleepwear , Women Nightgown with Picture, Birthday Gift,Christmas Gift",9.9,Tops,['Unknown'],US,0,20,https://www.etsy.com/listing/4554922114/personalized-face-pajama-dress,
"Satin Cami Slip Dress, Women’s Nightgown, Silky Chemise Underdress, Adjustable Strap Sleepwear, Bridesmaid Gift",25.0,Tops,['silk'],VN,33,1146,https://www.etsy.com/listing/1873341660/silky-slip-dress-cami-nightgown-bridal,
"Ribbed Cotton Long Sleeve Top: Organic Loungewear, Soft Home Clothes",40.56,Tops,['organic cotton'],UA,244,3172,https://www.etsy.com/listing/4318001495/women-loungewear-longsleeve-cotton,
"Printed Pajama Set for Women, Long Sleeve Round Neck Top and Shorts, Lightweight Polyester Spandex Sleepwear and Home Loungewear",41.620400000000004,Tops,['polyester'],GB,0,25,https://www.etsy.com/listing/4539803727/printed-pajama-set-for-women-long-sleeve,
Romantic Lace Maxi Nightgown | Victorian Long Sleeve Ruffle Bridal Sleepwear | Vintage Women’s Dress,59.65,Tops,['cotton'],US,4,121,https://www.etsy.com/listing/4537516822/romantic-lace-maxi-nightgown-o-victorian,
Women&#39;s Short Sleeve Navy Print Lounger House Dress - 3 Button Contrast Yoke and Hem with Pockets,21.99,Tops,['Unknown'],US,5,525,https://www.etsy.com/listing/4478098860/womens-short-sleeve-navy-print-lounger,
Merino Wool Nightgown for Maternity and Nursing – Soft V-neck Sleepwear for Breastfeeding Moms Warm and Breathable Sleep Dress,72.82799999999999,Tops,['merino wool'],LT,170,3659,https://www.etsy.com/listing/4310747136/merino-wool-nightgown-for-maternity-and,
Pure Cotton Nightgown Pajama Dress – Loose Soft Sleepwear nightgown Lounge nightdress,59.0,Tops,['organic cotton'],PK,85,2315,https://www.etsy.com/listing/4504945179/pure-cotton-nightgown-pajama-dress-loose,
Womens Zip Front Soft Textured Fleece Bed Jacket,20.0866,Tops,['polyester'],GB,14,2389,https://www.etsy.com/listing/1474729138/womens-zip-front-soft-textured-fleece,
"Custom Face Pajama Dress, Photo Sleepshirt,Personalized Pet & Family Photo Sleepwear, Gift For Dog Mom, Custom Best Friends Matching Pajamas",18.0,Tops,['Unknown'],TH,1,80,https://www.etsy.com/listing/4540853391/custom-face-pajama-dress-photo,
"Sheer mesh red open back lingerie set S M, red mesh underwear dress with panty, dating lingerie set, sheer mesh dress with panty",69.0,Tops,['Unknown'],UA,0,94,https://www.etsy.com/listing/4553254499/sheer-mesh-red-open-back-lingerie-set-s,
Vintage Cotton Linen Nightgown with White Lace | Elegant Renaissance-Inspired Long Sleepwear & Loungewear,33.3258,Tops,['cotton'],GB,573,6681,https://www.etsy.com/listing/4494061029/vintage-cotton-linen-nightgown-with,
Black Boudoir Transparent Nightgown with Stockings and Opera Gloves | See through Babydoll in Custom Sizes,85.0,Tops,['Unknown'],UA,0,101,https://www.etsy.com/listing/4528871298/black-boudoir-transparent-nightgown-with,
Yellow Floral Cotton Nightgown: Vintage-Style Lace Yoke Sleep Dress,9.432,Tops,['cotton'],IN,7,229,https://www.etsy.com/listing/4322455256/yellow-floral-cotton-nightgown-vintage,
"Personalized White Lace Nightgown, Embroidered Bridal Nightie, Silk Satin Sleepwear",29.99,Tops,['silk'],VN,23,586,https://www.etsy.com/listing/4506153527/personalized-white-lace-nightgown,
"Women’s Short Satin Nightdress, White honeymoon lingerie, Soft Satin Sleep Dress for Women, Lightweight Imitation Silk Sleepwear",28.0,Tops,['silk'],IL,106,8275,https://www.etsy.com/listing/4320653082/womens-short-satin-nightdress-white,
Cotton Nightdress Polo Long Sleeve Broderie Anglaise Vintage Victorian Nightgown,52.260000000000005,Tops,['cotton'],GB,42,1247,https://www.etsy.com/listing/4523255707/cotton-nightdress-polo-long-sleeve,
"Victorian Cotton Nightgown | Smocked Neckline, Ruffle Trim, Ribbon Bow Sleepwear",63.99,Tops,['cotton'],PK,46,852,https://www.etsy.com/listing/4545533584/victorian-cotton-nightgown-smocked,
New Silk Kimono Lounge Wear Bathing Gown K-1303,45.99,Tops,['silk'],IN,1,2,https://www.etsy.com/listing/4557416932/new-silk-kimono-lounge-wear-bathing-gown,
"Cotton Maxi Nightgown with Pockets, V-Neck Lounge Dress, Side Slits, Grey Contrast Trim",31.382800000000003,Tops,['cotton'],GB,1,27,https://www.etsy.com/listing/4550938159/cotton-maxi-nightgown-with-pockets-v,
Ivory Lace Trim Robe & Nightgown Set | Romantic Bridal Lingerie Sleepwear,26.9742,Tops,['silk'],GB,7,137,https://www.etsy.com/listing/4540371433/ivory-lace-trim-robe-nightgown-set,
100% Pure cotton women wear Victorian style nightgown Sleepwear feminine white nightdress sleeveless nightie lounge wear dress,73.13992,Tops,['organic cotton'],IN,83,1780,https://www.etsy.com/listing/4382835896/100-pure-cotton-women-wear-victorian,
"Victorian Lace Cami Nightgown, Girly Sleeveless Night Gown,  Vintage Ruffle hem nightdress, Cottagecore Lace bust Loungewear Night Dress",72.54,Tops,['lace'],US,254,5794,https://www.etsy.com/listing/4390019728/lace-cottagecore-victorian-nightgown,
Organic Cotton Longsleeve Pajama Top: Soft Loungewear for Women,66.99,Tops,['organic cotton'],UA,144,1421,https://www.etsy.com/listing/4359984748/women-loungewear-cotton-pajama-top-soft,
White Satin Slip Dress | Bridal Lingerie Nightgown & Wedding Morning Outfit | Custom Color Bridesmaid Sleepwear,44.0,Tops,['silk'],VN,194,4289,https://www.etsy.com/listing/4475447365/white-satin-slip-dress-bridal-lingerie,
"Cotton Cami Nightgown for Women, Sleeveless Long Summer Sleep Dress, Fairy Style Loungewear in White, Pink, Gray or Khaki for Home Wear",78.89920000000001,Tops,['cotton'],GB,2,106,https://www.etsy.com/listing/4538822426/cotton-cami-nightgown-for-women,
"Custom Face Pajama Dress, Personalized Photo Sleepwear, Birthday Gift,Monther&#39;s Day Gift",11.23,Tops,['polyester'],US,292,25476,https://www.etsy.com/listing/4351253875/custom-face-pajama-dress-personalized,
"White Lace Trim Nightgown, Cottagecore Puff Sleeve Romantic Loungewear, Bridal Sleep Dress",45.69,Tops,['cotton'],US,12,542,https://www.etsy.com/listing/4537037454/white-lace-trim-nightgown-cottagecore,
Womens 100% Cotton Short Sleeved Polka Dot White Nightdress,29.4666,Tops,['cotton'],GB,11,674,https://www.etsy.com/listing/1877265979/womens-100-cotton-short-sleeved-polka,
"Leopard Print Cat Costume Lingerie Bodysuit for Women, Sheer Mesh Teddy, Animal Print Cosplay Outfit, Cute Kitty Romper",61.506,Tops,['Unknown'],GB,13,925,https://www.etsy.com/listing/4539937444/leopard-print-cat-costume-lingerie,
"Floral Maternity Nursing Nightgown — Button-Front, Pockets, Short Sleeves — Lightweight Flowy | Feeding Nightdress For Women",31.439999999999998,Tops,['cotton'],IN,74,3962,https://www.etsy.com/listing/4326857346/floral-maternity-nursing-nightgown,
100% Pure cotton nightgown Women Victorian nightgown style feminine white nightdress   loungewear night dress,54.0,Tops,['organic cotton'],PK,6,380,https://www.etsy.com/listing/4504306103/100-pure-cotton-nightgown-women,
Women&#39;s Short Sleeve Teal Lounger House Dress - Contrast Yoke and Hem with Pockets,26.99,Tops,['cotton'],US,85,4404,https://www.etsy.com/listing/4354623176/womens-short-sleeve-teal-lounger-house,
"Women&#39;s Silk Pajamas Long Mulberry Silk Real Pure 100% silk Sleepwear, Silk Pajama Set for Women",50.0,Tops,['silk'],VN,1055,32701,https://www.etsy.com/listing/1302891802/womens-silk-pajamas-long-mulberry-silk,
"Bridal silk nightgown, Wedding slip dress, Bridal lingerie",79.0,Tops,['silk'],UA,18,734,https://www.etsy.com/listing/4449746277/bridal-silk-nightgown-wedding-slip-dress,
Ivory satin bridal nightgown Honeymoon lingerie for bride Short wedding nightgown Sexy bride negligee for wedding night,46.0,Tops,['satin'],UA,190,9749,https://www.etsy.com/listing/1502019114/ivory-satin-bridal-nightgown-honeymoon,
"Long bridal nightgown, bridal lingerie, ivory silk satin bridal nightgown, bridal getting ready outfit,",95.0,Tops,['silk'],UA,247,13829,https://www.etsy.com/listing/4317753310/long-bridal-nightgown-bridal-lingerie,
"Personalized Pink Lace Lingerie Set – Sheer Mini Nightgown with Thong, Fairy Inspired Loungewear",80.0,Tops,['lace'],US,37,272,https://www.etsy.com/listing/4546900138/custom-name-pink-lace-lingerie-set-sheer,
Maternity Nightdress with Robe | Nursing Nightwear | Baby Shower Gift for New Mum | Pregnancy & Postpartum Gown,85.0,Tops,['cotton'],GB,84,2749,https://www.etsy.com/listing/4455030287/maternity-nightdress-with-robe-nursing,
Amy - White Self dotted 100% cotton voile -  Sleeveless Nightgown with tiered skirt,49.0,Tops,['cotton'],AU,175,5902,https://www.etsy.com/listing/1366650467/amy-white-self-dotted-100-cotton-voile,
"Personalized Satin Nightgown, Embroidered Bridal Slip, Bridesmaid Sleepwear, Wedding Morning Outfit",30.309559999999998,Tops,['silk'],CA,18,791,https://www.etsy.com/listing/4515712575/personalized-satin-nightgown-embroidered,
"Silky Satin V-Neck Mini Slip Dress, Elegant Open Back Sleepwear Chemise, Lightweight Summer Nightgown",38.8466,Tops,['silk'],GB,0,22,https://www.etsy.com/listing/4549059737/silky-satin-v-neck-mini-slip-dress,
"Bridal Satin Robe Set, White Wedding Nightgown & Long Robe, Bride Getting Ready Lingerie, Honeymoon Sleepwear, Luxury Bridal Gift",104.44500000000001,Tops,['satin'],TR,9,274,https://www.etsy.com/listing/4532955954/bridal-satin-robe-set-white-wedding,
Striped Block Print Cotton Pyjamas Set Long Sleeves Shirt Summer Comforter Pj Set,79.99,Tops,['cotton'],IN,26,452,https://www.etsy.com/listing/4507064318/striped-block-print-cotton-pyjamas-set,
Women&#39;s Tie Dye 100% Cotton Nightgown Short Sleeve Henley Sleep Soft Comfy Shirt,50.0,Tops,['cotton'],PK,0,12,https://www.etsy.com/listing/4547558692/womens-tie-dye-100-cotton-nightgown,
"Personalized Photo Sports Shirt, Tennis Player Gift, Custom Sleeveless Golf Polo, Women&#39;s Face Sleeveless Polo Shirt, Gifts for Friend",29.99,Tops,['Unknown'],US,5,144,https://www.etsy.com/listing/4527191260/personalized-photo-sports-shirt-tennis,
"Bell Sleeves Long Kimono Robe, Floral Print Vintage Sari Silk Kimono, K-1315",45.99,Tops,['silk'],IN,0,1,https://www.etsy.com/listing/4557397607/bell-sleeves-long-kimono-robe-floral,
French Lace Nightgown for Women  |  Vintage Short Sleeve Sleep Dress | Hollow Out Lace Nightgown |  Bow Decor V Neck Nightdress,65.861,Tops,['lace'],GB,9,66,https://www.etsy.com/listing/4554325665/french-lace-nightgown-for-women-vintage,
Victorian Lace Cotton Nightgown | Square Neck Puff Sleeve Sleepwear,33.0042,Tops,['cotton'],GB,18,274,https://www.etsy.com/listing/4541856999/victorian-lace-cotton-nightgown-square,
Pure cotton Women nightgown Sleepwear feminine white nightdress sleeveless nightie lounge wear embroidered dress,72.30152,Tops,['organic cotton'],IN,17,528,https://www.etsy.com/listing/4406106575/pure-cotton-women-nightgown-sleepwear,
Floral Cotton Crop Top: Soft Ribbed Tank Bralette for Women Loungewear,21.04,Tops,['cotton'],UA,77,1015,https://www.etsy.com/listing/4448071500/floral-cotton-crop-top-soft-ribbed-tank,
"Mesh Lace Nightgown for Women, Long Sleeve Square Neck Sleep Dress, Fairy Style Polyester Loungewear for Spring Autumn and Winter Wear",38.2302,Tops,['polyester'],GB,8,213,https://www.etsy.com/listing/4540810129/mesh-lace-nightgown-for-women-long,
"Victorian Lace Nightgown, Long Sleeve Maxi Sleep Dress, Romantic Cottagecore Loungewear",62.51,Tops,['lace'],US,4,116,https://www.etsy.com/listing/4538246760/victorian-nightgown-for-women-white-lace,
Womens 100% Organic Cotton Classic Full Length Short Sleeved Nightdress,26.7866,Tops,['organic cotton'],GB,6,540,https://www.etsy.com/listing/4344277325/womens-100-organic-cotton-classic-full,
"Emerald Green Satin Slip Dress: Low Back Satin Loungewear, Summer Nightdress in custom colors",29.0,Tops,['silk'],VN,20,481,https://www.etsy.com/listing/1872336878/emerald-green-satin-slip-dress-low-back,
"Cottagecore Satin Lingerie, Bridal Robe & Slip Dress Set, Vintage Lace Nightgown, French Coquette Sleepwear, Victorian Princess Nightdress",49.99,Tops,['satin'],US,1152,12375,https://www.etsy.com/listing/4384988219/cottagecore-satin-lingerie-bridal-robe,
Loungees Border Print Cotton Lounge Dress/House Dress/Caftan | 3 Button Bib Yoke Short Sleeve,26.99,Tops,['cotton'],US,23,2069,https://www.etsy.com/listing/4354636183/loungees-border-print-cotton-lounge,
"Cat Print Babydoll Nightgown and Lace Robe Set, Cottagecore Sleepwear",64.186,Tops,['lace'],GB,4,82,https://www.etsy.com/listing/4532021723/cat-print-babydoll-nightgown-and-lace,
"Sheer Floral Lace Nightgown, Romantic Babydoll Sleepwear, V-Neck Mini Nightdress",38.8466,Tops,['lace'],GB,2,11,https://www.etsy.com/listing/4553669664/sheer-floral-lace-nightgown-romantic,
White getting ready mini slip dress Bridal satin silk dress Wedding lingerie Honeymoon dress Gift for bride,119.0,Tops,['silk'],UA,779,17632,https://www.etsy.com/listing/1636133498/white-getting-ready-mini-slip-dress,
"Personalized Embroidered Nightdress, Bridal Pajama Dress, Custom Mrs Name Sleepwear, Bachelorette Party Gift, Wedding Shower Gift for Bride",26.0,Tops,['Unknown'],CN,13,366,https://www.etsy.com/listing/4510102983/personalized-embroidered-nightdress,
"Sheer Chiffon Nightgown, See-Through Babydoll Lingerie",87.99,Tops,['chiffon'],UA,247,23942,https://www.etsy.com/listing/1886493847/sheer-nightgown-see-through-nightie,
"Personalized Pet Face Pajama Dress, Custom Dog Cat Sleepwear, Women&#39;s Nightshirt",25.99,Tops,['polyester'],US,308,18993,https://www.etsy.com/listing/1323521437/personalized-photo-face-pajama-dress,
"Pink babydoll sheer nighie dress, White see through nightgown",80.0,Tops,['Unknown'],UA,55,9379,https://www.etsy.com/listing/4495714473/pink-babydoll-sheer-nighie-dress-white,
Boho Lace Babydoll Lingerie Dress – Sleeveless V-Neck Mini Nightgown,104.03999999999999,Tops,['lace'],US,469,5364,https://www.etsy.com/listing/4388097930/boho-lace-babydoll-lingerie-dress-womens,
"White Lace Babydoll Lingerie, Satin Halter Chemise Nightdress, Bridal Honeymoon Sleepwear",88.4266,Tops,['satin'],GB,4,1501,https://www.etsy.com/listing/4551214931/white-lace-babydoll-lingerie-satin,
"Sleeveless Cotton, Nightgown, Lace Trim Sleep Dress, Summer Bridal Nightwear",140.70000000000002,Tops,['cotton'],GB,109,2508,https://www.etsy.com/listing/4521549364/sleeveless-nightgown-lace-trim-tie-front,
Cotton Maternity Nightdress: Elegant Breastfeeding Pajama with Back Snaps,46.88660000000001,Tops,['cotton'],GB,224,8535,https://www.etsy.com/listing/1749411688/cotton-maternity-nightdress-elegant,
"Linen nightgown, Handmade Victorian nightgown with lace, soft robe, nightgown womens kaftan, morning dress, gift for her, Christmas gift",184.95999999999998,Tops,['linen'],LV,1516,27988,https://www.etsy.com/listing/1635232797/linen-nightgown-handmade-victorian,
"Personalized Grandchildren Faces Nightgown for Grandma, Custom This Grandma Belongs To Loungewear, Unique Birthday Christmas Gift for Nana",18.0,Tops,['Unknown'],TH,2,27,https://www.etsy.com/listing/4545964707/personalized-grandchildren-faces,
100% Pure cotton nightgown Women Victorian style feminine white nightdress embroidered nightie loungewear dress,48.0,Tops,['cotton'],PK,4,502,https://www.etsy.com/listing/4504308653/100-pure-cotton-nightgown-women,
French Lace Nightgown | Vintage Pink Modal Long Sleeve Sleep Dress,24.012800000000002,Tops,['cotton'],GB,12,428,https://www.etsy.com/listing/4496430943/french-lace-nightgown-vintage-pink-modal,
"Romantic Lace Babydoll Nightdress | Deep V Sheer Sleepwear, Bridal Lingerie",114.0,Tops,['lace'],US,8,212,https://www.etsy.com/listing/4522236402/romantic-lace-babydoll-nightdress-deep-v,
"Victorian Bridal Peignoir Set, 2-Piece Lace Chiffon Robe & Satin Suspender Skirt, Mesh Slip Dress, Babydoll Lingerie",37.3994,Tops,['satin'],GB,1,33,https://www.etsy.com/listing/4555088494/victorian-bridal-peignoir-set-2-piece,
Vintage French Lace Nightgown | Long Sleeve Ruffle Modal Sleep Dress,39.811400000000006,Tops,['cotton'],GB,13,273,https://www.etsy.com/listing/4537806938/vintage-french-lace-nightgown-long,
"Ribbed Cotton Tank Top: Soft Loungewear for Women, Summer Pajama Comfort",23.15,Tops,['cotton'],UA,82,1213,https://www.etsy.com/listing/4321452207/women-loungewear-tank-top-ribbed-cotton,
"Cherry Print Camisole Nightdress , Lightweight Summer Sleep Dress, Sleeveless Home Loungewear",44.6622,Tops,['polyester'],GB,1,129,https://www.etsy.com/listing/4538810831/cherry-print-camisole-nightdress,
Womens Heavyweight Long Sleeve 100% Cotton Jersey Nightdress,40.1866,Tops,['cotton'],GB,26,3047,https://www.etsy.com/listing/1728461675/womens-heavyweight-long-sleeve-100,
"Romantic Pink Women Nightgown , Vintage Lace Sleep Dress with Pockets , Long Sleeve Ankle Length Loose Fit Nightgown",44.61,Tops,['cotton'],US,0,25,https://www.etsy.com/listing/4543246046/romantic-pink-women-nightgown-vintage,
Joie Satin Slip Dress | V-Neck Backless Cami Nightgown | Bridal & Bridesmaid Gift | Wedding Morning Underslip,25.0,Tops,['silk'],VN,432,11641,https://www.etsy.com/listing/1832540627/joie-satin-slip-dress-o-v-neck-backless,
"Victorian Beige Lace Bust Maxi Nightgown, Flutter Short Ruffle Sleeve Empire Waist Sleep Dress, Square Neck Nightdress, Cozy Party Nightgown",78.46,Tops,['lace'],US,18,263,https://www.etsy.com/listing/4537571156/victorian-beige-lace-bust-maxi-nightgown,
"Floral Cotton Mini Nightgown, Sheer Strap Sleepwear, Above Knee Sleep Dress, Plus Size Lingerie",38.8466,Tops,['cotton'],GB,0,10,https://www.etsy.com/listing/4554319995/floral-cotton-mini-nightgown-sheer-strap,
"Sheer Chiffon Nightgown, See Through Babydoll Lingerie",86.03,Tops,['chiffon'],UA,31,1750,https://www.etsy.com/listing/1872308068/sheer-nightgown-see-through-nightie,
Victorian Style Cotton feminine nightgown sleepwear nightdress Camisole Sleep dress,71.264,Tops,['organic cotton'],IN,16,652,https://www.etsy.com/listing/4385874691/victorian-style-cotton-feminine,
Lace Babydoll Nightgown Front Tie Lingerie Dress Plus Size,64.0,Tops,['lace'],US,2,185,https://www.etsy.com/listing/4544007785/lace-babydoll-nightgown-front-tie,
Cotton Linen Pajama Dress | Sleeveless Pocket Nightgown for Her | Summer Loungewear,99.99,Tops,['cotton'],US,50,596,https://www.etsy.com/listing/4532580407/cotton-linen-pajama-dress-sleeveless,
"Short nightgown see through, Romantic sheer babydoll nightgown, See through night dress, Sheer slip nightgown, Womens negligee see through",58.0,Tops,['lace'],UA,618,116847,https://www.etsy.com/listing/1823257634/short-nightgown-see-through-romantic,
Long Sleeved Softened Linen Nightgown,83.232,Tops,['cotton'],LV,1098,25594,https://www.etsy.com/listing/1421260857/long-sleeved-softened-linen-nightgown,
Sheer Lace Babydoll Lingerie Set: Open Front Ruffle Nightgown With Thong,54.27,Tops,['lace'],US,0,43,https://www.etsy.com/listing/4554612029/sheer-lace-babydoll-lingerie-set-open,
"Custom &quot;This Grandma Belongs To pajamas&quot; Pajama Dress, Personalized Grandma/Mom Nightgown",17.32,Tops,['polyester'],US,43,3801,https://www.etsy.com/listing/4397823044/custom-this-grandma-belongs-to-pajamas,
Block Printed Light Weight Cotton Long Sleeves Women Pj Set,79.99,Tops,['cotton'],IN,14,144,https://www.etsy.com/listing/4510211606/block-printed-light-weight-cotton-long,
Pure Silk Lace Dress - Backless V-Neck Slip Dress - Trim Nightgown - Luxury Sleepwear for Her,111.3,Tops,['silk'],AU,1,20,https://www.etsy.com/listing/4556307633/pure-silk-lace-dress-backless-v-neck,
Maternity Nightdress: Cotton Hospital Birth Gown with Pockets,53.586600000000004,Tops,['cotton'],GB,42,1713,https://www.etsy.com/listing/1766301423/maternity-nightdress-cotton-hospital,
"Satin Slip Dress, Bridesmaid & Bride Gift, Mini Cami Dress, Women&#39;s Sleepwear, Handmade, Custom Colors",25.0,Tops,['satin'],VN,1,8,https://www.etsy.com/listing/4547922383/satin-slip-dress-bridesmaid-bride-gift,
"Custom Face Pajama Set, Personalized Photo Sleepwear, Ruffle Trim Pajamas, Bridesmaid Gift",47.688081000000004,Tops,['Unknown'],SG,0,45,https://www.etsy.com/listing/4553057078/custom-face-pajama-set-personalized,
Vintage Princess Square Neck Nightgown | Long Sleeve Cream Sleep Dress | Romantic Homewear,26.4516,Tops,['cotton'],GB,259,3517,https://www.etsy.com/listing/4494836528/vintage-princess-square-neck-nightgown,
Satin Slip Dress: Luxury Spaghetti Strap Bridal Nightgown,75.81,Tops,['silk'],CA,756,18241,https://www.etsy.com/listing/1845319450/satin-slip-dress-luxury-spaghetti-strap,
Floral Cotton Victorian Nightgown: Ruffle Trim Long Sleeve Sleep Dress,31.439999999999998,Tops,['cotton'],IN,33,2496,https://www.etsy.com/listing/4322397972/floral-cotton-victorian-nightgown-ruffle,
"Sheer Lace mesg Nightdress – Mesh Lingerie Slip Dress, Bridal Nightwear, Romantic Sleepwear",89.7666,Tops,['lace'],GB,10,1715,https://www.etsy.com/listing/4543654963/sheer-lace-mesg-nightdress-mesh-lingerie,
Ladies Flower House Coat Dressing Gown Fancy Design Loungewear Nightwear,25.4466,Tops,['polyester'],GB,9,8558,https://www.etsy.com/listing/4407858398/ladies-flower-house-coat-dressing-gown,
Vintage Girls Lace Nightdress |  White Princess Sleepwear | Soft Ruffle Sleeve Maxi Gown | Romantic Cottagecore Kids Dress,47.757600000000004,Tops,['lace'],GB,0,26,https://www.etsy.com/listing/4555088504/victorian-bridal-peignoir-set-2-piece,
Floral Cotton Slip Dress: Cottagecore Nightgown for Women&#39;s Sleepwear,56.6,Tops,['cotton'],UA,200,3190,https://www.etsy.com/listing/4382868860/floral-cotton-slip-dress-cottagecore,
"Cotton Nightgown for Women, V Neck Fairy Style Sleep Dress, White or Blue All Season Loungewear, Breathable Home Lounge Gown for Relaxing",57.8076,Tops,['cotton'],GB,8,158,https://www.etsy.com/listing/4538195811/cotton-nightgown-for-women-v-neck-fairy,
"Ivory Sheer Ruffle Lace Robe | Vintage Bridal Lingerie, Puff Sleeves, Boudoir Nightgown",26.9742,Tops,['lace'],GB,62,913,https://www.etsy.com/listing/4540404333/ivory-sheer-ruffle-lace-robe-vintage,
Women’s Lace Nightgown |  Spaghetti Strap Pajama Slip | Vintage Cottagecore Loungewear |  Romantic Homewear,33.36,Tops,['lace'],US,1,49,https://www.etsy.com/listing/4541395134/womens-lace-nightgown-o-spaghetti-strap,
Womens 100% Cotton Luxury Porcelain Floral Short Sleeve Nightdress,29.4666,Tops,['cotton'],GB,3,840,https://www.etsy.com/listing/1863136012/womens-100-cotton-luxury-porcelain,
14426 Maternity Nightdress Women&#39;s Cotton Nightshirt Button-Down Short Sleeve Beige/Navy/Fuchsia,33.4866,Tops,['cotton'],GB,7,508,https://www.etsy.com/listing/4328222427/14426-maternity-nightdress-womens-cotton,
"Black Lace Up Babydoll Lingerie Set, V-Neck Open Front Nightgown, A-Line Plus Size Sleepwear",26.7866,Tops,['lace'],GB,1,61,https://www.etsy.com/listing/4543378851/black-lace-up-babydoll-lingerie-set-v,
"Women&#39;s Satin Slip Nightdress, Adjustable Strap Chemise, V Neck Sleepwear.",33.4866,Tops,['silk'],GB,1,65,https://www.etsy.com/listing/4536641208/womens-satin-slip-nightdress-adjustable,
Pure cotton women wear Victorian style nightgown Sleepwear feminine white nightdress long sleeve nightie,62.879999999999995,Tops,['organic cotton'],IN,39,1274,https://www.etsy.com/listing/4415643142/pure-cotton-women-wear-victorian-style,
"Custom Cartoon Family Portrait Nightgown, Personalized Sleep‑Dress, Custom Name Family Stick‑Figure Print Loungewear, Gift for Mom Grandma",28.0,Tops,['Unknown'],TH,1,32,https://www.etsy.com/listing/4551632767/custom-cartoon-family-portrait-nightgown,
"Personalized Bridal Nightie – Embroidered Wedding Nightwear, Honeymoon Gift",30.82,Tops,['Unknown'],GB,8,977,https://www.etsy.com/listing/4404131681/personalized-bridal-nightie-embroidered,
Embroidered Mesh Lace Nightgown Bridal Lingerie WeddingArt Deco Sleepwear Bridal Nightgown Ivory Lace Honeymoon Trousseau Lingerie,175.0,Tops,['lace'],US,3732,122572,https://www.etsy.com/listing/495074294/embroidered-mesh-lace-nightgown-bridal,
"Orange Satin Dress: Adjustable Strap Cami Nightgown, Custom Color Bridesmaid Outfit, Gift For Her",25.0,Tops,['silk'],VN,46,922,https://www.etsy.com/listing/4342062581/orange-satin-dress-adjustable-strap-cami,
"European Linen Nightgown, summer dress.",94.79199999999999,Tops,['linen'],LV,555,9317,https://www.etsy.com/listing/1726168258/european-linen-nightgown-summer-dress,
Silk Satin Cami Shorts Pajama Set Women V-Neck Sleepwear Bridal Nightwear,26.28,Tops,['silk'],CA,2,22,https://www.etsy.com/listing/4550707096/silk-satin-cami-shorts-pajama-set-women,
"Organic Linen Nightgown: Midi Length, Relaxed Fit",180.0,Tops,['linen'],US,42,1335,https://www.etsy.com/listing/4332207197/organic-linen-nightgown-midi-length,
Lace Trim Mesh Babydoll Nightgown Sheer Sling Dress Sleepwear,46.22844,Tops,['lace'],GB,4,1577,https://www.etsy.com/listing/4537880909/lace-trim-mesh-babydoll-nightgown-sheer,
"Custom Face Pajama Dress, Personalized Photo Nightgown, Gift for Her",11.24,Tops,['polyester'],US,6,974,https://www.etsy.com/listing/1775573045/custom-face-pajama-dress-personalized,
Cotton Nightgown Vintage Pajam Nightdress Long Sleeve Sleepwear dress Nightwear dress Loungewear nightgown,59.0,Tops,['cotton'],PK,38,764,https://www.etsy.com/listing/4504964031/cotton-nightgown-vintage-pajam,
Women&#39;s Kalamkari Cotton Night Dress | Everyday Comfort Wear,12.576,Tops,['cotton'],IN,5,684,https://www.etsy.com/listing/4522660307/womens-kalamkari-cotton-night-dress,
White Bridal Satin Lace Trim Slip Dress: V-Neck Sleeveless Midi,156.06,Tops,['satin'],US,298,5270,https://www.etsy.com/listing/4366967938/white-bridal-satin-lace-trim-slip-dress,
Sheer Nightgown Women Honeymoon Outfit See Through Dress Valentine Lingerie Bridal Babydoll Sleepwear Romantic Bedroom Wedding Night,46.0,Tops,['Unknown'],US,10,0,https://www.etsy.com/listing/4536557692/sheer-nightgown-women-honeymoon-outfit,
"Satin Slip Dress, Summer Dress, Date Night Outfit, Bias-Cut Cami, Gift for Her",27.0,Tops,['silk'],VN,1,23,https://www.etsy.com/listing/4540280568/satin-slip-dress-silky-cami-nightgown,
4 Pack 100% Cotton Women Nightgown Sleepwear Pajamas Nightshirt,59.99,Tops,['cotton'],US,25,6894,https://www.etsy.com/listing/4299835430/4-pack-100-cotton-knit-women-nightgown,
"Wine Red Embroidered Nightgown, Sheer Countryside Sleep Dress - Elegant Women Lace Sleepwear",32.0,Tops,['lace'],IL,2,159,https://www.etsy.com/listing/4521042475/wine-red-embroidered-nightgown-sheer,
"White Satin Lace Slip Dress, Bridal Nightgown, Honeymoon Lingerie, Wedding Morning Slip, Satin Chemise, Getting Ready Outfit, Gift for Bride",60.0,Tops,['satin'],US,2,54,https://www.etsy.com/listing/4549738355/white-satin-lace-slip-dress-bridal,
"Embroidered Cotton Nightgown, Lace Sling Sleep Dress, Cottagecore Loungewear",65.9816,Tops,['cotton'],GB,5,173,https://www.etsy.com/listing/4543781351/embroidered-cotton-nightgown-lace-sling,
"Ribbed Cotton Crop Top - Pointelle Lounge Wear, Organic Cotton Bralette",22.13,Tops,['organic cotton'],UA,363,4669,https://www.etsy.com/listing/4321515679/women-homewear-cotton-top-for-women-soft,
"Cream Cotton Lace Nightgown, Victorian Square Neck Long Sleeve Sleepwear",30.284000000000002,Tops,['cotton'],GB,5,156,https://www.etsy.com/listing/4538318908/victorian-cottagecore-nightgown-cream,
"Cotton Gauze Nightdress for Women, Sleeveless Camisole Summer Nightgown, Long Lightweight Sleep Dress and Breathable Home Loungewear",46.2434,Tops,['cotton'],GB,6,255,https://www.etsy.com/listing/4538202350/cotton-gauze-nightdress-for-women,
Womens Supersoft Button Front Textured Bed Jacket,33.4866,Tops,['polyester'],GB,20,5038,https://www.etsy.com/listing/1778400490/womens-supersoft-button-front-textured,
Pure Linen Sleeveless Nightgown | Long Summer Dress | Women&#39;s 100% Flax Linen Sleepwear | Cottagecore Loungewear,99.56,Tops,['cotton'],IN,237,3964,https://www.etsy.com/listing/4381650362/pure-linen-sleeveless-nightgown-long,
"Cotton nightgown, Lightweight Organic Cotton",57.8,Tops,['organic cotton'],LV,83,1594,https://www.etsy.com/listing/4448741348/cotton-nightgown-lightweight-organic,
"Personalized Photo Pajama Dress, Custom Dog Face Nightgown, Family Photos Sleepwear, Birthday Party Pajamas",15.99,Tops,['Unknown'],US,2,123,https://www.etsy.com/listing/4541915292/personalized-photo-pajama-dress-custom,
"Elegant Mesh Lace Nightgown, Backless Strappy Sleepwear for Women, Romantic Mini Slip Dress, Cute Summer Chemise, Petite Nightwear Gift",44.635400000000004,Tops,['silk'],GB,3,555,https://www.etsy.com/listing/4544939131/elegant-mesh-lace-nightgown-backless,
"Luxurious Satin Long Nightgown, Lace Detailed Silk Kimono Robe for Bridal & Loungewear",160.0,Tops,['silk'],CN,0,41,https://www.etsy.com/listing/4550810576/luxurious-satin-long-nightgown-lace,
"Peach Print Cotton Sleep Dress, Ruffle Strap Nightgown, One Size Summer Nightdress",147.4,Tops,['cotton'],GB,10,98,https://www.etsy.com/listing/4548455363/peach-print-cotton-sleep-dress-ruffle,
Ladies Zip/Button Flower House Coat Dressing Gown Fancy Design Loungewear Nightwear,26.7866,Tops,['polyester'],GB,4,1250,https://www.etsy.com/listing/4466961390/ladies-zipbutton-flower-house-coat,
Emma - White Nightgown in 100% self dotted cotton voile with adjustable straps and elasticated back,43.4,Tops,['cotton'],AU,86,4852,https://www.etsy.com/listing/1358813701/emma-white-nightgown-in-100-self-dotted,
"Hand Block Print Cotton Kimono Robe , Japanese Style Dressing Gown",52.38952,Tops,['cotton'],IN,64,2099,https://www.etsy.com/listing/4487388315/hand-block-print-cotton-kimono-robe,
Blue bride nightgown Short sexy satin peignoir Bridal lingerie wedding night Satin honeymoon,46.0,Tops,['satin'],UA,42,1973,https://www.etsy.com/listing/1496197824/blue-bride-nightgown-short-sexy-satin,
"Lavender Cotton Sleep Dress, V-Neck Summer Loungewear | breathable night wear",10.76,Tops,['cotton'],IN,43,956,https://www.etsy.com/listing/4403419419/lavender-cotton-sleep-dress-v-neck,
"Bridal nightgown, silk bridal sleep wear, long peignoir, ivory wedding night gown, honeymoon lingerie",115.0,Tops,['silk'],UA,171,5524,https://www.etsy.com/listing/4354816680/bridal-nightgown-silk-bridal-sleep-wear,
Sheer Lace Lingerie Set – Burgundy See-Through Top & Thong,59.0,Tops,['lace'],UA,200,268967,https://www.etsy.com/listing/4357510110/sheer-lingerie-set-see-through-tank-top,
"100% Authentic Silk Nightgown, Open Back Bridal Slip dress, Handmade Lounge Wear bridesmaid",120.0,Tops,['silk'],GB,1323,29241,https://www.etsy.com/listing/4420475445/100-authentic-silk-nightgown-open-back,
"Victorian Cotton Nightgown, Vintage Long Sleep Dress, French Embroidered Nightgown, Romantic Cottagecore Loungewear, Bridal Nightwear",60.99,Tops,['cotton'],US,21,706,https://www.etsy.com/listing/4519382617/victorian-cotton-nightgown-vintage-long,
"Funny Leopard Muscle Oversized Sleep Tee for Women, Hilarious Nightshirt, Vacation Pajama Dress, Bachelorette Party Gift",31.99,Tops,['Unknown'],US,2,8,https://www.etsy.com/listing/4555663945/funny-leopard-muscle-oversized-sleep-tee,
Women&#39;s Lace Trim Nightdress Set: Sleeveless Mini Sleepwear with Briefs – Elegant Loungewear,79.0,Tops,['lace'],US,82,1548,https://www.etsy.com/listing/4522126035/womens-lace-trim-nightdress-set,
"Satin Slip Dress, V-Neck Cami, Bias-Cut Underdress, Summer Outfit, Bridesmaid Gift, Bridal Ready",27.0,Tops,['satin'],VN,0,15,https://www.etsy.com/listing/4540766139/satin-slip-dress-v-neck-cami-bias-cut,
Vintage Princess Square Neck Nightgown | Long Sleeve Cream Sleep Dress | Romantic Home wear,25.99,Tops,['cotton'],PK,28,421,https://www.etsy.com/listing/4545526757/vintage-princess-square-neck-nightgown,
"White Cotton Lace Long Dress for Women, Sleeveless A-Line Summer Holiday Maxi Dress, Loose Fit Pullover Casual Beach Loungewear",38.3106,Tops,['cotton'],GB,3,77,https://www.etsy.com/listing/4549005575/white-cotton-lace-long-dress-for-women,
Cotton Button Up Top Soft Comfy Longsleeve Women Homewear Cotton Pajama Top Longewear For Women Organic Clothing Gift For Friend Cotton Top,40.15,Tops,['cotton'],UA,270,4211,https://www.etsy.com/listing/4328314430/cotton-button-up-top-soft-comfy,
"Sleeveless Cotton Nightgown for Women, V-Neck Camisole Sleep Dress, Lightweight Summer Loungewear in White, Pink or Blue,",29.386200000000002,Tops,['cotton'],GB,8,156,https://www.etsy.com/listing/4543792003/sleeveless-cotton-nightgown-for-women-v,
"White Cotton Lace Nightgown | Soft Muslin Maxi Sleep Dress, Flowy Lounge Wear",48.52140000000001,Tops,['cotton'],GB,2,34,https://www.etsy.com/listing/4546846223/white-cotton-lace-nightgown-soft-muslin,
Womens Lightweight Jersey Cotton Sleeveless Floral Nightdresses,32.1466,Tops,['cotton'],GB,11,714,https://www.etsy.com/listing/1690239404/womens-lightweight-jersey-cotton,
Linen nightgown with adjustable shoulder straps,61.267999999999994,Tops,['linen'],LV,1229,25669,https://www.etsy.com/listing/556183148/linen-nightgown-with-adjustable-shoulder,
Victorian Style White Sleepwear Nightgown Lace Decor nightdress Cottage core Fairy Dress,71.25352,Tops,['organic cotton'],IN,81,823,https://www.etsy.com/listing/4385839754/victorian-style-white-sleepwear,
"Cotton Navy Slip Dress, V-Neck Summer Loungewear",10.76,Tops,['cotton'],IN,70,1490,https://www.etsy.com/listing/4403421021/cotton-navy-slip-dress-v-neck-summer,
"Personalized Funny Bikini Sleep Shirt for Women, Custom Name Oversized Sleep Tee, Beach Vacation Nightshirt, Bachelorette Gift Pajama Dress",31.99,Tops,['Unknown'],US,0,8,https://www.etsy.com/listing/4555642195/personalized-funny-bikini-sleep-shirt,
"Edwardian Style White Cotton Josette Nightdress, Broderie Anglaise Nightgown, Victorian Inspired Nightwear",65.66000000000001,Tops,['cotton'],GB,43,766,https://www.etsy.com/listing/4531289994/edwardian-style-white-cotton-josette,
"Light Blue Victorian Nightgown, Square Neck Sleep Dress, Victorian Short Sleeve Dress, Vintage Bow Decor Nightdress, Lace Trimmed Nightgown",62.22,Tops,['lace'],US,105,1395,https://www.etsy.com/listing/4386690125/light-blue-victorian-nightgown-square,
"Princess Lace Nightgown for Women, Elegant Long Sleeve Sleep Dress, Vintage Royal Nightwear, Soft Lace Pajama Dress, Spring Fall Loungewear",90.519,Tops,['cotton'],TR,7,38,https://www.etsy.com/listing/4542200550/princess-lace-nightgown-for-women,
"100% Cotton Tie Dye Henley Nightgown: Short Sleeve Sleep Dress, Breathable Lounge Shirt",68.5,Tops,['cotton'],US,3,76,https://www.etsy.com/listing/4538977507/100-cotton-tie-dye-henley-nightgown,
"Satin Ivory Lingerie Set, Vintage Lace Robe and Slip, Bridal Sleepwear",106.95,Tops,['satin'],US,32,473,https://www.etsy.com/listing/4497379254/satin-ivory-lingerie-set-vintage-lace,
"Vintage Beige Nightgown, Victorian Lace Princess Sleep Dress, Cottagecore Loose Fit Robe",45.26520000000001,Tops,['cotton'],GB,48,604,https://www.etsy.com/listing/4493789516/vintage-beige-nightgown-victorian-lace,
"Satin V-Neck Slip Dress – Adjustable Spaghetti Straps, Silky Cami Nightgown Custom Length/Color",25.0,Tops,['silk'],VN,5,163,https://www.etsy.com/listing/4484523210/satin-v-neck-slip-dress-adjustable,
Elegant Sheer Lace Chemise Dress | V-Neck Babydoll Nightgown with Side Split | Romantic Sleepwear,36.1666,Tops,['lace'],GB,0,11,https://www.etsy.com/listing/4553044804/elegant-sheer-lace-chemise-dress-v-neck,
"100% Cotton Victorian Nightgown | White Lace Long Sleeve Sleepwear, Romantic Cottagecore Robe",83.0,Tops,['cotton'],US,45,558,https://www.etsy.com/listing/4466566646/100-cotton-victorian-nightgown-white,
"Custom Family Portrait Nightgown, Personalized Stick-Figure Sleep Dress, Custom Name Loungewear",28.0,Tops,['Unknown'],TH,0,3,https://www.etsy.com/listing/4553083412/custom-family-portrait-nightgown,
"Personalized Grandma Nightgown, Custom Face Sleep Shirt, This Grandma Belongs To Kids",4.95,Tops,['Unknown'],US,6,224,https://www.etsy.com/listing/4502537218/personalized-grandma-nightgown-custom,
"Armani silk nightgown, blue or black slip dress, elegant satin lingerie, soft silk nightie for her, luxury sleepwear gift",128.0,Tops,['silk'],UA,17,4509,https://www.etsy.com/listing/4481870992/armani-silk-nightgown-blue-or-black-slip,
"Custom Pajamas with Face,Personalized Photo Nightshirt,Custom Women Oversized Nightgown,Bachelorette/Birthday Gift,Women Short Sleeve Pajama",52.48,Tops,['polyester'],US,28,3011,https://www.etsy.com/listing/4322990468/custom-pajamas-with-facepersonalized,
"Ivory Satin Lingerie Set, Vintage Lace Robe and Slip, Bridal Sleepwear",104.03999999999999,Tops,['satin'],US,2527,37301,https://www.etsy.com/listing/4347362406/ivory-satin-lingerie-set-vintage-lace,
Short green satin nightgown Bridal mini slip nighty for wedding night Sexy honeymoon satin bride chemise Romantic negligee gift for fiancee,46.0,Tops,['satin'],UA,70,2823,https://www.etsy.com/listing/1549503792/short-green-satin-nightgown-bridal-mini,
"Bridal Viscose Nightgown and Robe Set, Lace Trim Ivory Sleepwear, Honeymoon Wedding Nightwear",80.4,Tops,['lace'],GB,1,151,https://www.etsy.com/listing/4538738113/bridal-viscose-nightgown-and-robe-set,
"Satin Mini Nightgown with Ostrich Feather Hem, Silk Slip Dress Sleepwear, Bridal Boudoir Lingerie, Adjustable Strap Nightdress, Gift for Her",69.33,Tops,['silk'],UA,1,4175,https://www.etsy.com/listing/4527386337/satin-mini-nightgown-with-ostrich,
"Vintage Victorian Lace Nightgown, White Cotton Sleepwear for Women, Fairy Princess Loungewear, Loose Coquette Cottagecore Night Dress",55.99,Tops,['cotton'],US,340,4747,https://www.etsy.com/listing/4415882636/vintage-victorian-lace-nightgown-white,
"Victorian Lace Nightgown |  Cottagecore Long Sleep Dress |  Coquette Princess Nightdress | Vintage Loose Fit Night Robe, Cozy Loungewear",36.5954,Tops,['lace'],GB,9,333,https://www.etsy.com/listing/4543221427/victorian-lace-nightgown-cottagecore,
Organic Cotton Pajama Top for Women | Feminine Sleepwear & Lounge Shirt Gift,54.88,Tops,['organic cotton'],UA,69,735,https://www.etsy.com/listing/4482018641/organic-cotton-pajama-top-for-women,
"White Lace Trimmed Court Style Nightgown, Vintage Polyester Sleep Dress",44.9436,Tops,['polyester'],GB,37,507,https://www.etsy.com/listing/4538166776/women-white-loose-nightdress-long-fairy,
Womens Floral Print Sleeveless Nightdress,32.1466,Tops,['cotton'],GB,36,4002,https://www.etsy.com/listing/1468852893/womens-floral-print-sleeveless,
Pink Lace Victorian Nightgown | Long Sleeve Ruffle Cottagecore Sleep Dress,26.3042,Tops,['lace'],GB,6,83,https://www.etsy.com/listing/4542711339/pink-lace-victorian-nightgown-long,
"White Button Front Nightgown, Lace Trim Nightgown, Victorian Puff Sleeve Nightdress, Vintage Pleated Nightgown, Cozy Cottagecore Nightdress",68.18,Tops,['lace'],US,16,301,https://www.etsy.com/listing/4465801545/white-button-front-nightgown-lace-trim,
"Satin Slip Dress in Mint Green, Light Blue, Silky Cami Nightgown, Underdress, Custom Colors",25.0,Tops,['silk'],VN,3,45,https://www.etsy.com/listing/4539788612/satin-slip-dress-in-mint-green-light,
See-through top Light transparent top Mesh top Sheer tank top Netted top Light and comfortable mesh top  Women&#39;s transparent top,71.672,Tops,['Unknown'],PL,396,203232,https://www.etsy.com/listing/1777065989/see-through-top-light-transparent-top,
"Sheer mesh black open back lingerie set S M, black mesh underwear dress with panty, dating lingerie set, sheer mesh dress with panty",69.0,Tops,['Unknown'],UA,3,0,https://www.etsy.com/listing/4553228628/sheer-mesh-black-open-back-lingerie-set,
Pink Cotton Short Nightgown - Cozy Coquette Sleepwear - Perfect Gift for Her,110.0,Tops,['cotton'],UA,49,946,https://www.etsy.com/listing/4469876161/pink-cotton-short-nightgown-cozy,
Bride Gift White Nightie Personalized Getting Ready Cami Dress for Bride Bachelorette Party Pajamas,70.0,Tops,['rayon'],US,710,26827,https://www.etsy.com/listing/1710765590/bride-gift-white-nightie-personalized,
"Sheer Lace Bridal Peignoir Set, Vintage Chiffon Nightgown Robe, Wedding Night Lingerie",85.33,Tops,['chiffon'],US,135,4036,https://www.etsy.com/listing/4506100570/sheer-lace-bridal-peignoir-set-vintage,
Antoinette - Vintage Long Sleeved 100% cotton Nightgown with Pin Tucks & cotton Embroidery edgings - Size AU 18 in stock,52.5,Tops,['cotton'],AU,13,428,https://www.etsy.com/listing/1357719362/antoinette-vintage-long-sleeved-100,
"Custom Face Pajama Dress, Personalized Bestie Pajamas, Photo Nightgown With Face, Matching Pajama Dress, Gift For Her",21.546,Tops,['Unknown'],AU,1,98,https://www.etsy.com/listing/4532464300/custom-face-pajama-dress-personalized,
"Lace Cottagecore Victorian Nightgown, Coquette Long Sleepwear, Princess Fairy Nightdress, Vintage Loose Fit Night Robe, Cute Cozy Loungewear",54.0,Tops,['lace'],PK,54,851,https://www.etsy.com/listing/4507117495/lace-cottagecore-victorian-nightgown,
Candyiry Qipao Lingerie Costume Set – Elegant Lace Cheongsam-Inspired Women&#39;s Lingerie,55.99,Tops,['lace'],PK,6,7425,https://www.etsy.com/listing/4547267582/candyiry-qipao-lingerie-costume-set,
"Women Lace V Neck Nightdress, Sleeveless Sleepwear Camisole - Soft Ladies Nightgown",32.0,Tops,['lace'],IL,1,35,https://www.etsy.com/listing/4521343961/women-lace-v-neck-nightdress-sleeveless,
"White Lace Bridal Nightgown: Wedding Morning, Honeymoon Sleepwear, Romantic Bride Lingerie",129.0,Tops,['lace'],UA,7,216,https://www.etsy.com/listing/4537099395/white-lace-bridal-nightgown-wedding,
"Custom Face Nightgown, Personalized Face Pajama Dress, Photo Sleepwear For Mom Grandma Wife",15.32,Tops,['Unknown'],US,0,11,https://www.etsy.com/listing/4547301683/custom-face-nightgown-personalized-face,
"White Cotton Nightgown, Victorian Lace Nightdress, Bridal Summer Nightie, Cottagecore Loose Sleepwear",159.99,Tops,['cotton'],US,16,350,https://www.etsy.com/listing/4516351879/white-cotton-nightgown-victorian-lace,
"Sheer Mesh Nightgown, Seductive Babydoll Negligee",95.03,Tops,['Unknown'],UA,1089,425877,https://www.etsy.com/listing/1693283497/mesh-sheer-nightgown-see-through-nightie,
Satin Button Front Night Dress | Women&#39;s Silk-Like Sleep Shirt | 3/4 Sleeve Nightgown | Fall Winter Loungewear | Cozy Elegant Gift for Her,12.98,Tops,['silk'],US,0,26,https://www.etsy.com/listing/4513093089/satin-button-front-night-dress-womens,
"Personalized Face Golf Polo Shirt, Custom Sleeveless Polo for Women, Funny Photo Golf Apparel, Tennis Polo Shirt, Sports Shirt Gift",29.99,Tops,['Unknown'],US,5,354,https://www.etsy.com/listing/4528332220/personalized-face-golf-polo-shirt-custom,
Turquoise Jenny Embroidered full length sleeveless Cotton Nightdress | Victorian & Edwardian Style nightgown,63.650000000000006,Tops,['cotton'],GB,4,254,https://www.etsy.com/listing/4533898754/turquoise-jenny-embroidered-full-length,
"French Style Cotton Nightgown, White Spaghetti Strap Sleep Dress, Knee Length Summer Sleepwear",44.89,Tops,['cotton'],GB,12,148,https://www.etsy.com/listing/4546336937/french-style-cotton-nightgown-white,
"Cotton Linen Sleeveless Vest Dress, Women Loose Flared Summer Gown",55.0,Tops,['cotton'],PK,66,992,https://www.etsy.com/listing/4525469214/cotton-linen-sleeveless-vest-dress-women,
Dresses for Women - Silk Dress Beige - Silk Nightgown Women - Silk Dress Long - Womens Clothing Dresses,124.0,Tops,['silk'],VN,2853,77212,https://www.etsy.com/listing/966157908/dresses-for-women-silk-dress-beige-silk,
Floral Cotton Long Sleeve Top: Soft Loungewear for Women&#39;s Pajama Set,55.47,Tops,['cotton'],UA,75,991,https://www.etsy.com/listing/4384757191/floral-cotton-long-sleeve-top-soft,
"Long Sleeve Nightgown for Women, Polyester Long Dress Sleepwear with Pockets, Autumn Winter Home Loungewear and Casual Indoor Wear",31.382800000000003,Tops,['polyester'],GB,0,19,https://www.etsy.com/listing/4550317778/long-sleeve-nightgown-for-women,
"Victorian Puff Sleeve Nightgown, Vintage Cotton Nightdress, Ruffled Hem Nightgown, Beige Cozy Cottagecore Nightgown, Square Neck Nightgown",73.24,Tops,['cotton'],US,94,1565,https://www.etsy.com/listing/4470666311/victorian-puff-sleeve-nightgown-vintage,
Flowy Sleeveless Nightgown | Soft Lace Trim Cottagecore Sleepwear | Spaghetti Strap Victorian Nightgown,26.3042,Tops,['lace'],GB,1,82,https://www.etsy.com/listing/4544214329/flowy-sleeveless-nightgown-soft-lace,
Sage Green Satin Slip Dress Bias Cut Cami Nightgown for Women Bride & Bridesmaid Gift,36.0,Tops,['silk'],VN,15,196,https://www.etsy.com/listing/4507723028/sage-green-satin-slip-dress-bias-cut,
"Halter Deep V Mini Nightgown, Backless Slip Dress, High Slit Sleepwear, Black White Nightdress",69.33,Tops,['Unknown'],US,21,2992,https://www.etsy.com/listing/4506273057/halter-deep-v-mini-nightgown-backless,
Womens Button Bed Jacket,33.4866,Tops,['polyester'],GB,42,9065,https://www.etsy.com/listing/1482695270/womens-button-bed-jacket,
Polo Short Sleeve White Cotton Victorian Style Nightdress,48.24,Tops,['cotton'],GB,13,369,https://www.etsy.com/listing/4508976383/polo-short-sleeve-white-cotton-victorian,
"Ice Silk Nightgown for Women, Polyester Camisole Sleep Dress with Optional Jacket, One Size Lightweight Summer Loungewear Set for Home",45.3724,Tops,['silk'],GB,2,109,https://www.etsy.com/listing/4539860090/ice-silk-nightgown-for-women-polyester,
"Custom Face Kimono Robe: Personalized Photo Nightshirt, Valentine&#39;s Gift",42.12,Tops,['polyester'],US,10,1000,https://www.etsy.com/listing/1809585973/custom-face-kimono-robe-personalized,
"Women Summer Nightgown, Soft Sleep Shirt Pajama Dress - Comfortable Ladies Sleepwear",36.0,Tops,['Unknown'],IL,1,57,https://www.etsy.com/listing/4521352460/women-summer-nightgown-soft-sleep-shirt,
"Custom Face Pajama Tee, Personalized Pet Photo Sleep Shirt",43.3,Tops,['Unknown'],US,87,8965,https://www.etsy.com/listing/1587300150/custom-face-pajama-tee-personalized-pet,
white and pink floral sleep top with pink bow detail,26.8,Tops,['Unknown'],GB,1,1,https://www.etsy.com/listing/4555838038/white-and-pink-floral-sleep-top-with,
"Custom Face Pajama Dress, Personalized Women Nightgown with Photo, Bachelorette Party Dress, Birthday Gifts",15.99,Tops,['Unknown'],US,0,79,https://www.etsy.com/listing/4541215875/custom-face-pajama-dress-personalized,
Victorian style 100% Pure cotton women’s wear nightgown Sleepwear feminine white nightdress Sleeveless nightie lounge wear dress,62.86952,Tops,['organic cotton'],IN,15,118,https://www.etsy.com/listing/4554233189/victorian-style-100-pure-cotton-womens,
"Personalized Embroidered Bridal Nightgown, Mrs Lace Chemise Bachelorette Gift",26.99,Tops,['lace'],US,14,237,https://www.etsy.com/listing/4534875507/personalized-embroidered-bridal,
"Black Lace Garter Lingerie Set, Sheer Mesh Teddy Babydoll, Bridal Boudoir Nightwear, Honeymoon Gift",90.0,Tops,['lace'],TR,2,875,https://www.etsy.com/listing/4535838337/black-lace-garter-lingerie-set-sheer,
"Elegant Light Pink Long Backless Satin Nightgown Negligee Slip, Honeymoon Bridal Lingerie, Bridal Shower Gift for her",108.5,Tops,['satin'],AU,152,3386,https://www.etsy.com/listing/1602624272/elegant-light-pink-long-backless-satin,
"Custom Face Pajama Set, Personalized Photo Pajamas for Women, Ruffle Sleepwear, Bridesmaid Pajamas, Custom Gift for Her, Bestie Gift",41.432881,Tops,['Unknown'],SG,1,48,https://www.etsy.com/listing/4551434002/custom-face-pajama-set-personalized,
"Satin Slip Mini Dress: Gold/Teal/Rose-Pink, Custom Colors Handmade, Honeymoon Date Night Outfit",25.0,Tops,['satin'],VN,0,12,https://www.etsy.com/listing/4538669874/satin-slip-dress-date-night-outfit,
"White Satin Nightgown, Satin Sleep Dress, Bridal Nightgown, Short Satin Chemise, Honeymoon Lingerie, Adjustable Strap Nightdress",60.0,Tops,['satin'],UA,4,262,https://www.etsy.com/listing/4534632167/white-satin-nightgown-satin-sleep-dress,
"Black Floral Print Pajama Set, Women&#39;s Sleepwear, Cozy Loungewear, Button-Up Nightwear, Gift for Her",99.96,Tops,['cotton'],US,0,0,https://www.etsy.com/listing/4554403635/black-floral-print-pajama-set-womens,
"Grandma Nightgown Custom Kids Names, Personalized Mimi Sleep Shirt, Family Night Dress",5.95,Tops,['polyester'],US,254,18529,https://www.etsy.com/listing/4405278228/grandma-nightgown-custom-kids-names,
"White Cotton Pajama Set, Romantic Long Sleeve Sleepwear, Sheer Cotton Loungewear, Feminine Bridal PJ Set, Cottagecore Nightwear",51.99,Tops,['cotton'],US,22,361,https://www.etsy.com/listing/4507612790/white-cotton-pajama-set-romantic-long,
"Pretty Woman Assorted Color Woman Nightgown Floral 2 Pockets, Cotton Sleepwear",19.99,Tops,['cotton'],US,2,491,https://www.etsy.com/listing/4395306932/pretty-woman-assorted-color-woman,
"Women&#39;s Satin Nightgown, V Neck Slip Dress, Adjustable Spaghetti Strap Sleepwear, Silky Chemise",33.4866,Tops,['silk'],GB,0,80,https://www.etsy.com/listing/4536639108/womens-satin-nightgown-v-neck-slip-dress,
Women’s Pointelle Cotton Button-Down: Soft Long Sleeve Lounge and Sleepwear,40.15,Tops,['cotton'],UA,64,641,https://www.etsy.com/listing/4457256077/womens-pointelle-cotton-button-down-soft,
Victorian Lace Nightgown |  Long Sleeve Princess Sleep Dress | Romantic Cottagecore Loungewear,41.0174,Tops,['cotton'],GB,19,591,https://www.etsy.com/listing/4543230931/victorian-cotton-nightgown-long-sleeve,
"Cotton Gauze Dress | Long Sleeve Tie-Neck Nightgown, Minimalist Sleepwear",26.3042,Tops,['cotton'],GB,0,6,https://www.etsy.com/listing/4546836157/cotton-gauze-dress-long-sleeve-tie-neck,
White Satin Slip Dress | Bridal Lingerie Nightgown & Wedding Morning Outfit | Custom Color Bridesmaid Sleepwear,49.0,Tops,['silk'],VN,1027,15985,https://www.etsy.com/listing/4366233101/white-satin-slip-dress-bridal-lingerie,
"Blue Cotton Loungewear, French Nightgown, Cottagecore Coquette Sleepwear, Victorian Princess Fairy Nightdress, Vintage Loose Fit Night Robe",59.99,Tops,['cotton'],US,126,1667,https://www.etsy.com/listing/4383858800/blue-cotton-loungewear-french-nightgown,
"Personalized Face Leggings, Custom Face Yoga Pants, High Waist Workout Gifts",27.59,Tops,['Unknown'],US,0,96,https://www.etsy.com/listing/4484433718/personalized-face-leggings-custom-face,
Green Satin Slip Dress Women&#39;s Sleepwear Emerald Midi Nightgown Custom Colors Gift For Her,34.0,Tops,['satin'],VN,0,10,https://www.etsy.com/listing/4549000486/green-satin-slip-dress-womens-sleepwear,
"Cotton Nightgown, Long Sleeve Square Neck, Broderie Anglaise Lace, French Vintage Loungewear",30.016,Tops,['cotton'],GB,0,92,https://www.etsy.com/listing/4538171094/cotton-nightgown-long-sleeve-square-neck,
"Maroon Floral Print Pajama Set, Women&#39;s Sleepwear, Cozy Loungewear, Button-Up Nightwear, Gift for Her",99.96,Tops,['cotton'],US,0,0,https://www.etsy.com/listing/4554392337/maroon-floral-print-pajama-set-womens,
Womens Multi-Coloured Heart Print Cotton Nightdress,22.7666,Tops,['cotton'],GB,15,1510,https://www.etsy.com/listing/1475089909/womens-multi-coloured-heart-print-cotton,
"White Satin Bridal Chemise, Lace Wedding Morning Slip Dress",170.0,Tops,['satin'],UA,15,166,https://www.etsy.com/listing/4536595627/white-satin-bridal-chemise-lace-wedding,
Cozy Floral Cotton Set - Rustic Loungewear Top & Skirt - Ideal Gift for Her,40.0,Tops,['cotton'],UA,46,446,https://www.etsy.com/listing/4473974832/cozy-floral-cotton-set-rustic-loungewear,
"Cotton Hospital Gown: Maternity Nightdress, Breastfeeding Pajama",48.226600000000005,Tops,['cotton'],GB,48,1674,https://www.etsy.com/listing/1787052371/cotton-hospital-gown-maternity,
"Personalized Women’s Satin Lace Nightgown, Silk Feel Sleep Dress, Luxury Satin Chemise, Soft Lace Slip Dress, Elegant Sleepwear Gift for Her",40.0,Tops,['silk'],US,7,196,https://www.etsy.com/listing/4540252382/personalized-womens-satin-lace-nightgown,
"Burgundy Satin Nightgown with Black Lace, Long Lace Slip Dress, Romantic Lingerie, Plus Size Sleepwear, Valentine Gift for Her",79.99,Tops,['satin'],US,0,0,https://www.etsy.com/listing/4558313765/burgundy-satin-nightgown-with-black-lace,
Satin Silk Pajama Set Women Long Sleeve Button Down Sleepwear Nightwear Loungewear,34.83,Tops,['silk'],CA,1,26,https://www.etsy.com/listing/4551273056/satin-silk-pajama-set-women-long-sleeve,
Cozy Fleece Pajama Set for Women – Winter Loungewear with Bow Details,104.03999999999999,Tops,['fleece'],US,13,294,https://www.etsy.com/listing/4401046305/cozy-fleece-pajama-set-for-women-winter,
"Custom Grandma Pajama Dress , This Grandma Belongs To pajamas, Personalized Nightgown For Mom",15.99,Tops,['Unknown'],US,0,9,https://www.etsy.com/listing/4551484577/custom-grandma-pajama-dress-this-grandma,
"Personalized Satin Slip Dress, Lace Patchwork Bridal Nightgown, Open Back Bachelorette Gown",29.99,Tops,['silk'],VN,289,2886,https://www.etsy.com/listing/4508529146/personalized-satin-slip-dress-lace,
"Black Embroidered Sheer Nightgown, Silky Slip Dress, Bow Detail Knee Length Lingerie, Elegant Sleepwear",32.1466,Tops,['silk'],GB,1,37,https://www.etsy.com/listing/4540426329/black-embroidered-sheer-nightgown-silky,
Pink Sheer Glitter Lingerie Robe - Plus Size See Through Nightie,66.0,Tops,['Unknown'],UA,25,7071,https://www.etsy.com/listing/4394264375/pink-plus-size-nightie-sheer-negligee,
Cotton adjustable Strap Mini Dress | sleeveless nightie lounge wear Nightdress,51.99,Tops,['cotton'],US,29,798,https://www.etsy.com/listing/4544793604/cotton-adjustable-strap-mini-dress,
"Ivory Cotton Nightgown, Lace Trim Nightdress, Romantic Long Nightgown, Vintage Inspired Sleepwear, Cottagecore Nightdress, Bridal Lingerie",115.58843999999999,Tops,['cotton'],ES,35,282,https://www.etsy.com/listing/4549641615/ivory-cotton-nightgown-lace-trim,
"Women’s Short Sleeve Pajama Dress, V Neck Loose Home Wear, Polyester Spandex Long Nightgown for Relaxing and Casual Loungewear",31.382800000000003,Tops,['polyester'],GB,0,4,https://www.etsy.com/listing/4552114417/womens-short-sleeve-pajama-dress-v-neck,
"Ribbed Cotton Floral Crop Top: Soft Loungewear, Chic Homewear, 100% Cotton",21.04,Tops,['cotton'],UA,429,5482,https://www.etsy.com/listing/4328811521/cotton-top-soft-women-homewear-self-care,
Victorian Floral Nap Dress – Smocked Cotton Linen Cottagecore Maxi Sleepwear,30.431400000000004,Tops,['cotton'],GB,10,196,https://www.etsy.com/listing/4538755818/victorian-floral-nap-dress-smocked,
Satin Slip Dress Side Slit Dusty Blue Begie Custom Colors Bridesmaid Gift Sleepwear,47.0,Tops,['silk'],VN,0,32,https://www.etsy.com/listing/4522933488/satin-slip-dress-side-slit-dusty-blue,
"Custom Face Golf Polo for Women, Personalized Sleeveless Golf Shirt, Sports Shirt, Golf Lover Gift for Her",29.99,Tops,['Unknown'],US,3,209,https://www.etsy.com/listing/4527754498/custom-face-golf-polo-for-women,
"Satin Slip Dress, Bias Cut Cami, Summer Evening Wear, Honeymoon Outfit, Gift for Her",25.0,Tops,['satin'],VN,0,8,https://www.etsy.com/listing/4542506516/satin-slip-dress-bias-cut-cami-summer,
"Flared Long Sleeve Victorian Night Gown, White Lace Trim V Neck Nightwear, Long Sleeve Ruffle Cuff Loungewear Dress, Cottagecore Nightgown",82.46,Tops,['lace'],US,4,93,https://www.etsy.com/listing/4533789040/flared-long-sleeve-victorian-night-gown,
"White Lace Nightgown for Women, Bridal Nightgown, Honeymoon Lingerie, Lace Chemise, Wedding Night Sleepwear, Bridal Shower Gift",58.99,Tops,['lace'],US,1,32,https://www.etsy.com/listing/4552734419/white-lace-nightgown-for-women-bridal,
Pure Linen Sleeveless Nightgown | Long Summer Dress | Women&#39;s 100% Flax Linen Sleepwear | Cottagecore Loungewear,99.56,Tops,['cotton'],IN,90,1209,https://www.etsy.com/listing/4381650590/pure-linen-sleeveless-nightgown-long,
"Handmade summer Pima Cotton Batiste Nightgown, Pink Eyelet Trim, Satin Ribbon Detail",55.0,Tops,['cotton'],US,27,1309,https://www.etsy.com/listing/4507441965/handmade-summer-pima-cotton-batiste,
Womens Sleeveless Polka Dot White Nightdress,29.4666,Tops,['cotton'],GB,2,411,https://www.etsy.com/listing/1877244079/womens-sleeveless-polka-dot-white,
Flamingo Cotton Birthing Gown: Maternity Hospital Nightdress,25.4466,Tops,['cotton'],GB,17,1497,https://www.etsy.com/listing/1154934425/flamingo-cotton-birthing-gown-maternity,
"Women’s Sheer Lace Babydoll Lingerie, See Through Mesh Nightgown, Lace Teddy Sleepwear, Romantic Nightwear, Bridal Gift for Her",105.0,Tops,['lace'],US,0,0,https://www.etsy.com/listing/4558395717/womens-sheer-lace-babydoll-lingerie-see,
"Victorian Sleeping Hat, Vintage Mob Cap, 1900s Sleepwear, Prairie Hat, Vintage Bonnet, Dormeuse Cap, Vintage Night Cap, Victorian Night",66.5856,Tops,['organic cotton'],LV,323,10183,https://www.etsy.com/listing/1375016068/victorian-sleeping-hat-vintage-mob-cap,
"SilkySpell Women&#39;s Satin Lace Camisole Romper, Solid Color Contrast Lace Jumpsuit with Shorts, Pink Silk Sleepwear Set, V Neck Pajama",11.47,Tops,['silk'],US,12,258,https://www.etsy.com/listing/4535729204/silkyspell-womens-satin-lace-camisole,
"Mini Silk Nightgown with Lace Bust, Short Sleep Dress, Feminine Nightwear, Romantic Lingerie Inspired Homewear, Adjustable Straps Custom Fit",42.67,Tops,['silk'],UA,0,36,https://www.etsy.com/listing/4553272256/mini-silk-nightgown-with-lace-bust-short,
"Vintage Inspired Off Shoulder Bridal Nightgown with Bow, Elegant Long Sleeve Women’s Nightdress Lingerie",161.83999999999997,Tops,['Unknown'],US,384,8883,https://www.etsy.com/listing/4364633444/vintage-inspired-off-shoulder-bridal,
"Ice Silk Backless Lace Chemise, V-Neck Sheer Nightgown, Adjustable Strap Sleep Dress, Womens Lingerie",75.0266,Tops,['silk'],GB,0,15,https://www.etsy.com/listing/4552528282/ice-silk-backless-lace-chemise-v-neck,
"Plus Size Lace Robe and Slip Dress Set, Romantic Loungewear, White or Black",46.21,Tops,['lace'],US,3,149,https://www.etsy.com/listing/4538774547/plus-size-lace-robe-and-slip-dress-set,
"Women Satin Slip Dress with Lace Trim - Sleeveless V-Neck Asymmetric Hem Cocktail Party Midi Dress, Bridal Lingerie",35.99,Tops,['satin'],PK,8,71,https://www.etsy.com/listing/4546264179/women-satin-slip-dress-with-lace-trim,
Hand Block Printed Cotton Pajama Set: Green Jungle Cheetah Print Sleepwear,31.439999999999998,Tops,['cotton'],IN,7,115,https://www.etsy.com/listing/4515718768/hand-block-printed-cotton-pajama-set,
"White Satin Pajama Set for Women, Long Sleeve Lightweight Sleepwear, Elegant Spring Summer Autumn Loungewear and Bridal Lounge Set",77.2644,Tops,['satin'],GB,0,78,https://www.etsy.com/listing/4538808989/white-satin-pajama-set-for-women-long,
Hand Smocked Cotton Nightgown Robe Set: Handmade Bridal Sleepwear,120.60000000000001,Tops,['cotton'],GB,8,687,https://www.etsy.com/listing/4359347761/hand-smocked-cotton-nightgown-robe-set,
"Cottagecore Victorian Nightgown, French Princess Fairy Nightdress, Coquette Long Sleepwear, Vintage Loose Fit Robe, Cozy Loungewear",59.857800000000005,Tops,['Unknown'],GB,2,13,https://www.etsy.com/listing/4554353782/cottagecore-victorian-nightgown-french,
Organic Cotton Ribbed Crop Top - Soft Loungewear for Women,22.13,Tops,['organic cotton'],UA,85,1027,https://www.etsy.com/listing/4331788464/organic-cotton-ribbed-crop-top-soft,
Vintage Style Lace Trim Nightgown | Romantic Cottagecore Sleep Dress,26.9742,Tops,['lace'],GB,2,135,https://www.etsy.com/listing/4539809060/vintage-style-lace-trim-nightgown,
"White Satin Slip Dress | Bridal Shower Gift, Lingerie Nightgown & Wedding Morning Outfit, Romantic Sleepwear",49.0,Tops,['silk'],VN,146,2675,https://www.etsy.com/listing/4372285640/white-satin-slip-dress-bridal-shower,
"Custom Face Sleeveless Polo for Women, Personalized Sports Shirt,  Tennis Player Gift, Golf Polo Shirt, Golf Lover Gift",29.99,Tops,['Unknown'],US,2,78,https://www.etsy.com/listing/4527168629/custom-face-sleeveless-polo-for-women,
"Victorian Bow Sleepwear, French Sweet Nightgown, Vintage Lace Trim Short Nightdress, Cottagecore Loose Fit Night Robe, Party Cozy Loungewear",65.67,Tops,['lace'],US,272,5991,https://www.etsy.com/listing/4392855516/victorian-bow-sleepwear-french-sweet,
Women&#39;s Pure Cotton nightgown Victorian style sleepwear nightdress sleeveless Bridal Lingerie Bed gown,73.34952,Tops,['organic cotton'],IN,27,567,https://www.etsy.com/listing/4385865357/womens-pure-cotton-nightgown-victorian,
Satin Slip Dress Women Custom Color Mini Adjustable Strap Nightgown Bridal Sleepwear Bridesmaid Gift,27.0,Tops,['satin'],VN,0,9,https://www.etsy.com/listing/4540806426/satin-slip-dress-women-custom-color-mini,
"Lace Vintage Elegant White Silk Nightgown, White silk slip dress, Women&#39;s Ice Silk Nightgown, Elegant Loungewear Dress,Perfect Night&#39;s Sleep",44.0,Tops,['silk'],PK,17,2513,https://www.etsy.com/listing/4334244124/lace-vintage-elegant-white-silk,
"Personalized Face Nightgown, Custom Face Pajama Dress, Women&#39;s Sleep Shirt, Bachelorette party",15.99,Tops,['Unknown'],US,3,130,https://www.etsy.com/listing/4534980408/personalized-face-nightgown-custom-face,
"Monogrammed Bridesmaid Sleepshirt, Button Down Shirt, Bridal Party Gift",54.32,Tops,['spandex'],US,819,55078,https://www.etsy.com/listing/520360192/bridesmaid-monogrammed-button-down-shirt,
"Blue Glitter Sheer Robe, Mesh Kimono Lingerie",94.0,Tops,['Unknown'],UA,26,1762,https://www.etsy.com/listing/1843821842/blue-glitter-see-through-robe-lingerie,
4 Pack Assorted Color Pretty Woman 100% Cotton Woman Long Sleeve Nightgowns Sleepwear Soft Pajama Dress Nightshirts for Women,59.99,Tops,['cotton'],US,15,3068,https://www.etsy.com/listing/4309203744/4-pack-assorted-color-pretty-woman-100,
Womens Polycotton Sleeveless Floral Nightdress,32.1466,Tops,['cotton'],GB,3,214,https://www.etsy.com/listing/1704880244/womens-polycotton-sleeveless-floral,
Blue satin bridal nightgown Short bridal chemise Wedding night slip dress Mini night gown for bride Plus size satin peignoir,46.0,Tops,['satin'],UA,22,1324,https://www.etsy.com/listing/1533281162/blue-satin-bridal-nightgown-short-bridal,
"Sheer Lace Babydoll Nightgown, Deep V Lingerie, Romantic Sleepwear",65.0,Tops,['lace'],US,9,1132,https://www.etsy.com/listing/4514661903/sheer-lace-babydoll-nightgown-deep-v,
"White Cotton Lawn Nightdress, suitable for maternity, nursing mothers & hospital stays.Style &#39;Eleanor&#39;",119.26,Tops,['cotton'],GB,454,28727,https://www.etsy.com/listing/535820676/ladies-white-cotton-lawn-nightdress,
"Custom Face Pajama Dress, Personalized Photo Sleep Dress",11.23,Tops,['polyester'],US,5,1299,https://www.etsy.com/listing/4359659024/custom-face-pajama-dress-personalized,
"Lace Bridal Robe Set 2PCS, Silk Kimono Robe with Sheer Nightie, Honeymoon Lingerie, See Through Nighty, Luxury Bridesmaid Gift",84.99,Tops,['silk'],US,29,544,https://www.etsy.com/listing/4499866659/lace-bridal-robe-set-2pcs-silk-kimono,
Vintage Long Nightgown Women Sleepwear Elegant Patchwork  Lace Night Dress Lingerie Satin Home wear,23.35,Tops,['satin'],PK,0,97,https://www.etsy.com/listing/4545538483/vintage-long-nightgown-women-sleepwear,
"Bridal nightgown, Silk satin nightgown, Honeymoon lingerie, Slip dress wedding, Bridal nightdress, Silk sleepwear, Bridal lingerie",79.0,Tops,['silk'],UA,43,1382,https://www.etsy.com/listing/4351929784/bridal-nightgown-silk-satin-nightgown,
"Burgundy Satin Pajama Set, Short Sleeve Button-Up Top & Long Pants",47.99,Tops,['satin'],PK,1,42,https://www.etsy.com/listing/4543988030/burgundy-satin-pajama-set-short-sleeve,
"Washed linen nightgown 70 COLORS, natural linen nightwear maternity gown white beige blue black green purple pink linen nightie nightdress",63.58,Tops,['linen'],LT,1288,28023,https://www.etsy.com/listing/675934633/washed-linen-nightgown-70-colors-natural,
"Linen Nightgown Midi with Ruffles, Pure Flax Sleepwear, Linen Dress",75.14,Tops,['linen'],LV,2,47,https://www.etsy.com/listing/4549942234/linen-nightgown-midi-with-ruffles-pure,
"Women&#39;s Lace Nightgown and Panty Set, V-Neck Sleeveless Mini Sleepwear",86.0,Tops,['lace'],US,0,23,https://www.etsy.com/listing/4548523899/womens-lace-nightgown-and-panty-set-v,
"Cotton Nightgown, Cottagecore Ruffle Lounge Dress, Cozy Sleepwear Gift for Her",67.72,Tops,['cotton'],UA,66,809,https://www.etsy.com/listing/4344500018/women-loungewear-cotton-nightgown-lounge,
"Romantic Lace Satin Nightdress and Robe | Long Slip Gown, | Vintage Style Women’s Loungewear | Bridal Getting Ready Sleepwear",95.5688,Tops,['satin'],GB,1,9,https://www.etsy.com/listing/4556258052/romantic-lace-satin-nightdress-and-robe,
Cowl Neck Satin Dress | Silky Slip Dress | Date Night Outfit | Cami Nightgown,38.0,Tops,['silk'],VN,6,107,https://www.etsy.com/listing/4513047130/cowl-neck-satin-dress-silky-slip-dress,
Victorian Lace Trim Long Nightgown | Romantic White Sleepwear,26.9742,Tops,['lace'],GB,6,72,https://www.etsy.com/listing/4540381036/victorian-lace-trim-long-nightgown,
"Plumber By Day Legend By Night Shirt, Funny Plumber T-Shirt, Pipe Repair Worker T-Shirt, Plumbing Worker Tee, Father&#39;s Day Gift for Him",10.56,Tops,['Unknown'],US,0,6,https://www.etsy.com/listing/4554347199/plumber-by-day-legend-by-night-shirt,
100% Pure cotton women wear Victorian style nightgown Sleepwear feminine white nightdress long sleeve nightie lounge wear dress,70.90768,Tops,['organic cotton'],IN,57,1156,https://www.etsy.com/listing/4382816224/100-pure-cotton-women-wear-victorian,
"Victorian Lace Trim Chemise, Satin Nightgown and Robe Set, Bridal Robe and Nightgown, Cottagecore Nightgown, Butterfly Decor Coquette Dress",44.69,Tops,['satin'],US,25,526,https://www.etsy.com/listing/4468945569/victorian-lace-trim-chemise-satin,
White honeymoon lingerie Bridal satin lace nightgown Wedding long nightgown Sexy open back maxi peignoir Bridal lingerie wedding night,72.0,Tops,['satin'],UA,116,9512,https://www.etsy.com/listing/724751747/white-honeymoon-lingerie-bridal-satin,
"Warm Gold Satin Slip Dress, Women’s Nightgown, Adjustable Strap Sleepwear, Chocolate Brown, Custom Colors",36.0,Tops,['silk'],VN,0,6,https://www.etsy.com/listing/4550913853/warm-gold-satin-slip-dress-womens,
"Loungees Women’s Cotton House Dress with Pockets, Short Sleeve Muumuu Caftan, Border Print Bib Yoke Lounger",27.99,Tops,['cotton'],US,1,233,https://www.etsy.com/listing/4478638642/loungees-womens-cotton-house-dress-with,
"Boho Cotton Kaftan Dress, Kalamkari Floral Print , Summer Resort Wear, Loungewear Maxi Dress",22.0,Tops,['cotton'],IN,22,530,https://www.etsy.com/listing/4508796933/boho-cotton-kaftan-dress-kalamkari,
Linen Nightdress Natural Women&#39;s Nightwear Best Nightgown for Ladies,40.459999999999994,Tops,['linen'],LT,70,1793,https://www.etsy.com/listing/1878323198/linen-nightdress-natural-womens,
Bridesmaid Robes | Personalised Bride Robe |  Powder Blue Robe | Wedding Robe | Bridesmaids Dressing Gown | Bride dressing Gown | Bride Robe,26.8,Tops,['polyester'],GB,114,11245,https://www.etsy.com/listing/1384766030/bridesmaid-robes-personalised-bride-robe,
Womens Soft Cotton Owl Print Nightdress,22.7666,Tops,['cotton'],GB,20,1828,https://www.etsy.com/listing/1468174153/womens-soft-cotton-owl-print-nightdress,
"100% Cotton Lawn Nightgown, Lace Trim,  Mint Ribbon Detail, Handmade Summer Sleepwear",55.0,Tops,['cotton'],US,0,36,https://www.etsy.com/listing/4555870707/100-cotton-lawn-nightgown-lace-trim-mint,
"Sheer Mesh Babydoll Nightgown with Lace Trim – See Through Mini Dress, Handmade Boudoir Lingerie Gift for Her",92.0,Tops,['lace'],UA,19,5393,https://www.etsy.com/listing/4490750255/sheer-mesh-babydoll-nightgown-with-lace,
Luxury Floral Satin Nightdress – Elegant Lace Embroidery Slip Dress UK,46.900000000000006,Tops,['satin'],GB,7,2252,https://www.etsy.com/listing/4506114623/luxury-floral-satin-nightdress-elegant,
Outlander Wedding Night WHITE Linen Gauze Claire Shift Womens XS - 2X Renaissance Chemise Dress Custom made,118.0,Tops,['cotton'],US,1281,24108,https://www.etsy.com/listing/863860668/outlander-wedding-night-white-linen,
Gothic Lace Embroidery Nightgown Set with Matching See Through Mesh Gloves,45.07244,Tops,['lace'],GB,7,327,https://www.etsy.com/listing/4537763182/gothic-lace-embroidery-nightgown-set,
"Sheer Mesh Nightgown Set - Bow Front Lingerie Robe, Women’s Sleepwear, Evening Nightwear",87.0866,Tops,['nylon'],GB,27,205,https://www.etsy.com/listing/4551932246/sheer-mesh-nightgown-set-bow-front,
"Custom Face Lace Pajama Dress, Personalized Photo Nightgown, Mother&#39;s Day Gift",13.99,Tops,['polyester'],US,11,1417,https://www.etsy.com/listing/4439762316/custom-face-lace-pajama-dress,
Miami Organic Cotton Nightgown with Lace,66.465,Tops,['organic cotton'],AU,183,20622,https://www.etsy.com/listing/726375935/miami-organic-cotton-nightgown-with-lace,
White Bridal Nightgown Backless Wedding Lingerie Bridal Sleepwear Lace Lingerie Nightgown With Train Wedding Nightgown,195.0,Tops,['nylon'],US,327,6166,https://www.etsy.com/listing/4311366153/white-bridal-nightgown-backless-wedding,
"White Lace Square Neck Maxi Nightgown, Long Sleeve Cottagecore Lounge Dress",41.1,Tops,['organic cotton'],US,7,154,https://www.etsy.com/listing/4537520774/white-lace-square-neck-maxi-nightgown,
Sissy Ivory SATIN Nightie Silky Soft and smooth polyester wetlook mini Night Gown Baby Doll Dress 120&quot; Sweep! OS,45.99,Tops,['silk'],US,352,6489,https://www.etsy.com/listing/1526221492/sissy-ivory-satin-nightie-silky-soft-and,
Ribbed Cotton Long Sleeve Top: Soft Organic Pajama Shirt for Women Sleep,40.56,Tops,['organic cotton'],UA,51,649,https://www.etsy.com/listing/4449773532/ribbed-cotton-long-sleeve-top-soft,
"Embroidered Lace Pajama Set for Women, Sleeveless Nightgown and Pants Set, French Style Summer Sleepwear, Lightweight Home Loungewear",63.422200000000004,Tops,['lace'],GB,0,37,https://www.etsy.com/listing/4548998085/embroidered-lace-pajama-set-for-women,
"White Cotton Nightgown | V-Neck Ruffle Hem Sleepwear, Adjustable Strap Lounge Dress",26.3042,Tops,['cotton'],GB,1,53,https://www.etsy.com/listing/4542716862/white-cotton-nightgown-v-neck-ruffle-hem,
"Satin Slip Dress, Adjustable Strap, Bias Cut Cami Nightgown for Women, Bridesmaid & Bridal Wear",25.0,Tops,['silk'],VN,2378,39021,https://www.etsy.com/listing/4316971291/silk-satin-slip-dress-adjustable-strap,
"Plumber Shirt For Men, Funny Trade Worker T Shirt, Professional Plumber Gift, Father&#39;s Day Gift, Handyman Shirt, Pipe Fitter Gift",10.56,Tops,['Unknown'],US,0,4,https://www.etsy.com/listing/4553758116/plumber-shirt-for-men-funny-trade-worker,
Women&#39;s Pure Cotton nightgown Victorian style sleepwear nightdress sleeveless Bridal Lingerie Bed gown,73.34952,Tops,['organic cotton'],IN,7,1117,https://www.etsy.com/listing/4385867235/womens-pure-cotton-nightgown-victorian,
"White Elastic Scoop Neck Flared Long Sleeve Maxi Nightgown, Loose Bust Gathered Pleated Airy Layered Sleep Dress, Bow Decor Loungewear Dress",82.12,Tops,['lace'],US,1,51,https://www.etsy.com/listing/4537544747/white-elastic-scoop-neck-flared-long,
Pink satin slip dress Short bridal nightgown Bridal shower lingerie gift Bridal sleepwear for wedding night Sexy peignoir for bride,46.0,Tops,['satin'],UA,27,1984,https://www.etsy.com/listing/1499435634/pink-satin-slip-dress-short-bridal,
Turquoise Cotton Chemise | Simple Slip Dress | V-Neck Nightgown | Sleeveless Lounge Dress | Minimalist Sleepwear,10.76,Tops,['cotton'],IN,27,476,https://www.etsy.com/listing/4467521696/turquoise-cotton-chemise-simple-slip,
"Blue Floral Cotton Victorian Nightgown: Ruffle Collar, Full Length",31.439999999999998,Tops,['cotton'],IN,22,2960,https://www.etsy.com/listing/4323945973/blue-floral-cotton-victorian-nightgown,
Lace Satin Nightgown | Womens Backless Sleepwear | V Neck Lingerie Dress | Elegant Satin Nightdress | Honeymoon Gift,29.0,Tops,['satin'],IL,15,535,https://www.etsy.com/listing/4382674106/solid-color-lace-embellished-nightdress,
Womens Button Down Nightgown Short Sleeve V Neck Sleepshirt Soft Boyfriend Pajama Dress,50.54,Tops,['Unknown'],CA,3,71,https://www.etsy.com/listing/4539068433/womens-button-down-nightgown-short,
Ladies Satin Boxer Shorts,8.399999999999999,Tops,['satin'],AU,16,550,https://www.etsy.com/listing/1704377922/ladies-satin-boxer-shorts,
Long laced linen nightgown,79.764,Tops,['linen'],LV,752,15906,https://www.etsy.com/listing/1227141705/long-laced-linen-nightgown,
"Custom Face Sleep Dress,Personalized Photo Pajama Dress,Memorial Gift For Dog Lover",35.959581,Tops,['Unknown'],US,5,334,https://www.etsy.com/listing/4486300698/custom-face-sleep-dresspersonalized,
"Women&#39;s Lace Babydoll Nightdress, Romantic Chiffon Sleepwear, Soft Girl Loungewear",157.0,Tops,['silk'],US,28,629,https://www.etsy.com/listing/4521803885/womens-lace-babydoll-nightdress-romantic,
"Cotton Maternity Nightdress, Breastfeeding Snap Shirt Designed for labour & postpartum recovery",33.4866,Tops,['cotton'],GB,41,1462,https://www.etsy.com/listing/1812755338/cotton-maternity-nightdress,
"Satin Lace Nightdress, Deep V Neck, Romantic Bridal Sleepwear, Plus Size Lingerie",55.0,Tops,['silk'],US,9,414,https://www.etsy.com/listing/4490775714/satin-lace-nightdress-deep-v-neck,
"Damen Nachthemd aus Baumwolle, Langarm Schlafkleid mit Muster, Bequeme Nachtwäsche, Loose Fit Nightdress, Größen M-2XL",12.658199999999999,Tops,['cotton'],DE,10,1609,https://www.etsy.com/listing/4475456454/damen-nachthemd-aus-baumwolle-langarm,
Women&#39;s Tie Dye Nightgown 100% Cotton Short Sleeve Henley Sleep Shirt,65.0,Tops,['cotton'],US,7,180,https://www.etsy.com/listing/4532463568/womens-tie-dye-nightgown-100-cotton,
Women&#39;s Short Sleeve Coral Lounger House Dress - 3 Button Bib Yoke and Pockets,26.99,Tops,['cotton'],US,22,1391,https://www.etsy.com/listing/4354636293/womens-short-sleeve-coral-lounger-house,
"White Wedding Morning Robe, Long Satin Kimono with Lace",170.0,Tops,['satin'],UA,5,203,https://www.etsy.com/listing/4547540337/white-wedding-morning-robe-long-satin,
Personalised Pyjamas Sleepy T Shirt - Gals oversized lounge Top - Add you photo to this Sleepy T Shirt Dress - Custom Gift Pyjamas,5.293,Tops,['Unknown'],GB,19,2782,https://www.etsy.com/listing/1825885149/personalised-pyjamas-sleepy-t-shirt-gals,
Satin Lace Trim Chemise Nightgown V Neck Sleepwear Bridal Lingerie Silk Slip Dress,60.0,Tops,['silk'],CN,0,26,https://www.etsy.com/listing/4551098499/satin-lace-trim-chemise-nightgown-v-neck,
"Ribbed Cotton Crop Top, Sustainable Loungewear",22.13,Tops,['cotton'],UA,78,1126,https://www.etsy.com/listing/4306302380/ribbed-cotton-crop-top-sustainable,
Women Satin Cami Nightgown |  Silk Sleep Dress | Soft Luxury Sleepwear,63.073800000000006,Tops,['silk'],GB,0,45,https://www.etsy.com/listing/4546762849/women-satin-cami-nightgown-silk-sleep,
"Backless Silk-blend Satin Slip Dress in Black, Red, White | Bridesmaid Nightgown, Gift for Her",31.0,Tops,['silk'],VN,68,1008,https://www.etsy.com/listing/1804116408/backless-silk-blend-satin-slip-dress-in,
"Personalized BBQ Dad Shirt with Photo, Custom Grill Master T-Shirt, Father&#39;s Day Gift for Dad, Backyard BBQ Party Shirt, Barbecue Lover Tee",10.56,Tops,['Unknown'],US,0,2,https://www.etsy.com/listing/4555071814/personalized-bbq-dad-shirt-with-photo,
"Nurse Costume Dress – Fitted Mini Dress, Apron, Hat – Cosplay, Halloween Outfit",72.226,Tops,['Unknown'],GB,69,1183,https://www.etsy.com/listing/4495530591/nurse-costume-dress-sexy-nurse-cosplay,
Pure cotton Women Victorian style nightgown long sleeve nightdress feminine white sleepwear nightie loungewear chemise dress,73.13992,Tops,['organic cotton'],IN,270,7327,https://www.etsy.com/listing/4382281927/pure-cotton-women-victorian-style,
Pure linen bridal nightgown,98.25999999999999,Tops,['linen'],LV,1700,39364,https://www.etsy.com/listing/1060567534/pure-linen-bridal-nightgown,
Black Cotton Chemise | Simple Slip Dress | V-Neck Nightgown | Sleeveless Lounge Dress | Minimalist Sleepwear,10.58,Tops,['cotton'],IN,20,514,https://www.etsy.com/listing/4467512847/black-cotton-chemise-simple-slip-dress-v,
"Orange Striped Cotton Pajama Set, Women&#39;s Loungewear",83.78,Tops,['organic cotton'],IN,34,552,https://www.etsy.com/listing/4427071481/orange-striped-sleepwear-shirt-shorts,
"Custom Pajama Dress with Face, Personalized Photo Nightgown, Women&#39;s Sleepwear, Mother&#39;s Day gift",17.32,Tops,['polyester'],US,5,285,https://www.etsy.com/listing/4465288464/custom-pajama-dress-with-face,
"Black Sateen Lace Pajama Set, Bridal Sleepwear, Women&#39;s Camisole Shorts",99.99,Tops,['satin'],US,15,291,https://www.etsy.com/listing/4505725599/black-sateen-lace-pajama-set-bridal,
White Bridal Lace Nightgown | Sheer Babydoll with Underwire Cups | Elegant Lingerie for Bride or Bridesmaid Gift Honeymoon Slip,137.0,Tops,['lace'],UA,32,5025,https://www.etsy.com/listing/4485767093/white-bridal-lace-nightgown-sheer,
"White Cotton Nightgown for Women, Vintage Lace Sleep Dress, Long Sleeve Romantic Pajama Dress, Soft Loose Fit Lounge Wear",46.87,Tops,['cotton'],US,0,18,https://www.etsy.com/listing/4546147343/white-cotton-nightgown-for-women-vintage,
"Women&#39;s Short Sleeve Purple/Blue Floral Lounger House Dress - Square Neck, Contrast Yoke and Hem with Pockets",26.99,Tops,['cotton'],US,42,4165,https://www.etsy.com/listing/4354623082/womens-short-sleeve-purpleblue-floral,
Womens Lightweight Floral Print Nightdress,29.4666,Tops,['polyester'],GB,3,476,https://www.etsy.com/listing/1453918220/womens-lightweight-floral-print,
"100% Pima Cotton Batiste Nightgown, Champagne color trim and fabric, Handmade by me.",55.0,Tops,['cotton'],US,2,52,https://www.etsy.com/listing/4548095218/100-pima-cotton-batiste-nightgown,
"Grass Green Satin Slip Dress, Adjustable Strap Mini Dress, Custom Color Date Night Outfit",36.0,Tops,['silk'],VN,1,9,https://www.etsy.com/listing/4550915924/grass-green-satin-slip-dress-adjustable,
"White Satin Slip Dress, V-Neck Spaghetti Strap Mini Lingerie Sleepwear",125.0,Tops,['silk'],PK,0,39,https://www.etsy.com/listing/4553372119/white-satin-slip-dress-v-neck-spaghetti,
"Sheer Mesh Nightgown, French Chantilly Lace Lingerie",84.0,Tops,['lace'],UA,34,6060,https://www.etsy.com/listing/1830111068/sheer-nightgown-see-through-lingeries,
"Women Lace Nightdress, Sheer V Neck Sleep Dress - Soft Summer Slip Lingerie",32.0,Tops,['lace'],IL,3,308,https://www.etsy.com/listing/4521046434/women-lace-nightdress-sheer-v-neck-sleep,
"This Grandma Mom Belongs to Pajama Dress, Personalized Photo Sleepwear, Nightgown with Photo, Mother&#39;s Day Gift",15.28,Tops,['Unknown'],US,33,3320,https://www.etsy.com/listing/4481777342/this-grandma-mom-belongs-to-pajama-dress,
"Organic Cotton Pajama Top, Blush Pink Long Sleeve Lounge Top",40.56,Tops,['organic cotton'],UA,153,2366,https://www.etsy.com/listing/4306262371/organic-cotton-pajama-top-blush-pink,
Victorian Floral Fairy Nightgown | Smocked Cottagecore Sleep Dress | Long Puff Sleeve Cotton Loungewear,42.1162,Tops,['cotton'],GB,33,681,https://www.etsy.com/listing/4543232208/victorian-floral-fairy-nightgown-smocked,
Satin Mini Slip Dress | Custom Colors Silky Sleepwear or Layering Chemise – FORHN,25.0,Tops,['silk'],VN,65,1161,https://www.etsy.com/listing/4399884177/satin-mini-slip-dress-o-custom-colors,
"Custom Photo BBQ Shirt, Personalized Father&#39;s Grill T-Shirt, Dad&#39;s Secret Ingredient Is Love Tee, Backyard BBQ Party Shirt, Gift for Him",10.56,Tops,['Unknown'],US,0,1,https://www.etsy.com/listing/4555635733/custom-photo-bbq-shirt-personalized,
"White Lace Maxi Nightgown, Long Sleeve Ruffle Sleep Dress, Romantic Bridal Lounge Gown",43.34,Tops,['linen'],US,4,77,https://www.etsy.com/listing/4537503507/white-lace-maxi-nightgown-long-sleeve,
"Personalized Grandma Sleep Shirt, Custom Photo Pajama Dress, Women&#39;s Nightgown, Nana Mimi Gift",15.99,Tops,['Unknown'],US,0,5,https://www.etsy.com/listing/4553722894/personalized-grandma-sleep-shirt-custom,
Women Pure cotton Victorian style nightgown Sleepwear feminine white nightdress sleeveless nightie lounge wear slip dress,66.95672,Tops,['organic cotton'],IN,67,1019,https://www.etsy.com/listing/4382288622/women-pure-cotton-victorian-style,
Womens Supersoft Button Front Embossed Bed Jacket,33.4866,Tops,['polyester'],GB,9,2666,https://www.etsy.com/listing/1749615664/womens-supersoft-button-front-embossed,
"100% Cotton Lawn Nightgown, Lace Trim, Blue Ribbon Detail, Handmade Summer Sleepwear",55.0,Tops,['cotton'],US,63,1071,https://www.etsy.com/listing/4497921827/100-cotton-lawn-nightgown-lace-trim-blue,
eco leaf print long dress  cotton sleeping wear pajamas nightgown,50.0,Tops,['cotton'],CN,19,230,https://www.etsy.com/listing/4444765491/eco-leaf-print-long-dress-cotton,
Pink Striped Lemon Print Cotton PJ Set | Soft Women&#39;s Summer Nightwear,83.78,Tops,['cotton'],IN,55,636,https://www.etsy.com/listing/4501964766/pink-striped-lemon-print-cotton-pj-set,
White Cotton Nightgown | Jacquard Princess Sleepwear | Gift for Her,159.99,Tops,['cotton'],US,9,156,https://www.etsy.com/listing/4514121317/white-cotton-nightgown-jacquard-princess,
"Ivory Satin Lace Nightgown Set – Vintage Bridal Lingerie, Romantic Sleepwear for Women",4.69,Tops,['satin'],GB,18,370,https://www.etsy.com/listing/4497337480/ivory-satin-lace-nightgown-set-vintage,
Bridesmaid Nightie Personalized Gift Getting Ready Dress for Bridesmaid Bachelorette Party Pajamas,70.0,Tops,['rayon'],US,303,12628,https://www.etsy.com/listing/1724976905/bridesmaid-nightie-personalized-gift,
"Victorian Beige Lace Ruffle Nightgown, Vintage Loose Fit Nightdress, Puff Sleeve Nightgown, Cottagecore Pleated Nightgown, Party Nightdress",65.13,Tops,['velvet'],US,24,282,https://www.etsy.com/listing/4466378000/victorian-beige-lace-ruffle-nightgown,
"Cotton Nightgown for Women, Loose V Neck Sleep Dress, Oversized House Dress with Pockets, Soft Pajama Dress",58.826,Tops,['cotton'],GB,4,41,https://www.etsy.com/listing/4554203632/cotton-nightgown-for-women-loose-v-neck,
"MUGWORT ᛒ purple organic linen long night slip dress with side slits, sustainable nightwear",98.25999999999999,Tops,['linen'],LV,477,6754,https://www.etsy.com/listing/1477946699/mugwort-purple-organic-linen-long-night,
Cotton Nightgown | Sheer Night dress - Wedding Bridal Lingerie - Lightweight,100.0,Tops,['cotton'],US,9,158,https://www.etsy.com/listing/4521391581/lightweight-cotton-nightgown-vintage,
Comfortable Curvy Loungewear | Handmade Lace Satin Nightgown | Floor Length Negligee with Minor Flaws,78.0,Tops,['satin'],UA,19,1372,https://www.etsy.com/listing/1906153237/long-satin-lace-elegant-sleep-nightdress,
Women’s Floral Pointelle Organic Cotton Bralette: Wireless Soft Cup Cotton Bra,37.64,Tops,['organic cotton'],UA,166,2875,https://www.etsy.com/listing/4346944188/cotton-top-with-adjustable-straps,
"Satin Slip Dress: Adjustable Strap Cami Nightgown in Teal, Gray, Red, Black, Women&#39;s Sleepwear",25.0,Tops,['silk'],VN,49,901,https://www.etsy.com/listing/4305745396/handmade-satin-slip-dress-adjustable,
"Personalized Grill Dad Shirt, Custom Photo Tee, Smoke Boss Custom Dad T-Shirt, Father&#39;s Day Gift for Grill Master, Funny BBQ Shirt",10.56,Tops,['Unknown'],US,0,1,https://www.etsy.com/listing/4555636764/personalized-grill-dad-shirt-custom,
"White Lace Babydoll Lingerie Set, Bridal Lingerie Dress, Sheer Mesh Nightgown, Romantic Lace Chemise, Honeymoon Lingerie, Feminine Sleepwear",78.926,Tops,['satin'],GB,19,1648,https://www.etsy.com/listing/4530423253/white-lace-babydoll-lingerie-set-bridal,
"Custom Face Pajama Dress: Personalized Photo Nightgown, Bachelorette party dress, Gift for mom grandma",28.73,Tops,['polyester'],US,526,66818,https://www.etsy.com/listing/1567409026/custom-face-pajama-dress-personalized,
"Pink Cute Nightdress and Panty Pajamas Set, Sleeveless Halter Nightgown, V-Neck Bra Thong Sleepwear, Luxury Honeymoon Lingerie Kit",38.8466,Tops,['Unknown'],GB,1,48,https://www.etsy.com/listing/4542167310/pink-cute-nightdress-and-panty-pajamas,
"Vintage Pink Victorian Long Nightgown, Coquette Sleepwear, Princess Fairy Satin Nightdress, Cottagecore Loose Fit Night Robe,Cozy Loungewear",66.66,Tops,['satin'],US,170,2553,https://www.etsy.com/listing/4392383699/vintage-pink-victorian-long-nightgown,
Cotton Linen House Dress | Pocket Pajama Gown for Her | Summer Loungewear,99.99,Tops,['cotton'],US,5,83,https://www.etsy.com/listing/4532558129/cotton-linen-house-dress-pocket-pajama,
Matching Pajamas for Mom and Daughter – Soft Muslin Tank and Shorts Set – Summer Cotton Teddy Bear Loungewear,55.0,Tops,['cotton'],UA,54,2442,https://www.etsy.com/listing/4303438969/matching-pajamas-for-mom-and-daughter,
"Custom Face Pajama Dress, Personalized Photo Sleepwear, Gifts for Women, Mother&#39;s Day Gift",10.0,Tops,['cotton'],US,5,845,https://www.etsy.com/listing/4427403145/custom-face-pajama-dress-personalized,
"Floral Cotton Nightgown – Women’s Long Night Dress | Soft, Breathable & Comfortable Sleepwear",31.439999999999998,Tops,['cotton'],IN,17,1138,https://www.etsy.com/listing/4325358949/floral-cotton-nightgown-womens-long,
White Satin Slip Dress Ruffle Silky Nightdress Bridal Sleepwear Custom Colors/Length Bridesmaid Gift,38.0,Tops,['silk'],VN,5,166,https://www.etsy.com/listing/4482433903/white-satin-slip-dress-ruffle-silky,
"Satin Slip Dress: V-Neck Silky Cami Nightgown in Hot-Pink, Apricot, Yellow Gift For Her",25.0,Tops,['silk'],VN,0,17,https://www.etsy.com/listing/4516891925/satin-slip-dress-v-neck-silky-cami,
Gray Satin Slip Dress | Silky Cami Nightgown | Women’s Satin Sleepwear in Custom Colors,25.0,Tops,['silk'],VN,33,711,https://www.etsy.com/listing/4301948637/gray-satin-slip-dress-o-silky-cami,
"White Satin Slip Dress, Bia-Cut Cami Nightgown, Bridal Sleepwear, Neutral-Pink Silky Dress, Bridesmaid Gift",25.0,Tops,['silk'],VN,10,151,https://www.etsy.com/listing/4532953138/white-satin-slip-dress-bia-cut-cami,
"Satin Slip Dress - V-Neck Silky Cami Nightgown in Emeral-Green, Grass-Green, Pastel-Green & custom colors, length",25.0,Tops,['silk'],VN,57,1322,https://www.etsy.com/listing/4422229583/satin-slip-dress-v-neck-silky-cami,
Organic Cotton Pointelle Pajama Top: Women&#39;s Soft Button-Up Loungewear,55.88,Tops,['organic cotton'],UA,127,1655,https://www.etsy.com/listing/4429602735/organic-cotton-pointelle-pajama-top,
Burgundy Satin Slip Dress Backless Cami Nightgown Custom Colors Bridesmaid Gift & Bridal Party Dress,31.0,Tops,['silk'],VN,126,2743,https://www.etsy.com/listing/4323980741/burgundy-silky-satin-slip-dress-backless,
"Custom Face & Dog Print High Waist Leggings, Personalized Funny Pet Yoga Pants, Gift for Dog Lovers, Cute Photo Leggings for Women",27.59,Tops,['Unknown'],US,2,41,https://www.etsy.com/listing/4482364229/custom-face-dog-print-high-waist,
"Custom Dog Dad T Shirt, Personalized Pet Face Shirt, Golden Retriever Dad Shirt, Funny Dog Lover Shirt, Dog Owner Gift",10.56,Tops,['Unknown'],US,0,7,https://www.etsy.com/listing/4550237859/custom-dog-dad-t-shirt-personalized-pet,
Bridal Satin Slip Dress | White and Brown Bridesmaid Cami Nightgown | Wedding Morning Outfit Gift,25.0,Tops,['silk'],VN,89,2371,https://www.etsy.com/listing/4372369635/bridal-satin-slip-dress-white-and-brown,
"Satin Slip Dress Cami Nightgown, Bridesmaid Gift, Bridal Getting Ready Dress/Underdress, Women Sleepwear",25.0,Tops,['silk'],VN,27,564,https://www.etsy.com/listing/1880681833/satin-slip-dress-in-dark-blue-rose-pink,
Handmade Satin Slip Dress Custom Color Bridesmaid Bridal Wear Bias-Cut Satin Nightgown Bride Gift,36.0,Tops,['silk'],VN,0,9,https://www.etsy.com/listing/4552001438/handmade-satin-slip-dress-custom-color,
"White Sheer Babydoll Lingerie Set with Feather Trim, Bridal Robe",74.906,Tops,['satin'],GB,0,133,https://www.etsy.com/listing/4529278875/white-sheer-babydoll-lingerie-set-with,
"Custom Face Pajama Dress, Personalized Pet Photo Sleepshirt, Bachelorette Party Nightgown",15.99,Tops,['Unknown'],US,0,23,https://www.etsy.com/listing/4534446746/custom-face-pajama-dress-personalized,
"Cream Mulberry Silk Pajama Set, Black Trim Long Sleeve Loungewear",120.0,Tops,['silk'],VN,46,1130,https://www.etsy.com/listing/1876576779/womens-silk-pajamas-long-mulberry-silk,
"Personalized BBQ Dad Shirt, Custom Grill Master T-Shirt with Photo, Father&#39;s Day Gift for Husband, Barbecue Lover Tee, Husband Grill Shirt",10.56,Tops,['Unknown'],US,0,0,https://www.etsy.com/listing/4556177470/personalized-bbq-dad-shirt-custom-grill,
"Personalized Dog Mom Oversized Sleep Tee, Custom Dog Photo Nightshirt, Best Dog Mom Ever Pajama Dress, Funny Pet Lover Gift for Women",31.99,Tops,['Unknown'],US,0,4,https://www.etsy.com/listing/4555670675/personalized-dog-mom-oversized-sleep-tee,
"Sheer Mesh Lingerie Set: White Crop Top & Shorts, Custom Size",81.0,Tops,['lace'],UA,73,3631,https://www.etsy.com/listing/4303791813/white-sheer-pajamas-mesh-crop-top-and,
"White Cotton Nightgown for Women, Long Sleeve Square Neck Lace Style Sleep Dress, Vintage Fairy Style Loungewear for Spring and Autumn Wear",65.5796,Tops,['cotton'],GB,4,104,https://www.etsy.com/listing/4538199070/white-cotton-nightgown-for-women-long,
White Satin Slip Dress V Neck Nightgown Bridal Sleepwear Honeymoon Chemise Bride Gift Handmade,34.0,Tops,['satin'],VN,0,14,https://www.etsy.com/listing/4549553859/white-satin-slip-dress-v-neck-nightgown,
Mustique Organic Black Cotton Nightgown with Lace Trim,62.964999999999996,Tops,['organic cotton'],AU,143,2899,https://www.etsy.com/listing/485714884/mustique-organic-black-cotton-nightgown,
"Everyday Kamo Abstract Nightgown for Women, Vibrant Colorful Sleep Shirt, Modern Urban Explorer",20.0,Tops,['Unknown'],US,2,148,https://www.etsy.com/listing/4430023800/everyday-kamo-abstract-nightgown-for,
"Silk Nightgown Robe Set, Lace Trim Sleepwear, Women&#39;s Loungewear,Nighty, nightdress, sleepwear dress",56.0,Tops,['silk'],PK,5,572,https://www.etsy.com/listing/4509631357/silk-nightgown-robe-set-lace-trim,
"This Grandma Mom Belongs To Pajama Dress – Personalized Women&#39;s Sleep Tee, Gift for Mom, Mothers day Gift, Sleepwear For Grandma Nana Mimi",19.98,Tops,['polyester'],US,72,3884,https://www.etsy.com/listing/4475345300/this-grandma-mom-belongs-to-pajama-dress,
Cottagecore Victorian Nightgown |  Women’s Cotton Lace Nightdress | Short & Long Sleeve Princess Sleepwear,29.788200000000003,Tops,['cotton'],GB,0,4,https://www.etsy.com/listing/4556259867/cottagecore-victorian-nightgown-o-womens,
"Apricot, Brown Satin Slip Dress, Bridesmaid Bridal Wear Bias-Cut Satin Nightgown, Handmade in Vietnam",36.0,Tops,['silk'],VN,0,3,https://www.etsy.com/listing/4554401955/apricot-brown-satin-slip-dress,
"Plus Size White Satin Nightgown, Long Lace Slip Dress, Bridal Lingerie, Wedding Nightgown, Honeymoon Sleepwear, Bride Gift",77.99,Tops,['satin'],US,0,12,https://www.etsy.com/listing/4556460442/plus-size-white-satin-nightgown-long,
Striped Oversized Maxi Shirt Dress Women Blue White Beach Cover Up Boho Loose Kaftan Dress Summer Vacation Resort Wear,90.0,Tops,['linen'],CA,7,256,https://www.etsy.com/listing/4518544259/striped-oversized-maxi-shirt-dress-women,
Women&#39;s Heart Print Slip Nightdress – Lightweight Satin Sleepwear with Spaghetti Straps,10.0,Tops,['silk'],US,0,23,https://www.etsy.com/listing/4527426548/womens-heart-print-slip-nightdress,
"Satin Slip Dress, Bridesmaid Dress, Bridal Nightgown, Wedding Morning Outfit, Custom Color Bride Gift",36.0,Tops,['satin'],VN,0,3,https://www.etsy.com/listing/4550903318/satin-slip-dress-bridesmaid-dress-bridal,
"Victorian Cotton Lace Nightgown, Romantic White Sleep Dress, Soft Sleeveless Loungewear, Feminine Bridal Nightwear, Cottagecore Pajama Dress",56.99,Tops,['cotton'],US,5,233,https://www.etsy.com/listing/4517275948/victorian-cotton-lace-nightgown-romantic,
"Black Spaghetti Strap Mini Nightgown, Deep V Neck Summer Lounge Dress",62.0,Tops,['cotton'],US,3,75,https://www.etsy.com/listing/4551902368/black-spaghetti-strap-mini-nightgown,
Womens Short Sleeve Button Up Floral Nightdresses,32.1466,Tops,['cotton'],GB,7,683,https://www.etsy.com/listing/1728458449/womens-short-sleeve-button-up-floral,
"Custom Names Pajama Dress, Personalized Women&#39;s Nightgown, This Grandma/Mom Belongs To Nightgown, Monther&#39;s Day Gift",11.75,Tops,['Unknown'],US,2,1155,https://www.etsy.com/listing/4481784598/custom-names-pajama-dress-personalized,
"White Linen Nightgown for Women – Button Front Sleep Dress, Lightweight Ruffle Strap Nightwear, Cottagecore Summer Loungewear",48.99,Tops,['cotton'],US,70,1327,https://www.etsy.com/listing/4449642066/white-linen-nightgown-for-women-button,
"Powder Pink Cotton Dress with Hearts, Women Beach Loungewear, Cute Light Short Dress, Nightgown with Ruffled Hem, Summer Homewear",65.0,Tops,['cotton'],UA,3,98,https://www.etsy.com/listing/4539860362/powder-pink-cotton-dress-with-hearts,
"ANGELICA ᛒ white organic linen slip dress, sustainable handmade nightwear",80.91999999999999,Tops,['linen'],LV,1817,69051,https://www.etsy.com/listing/1251867981/angelica-white-organic-linen-slip-dress,
"French Style Cotton Nightgown, White Spaghetti Strap Sleep Dress, Knee Length Summer Sleepwear",46.88660000000001,Tops,['cotton'],GB,2,90,https://www.etsy.com/listing/4546339969/french-style-cotton-nightgown-white,
"Sheer Nightgown, See Through Negligee, Sheer babydoll dress",91.88,Tops,['chiffon'],UA,348,15491,https://www.etsy.com/listing/1800852116/sheer-nightgown-see-through-negligee,
"Luxury Silk Slip Dress, Women&#39;s Elegant Nightgown, Spaghetti Strap Sleepwear, Soft Lingerie, Romantic Nightdress",108.0,Tops,['silk'],PK,6,161,https://www.etsy.com/listing/4542844285/luxury-silk-slip-dress-womens-elegant,
"Personalized Women&#39;s Sleep Tee with Custom Kids Photos – Grandma, Mom, Nana Nightshirt Gift",9.95,Tops,['Unknown'],US,1,21,https://www.etsy.com/listing/4537778054/personalized-womens-sleep-tee-with,
"Pink Bunny Lingerie Set, Kawaii Anime Cosplay Outfit, Fairycore Pastel Lingerie",73.566,Tops,['Unknown'],GB,22,2618,https://www.etsy.com/listing/4532539806/pink-bunny-lingerie-set-kawaii-anime,
"Satin Cami Nightgown and Robe Set: Cowl Neck Sleepwear, Bridal Pajama, Soft Luxury",60.65,Tops,['silk'],CA,0,44,https://www.etsy.com/listing/4550625992/satin-cami-nightgown-and-robe-set-cowl,
"Ivory Satin Lingerie Set, Vintage Lace Robe and Slip, Honeymoon Nightwear",64.0,Tops,['satin'],US,95,2984,https://www.etsy.com/listing/4498725875/ivory-satin-lingerie-set-vintage-lace,
Women Pure cotton smocked embroidered night gown Sleepwear nightdress Cap sleeve Victorian style feminine white nightie Loungewear dress,79.124,Tops,['organic cotton'],IN,51,1456,https://www.etsy.com/listing/4386957353/women-pure-cotton-smocked-embroidered,
"French Maid Lingerie Set, Anime Cosplay Lace Apron Dress, Kawaii Roleplay Outfit",69.546,Tops,['lace'],GB,12,617,https://www.etsy.com/listing/4524129022/french-maid-lingerie-set-anime-cosplay,
"Vintage Floral Maxi Nightgown, V-Neck, Three-Quarter Sleeve Sleep Dress",113.9,Tops,['cotton'],GB,8,274,https://www.etsy.com/listing/4531531455/vintage-floral-maxi-nightgown-v-neck,
"Satin Slip Dress, Bridal Nightgown, Wedding Morning Outfit, Handmade in Vietnam",47.0,Tops,['silk'],VN,14,293,https://www.etsy.com/listing/4528713658/satin-slip-dress-bridal-nightgown,
"Women&#39;s Satin Lace Cami Set, Silky Sleepwear, Open Back Lounge Bottoms",64.99,Tops,['silk'],PK,0,85,https://www.etsy.com/listing/4555227969/womens-satin-lace-cami-set-silky,
"Floral Nightgown, Ruffle Strap Sleep Dress, Cottagecore Summer Loungewear",167.5,Tops,['cotton'],GB,58,1512,https://www.etsy.com/listing/4521559917/floral-nightgown-ruffle-strap-sleep,
"Vintage Maid Costume Dress, Lace Lingerie Set, Feminine Babydoll Nightdress, Cosplay Outfit for Women",69.546,Tops,['lace'],GB,16,1110,https://www.etsy.com/listing/4524635995/vintage-maid-costume-dress-lace-lingerie,
"Vintage Cotton Nightgown | Soft Lace Trim Sleep Dress, Loose Fit Summer Pajama",27.604000000000003,Tops,['cotton'],GB,49,946,https://www.etsy.com/listing/4493770993/vintage-cotton-nightgown-soft-lace-trim,
"Satin Slip Dress in Chocolate Brown, White – Custom Colors Bridesmaid Dress & Bridal Shower Gift",25.0,Tops,['silk'],VN,5,102,https://www.etsy.com/listing/4495433552/satin-slip-dress-in-chocolate-brown,
Green White Satin Slip Dress | Bridal Nightgown | 4-Style Options Bridesmaid Gift | Silky Cami Dress,25.0,Tops,['silk'],VN,4,74,https://www.etsy.com/listing/4474429626/green-white-satin-slip-dress-bridal,
"Women’s Lace Nightdress & Panty Pajama Set – Sheer Sleepwear, Elegant Lingerie Nightwear",46.07,Tops,['lace'],US,17,1139,https://www.etsy.com/listing/4450586089/womens-lace-nightdress-panty-pajama-set,
"Women’s Floral Cotton Nightgown – Long Sleep Dress,Victorian Nightgown,",31.439999999999998,Tops,['cotton'],IN,6,571,https://www.etsy.com/listing/4451112091/womens-floral-cotton-nightgown-long,
Chocolate Silk Short Nightgown - Silk Night Dress available in 8 Colors - Romantic Sleepwear - Perfect Birthday Gift for Her,79.0,Tops,['silk'],UA,142,4121,https://www.etsy.com/listing/1846896055/chocolate-silk-short-nightgown-silk,
"100% Cotton Summer Nightgown, Lace Trim, Handmade Sleepwear",55.0,Tops,['cotton'],US,38,657,https://www.etsy.com/listing/4492428938/summer-nightgown-100-cotton-with-lovely,
"Long Indian Luxury Soft Long Silk Floral Print Silk Kimono Robe, Bell Sleeves, Ankle Length K-1282",45.99,Tops,['silk'],IN,4,3,https://www.etsy.com/listing/4556211654/long-indian-luxury-soft-long-silk-floral,
"Handmade Blue Ikat Print Cotton Midi Shirt Dress, Boho Loose Fit Summer Style",40.0,Tops,['cotton'],IN,1,64,https://www.etsy.com/listing/4537527289/handmade-blue-ikat-print-cotton-midi,
Linen nightgown with laces,77.452,Tops,['linen'],LV,244,5287,https://www.etsy.com/listing/1608796859/linen-nightgown-with-laces,
"Pink Cotton Hand Block Print Midi Dress, Boho Balloon Sleeve Summer Style",40.0,Tops,['cotton'],IN,7,169,https://www.etsy.com/listing/4541411055/pink-cotton-hand-block-print-midi-dress,
"Satin Slip Dress, Adjustable Strap Nightgown, Bridal Sleepwear, Honeymoon Lingerie, Handmade in Vietnam",25.0,Tops,['silk'],VN,2,31,https://www.etsy.com/listing/4531935836/satin-slip-dress-adjustable-strap,
"Satin Bridal Slip Dress Wedding Lingerie, Formal Nightgown Satin Sleepwear Satin Lingerie Bridal Sleepwear Wedding Sleepwear",145.0,Tops,['satin'],US,2728,72415,https://www.etsy.com/listing/261766342/satin-bridal-slip-dress-wedding-lingerie,
Satin Nightgown Women Mini Slip Dress Sleepwear Adjustable Straps Handmade Custom Colors Nightdress Luxury,25.0,Tops,['satin'],VN,0,8,https://www.etsy.com/listing/4541291541/satin-nightgown-women-mini-slip-dress,
"Women’s Pointelle Cotton Long Sleeve Shirt: Ribbed Pajama Top, Soft Organic Sleepwear",55.88,Tops,['cotton'],UA,180,3002,https://www.etsy.com/listing/4384763987/pointelle-cotton-long-sleeve-top-cozy,
Gray/White Silky Slip Dress Bridesmaid & Bridal Shower Gift Date Night Outfit Summer Sleepwear,28.0,Tops,['silk'],VN,51,795,https://www.etsy.com/listing/1888556323/gray-silky-slip-dress-o-womens-mini,
"Sheer Mesh Nightgown, Lace Trim Babydoll, Lingerie",84.0,Tops,['lace'],UA,196,23365,https://www.etsy.com/listing/1799645360/sheer-nightgown-valentines-day-gift-mesh,
"Victorian Cotton Lace Nightgown, Romantic White Sleep Dress, Soft Short Sleeve Loungewear, Feminine Bridal Nightwear, Cottagecore Pajama",51.99,Tops,['cotton'],US,10,317,https://www.etsy.com/listing/4517775901/victorian-cotton-lace-nightgown-romantic,
"Victorian Cotton Nightgown: Retro Princess Style Sleeveless Sleepwear , Lightweight Ideal for Honeymoon & Casual Use",90.0,Tops,['cotton'],GB,154,2324,https://www.etsy.com/listing/4417918761/victorian-cotton-nightgown-retro,
"Satin Slip Dress or Bridal Robe, Adjustable Strap Cami Nightgown, Bridesmaid Getting Ready Outfit",25.0,Tops,['silk'],VN,886,28403,https://www.etsy.com/listing/1803672208/satin-slip-dress-in-gold-gray-mint-green,
"Custom Muscle Golf Polo Shirt for Men, 3D Six Pack Print Golf Shirt, Novelty Golf Outfit, Golf Lover Gift, Father&#39;s Day Polo",41.89,Tops,['Unknown'],US,0,47,https://www.etsy.com/listing/4537483420/custom-muscle-golf-polo-shirt-for-men-3d,
"Custom Face Pajama Shorts, Personalized Text Pajamas Pants, Custom Photo Pajama Shorts Men Women, Gifts for Boyfriend, Valentines Day Gift",29.21,Tops,['polyester'],US,0,59,https://www.etsy.com/listing/4427991821/custom-face-pajama-shorts-personalized,
White Bridal Silk Slip Dress – Lace Cup Wedding Lingerie Dress Bridal getting ready slip dresses,119.0,Tops,['silk'],UA,348,7147,https://www.etsy.com/listing/4432664826/white-bridal-silk-slip-dress-lace-cup,
"Satin Slip Dress in White, custom colors Bridesmaid Dress: Underdress, Petticoat | Cami Nightgown",25.0,Tops,['silk'],VN,13,310,https://www.etsy.com/listing/1870453300/satin-slip-dress-in-white-custom-colors,
"Victorian style (1880-1900ss) combinations undergarment open-leg chemise camisole Bloomers capris knickers drawers Steampunk, sizes 4-30",79.06,Tops,['cotton'],GB,620,17480,https://www.etsy.com/listing/524779344/victorian-style-1880-1900ss-combinations,
"Custom Face Golf Polo Shirt for Women, Personalized Sleeveless Golf Top, Funny Face Polo, Custom Photo Golf Shirt, Golf Lover Gift",29.99,Tops,['Unknown'],US,0,105,https://www.etsy.com/listing/4522739969/custom-face-golf-polo-shirt-for-women,
"White Satin Bridal Robe with Lace Trim, Long Wedding Kimono Sleepwear",170.0,Tops,['satin'],UA,1,159,https://www.etsy.com/listing/4547556504/white-satin-bridal-robe-with-lace-trim,
White Chiffon Lingerie Crop Top - Delicate Lettuce Edge Detail,35.0,Tops,['nylon'],US,1020,24814,https://www.etsy.com/listing/1834468668/white-chiffon-lingerie-crop-top-delicate,
"Floral Maxi Kaftan Dress, Soft Nylon Loungewear, Boho Nighty, Egyptian Inspired Print",51.0,Tops,['nylon'],IN,1,0,https://www.etsy.com/listing/4558227704/floral-maxi-kaftan-dress-soft-nylon,
"Green Satin Slip Dress | V-Neck Cami Nightgown in Brown, White, Orange Bridesmaid Wear",25.0,Tops,['silk'],VN,17,714,https://www.etsy.com/listing/4436539031/green-satin-slip-dress-v-neck-cami,
Cavalier King Charles Spaniel Sleep Tee Puppy Nightshirt Cute Nightgown for Women and Girls Oversized Sleepshirt Gift for Cavie Lovers,47.99,Tops,['Unknown'],US,8,139,https://www.etsy.com/listing/1860895023/cavalier-king-charles-spaniel-sleep-tee,
Pink slip bridal nightgown Long satin bridal peignoir Wedding night lingerie for bride Satin bridal slip nighty Bridal shower gift ideas,69.0,Tops,['satin'],UA,60,5415,https://www.etsy.com/listing/1746488391/pink-slip-bridal-nightgown-long-satin,
SHEER2 SET – Sheer Mesh Pajama Set for Women | Custom Size XS–5XL | Soft Sleepwear Set with Cami Top & Shorts | Bridal Lingerie Gift,89.0,Tops,['Unknown'],UA,19,1484,https://www.etsy.com/listing/4520378375/sheer2-set-sheer-mesh-pajama-set-for,
"Loungees Women’s Cotton House Dress with Pockets, Short Sleeve Muumuu Caftan, V Neck Yoke Butterfly Print Lounger",27.99,Tops,['cotton'],US,0,317,https://www.etsy.com/listing/4478642205/loungees-womens-cotton-house-dress-with,
Underdress Slip | Pink & Pastel Green Satin Petticoat | Cami Nightgown for Bridesmaid | Handmade in Vietnam,25.0,Tops,['silk'],VN,0,40,https://www.etsy.com/listing/4531278075/underdress-slip-pink-pastel-green-satin,
"Black Transparent Nightie Plus Size, See Through Negligee - Sheer Lingeries Unedited",89.0,Tops,['lace'],UA,22,2318,https://www.etsy.com/listing/4311338028/black-transparent-nightie-plus-size-see,
"Women&#39;s Satin Nightgown, Satin Chemise Sleep Dress, Adjustable Strap Slip Nightdress, Silky Bridal Sleepwear",33.4866,Tops,['silk'],GB,0,16,https://www.etsy.com/listing/4549236988/womens-satin-nightgown-satin-chemise,
Tahiti Summer Organic Cotton Nightgown with Lace,66.465,Tops,['organic cotton'],AU,409,21967,https://www.etsy.com/listing/723458326/tahiti-summer-organic-cotton-nightgown,
"Silk-blend Slip Dress in White, blush-pink, Red, Black, Custom Colors| Bridal & Bridesmaid Nightgown - Underslip",25.0,Tops,['silk'],VN,20,319,https://www.etsy.com/listing/1871759442/silk-blend-slip-dress-in-white-blush,
Lace Detailed Wrap Maternity-Nursing Nightgown & Robe Set Mint - 2033,89.5522,Tops,['lace'],GB,2,134,https://www.etsy.com/listing/4529025902/lace-detailed-wrap-maternity-nursing,
Handmade Mulberry Silk Sleep Dress: Vietnamese Two-Strap Nightwear,84.3838,Tops,['silk'],VN,28,608,https://www.etsy.com/listing/4419030123/handmade-mulberry-silk-sleep-dress,
"Plus Size Halter Nightgown, Deep V Side Slit Sleep Dress, Black White Lingerie",55.0,Tops,['lace'],US,47,4604,https://www.etsy.com/listing/4490824340/plus-size-halter-nightgown-deep-v-side,
Silky Fishtail Mini Slip Dress V-Neck Satin Cami Nightgown Bridesmaid Gift Bridal Sleepwear,34.0,Tops,['silk'],VN,33,629,https://www.etsy.com/listing/1837235382/silky-fishtail-slip-dress-v-neck-satin,
"Luxury Lace Long Nightgown Robe Set for Women, Elegant Sheer Sleepwear, Bridal Lingerie, Honeymoon Robe, Romantic Loungewear",80.602,Tops,['lace'],TR,5,190,https://www.etsy.com/listing/4535167632/luxury-lace-long-nightgown-robe-set-for,
"SALE Sheer nightgown, See through nightie, Sheer Babydoll dress, Sheer nightgown, Negligee sheer, 1st anniversary gift for wife",89.51,Tops,['Unknown'],UA,72,8802,https://www.etsy.com/listing/4344791536/sale-sheer-nightgown-see-through-nightie,
"Personalized Bridal Nightie – Embroidered Wedding Nightwear, Honeymoon Gift",30.82,Tops,['Unknown'],GB,77,2302,https://www.etsy.com/listing/4379837783/personalized-bridal-nightie-embroidered,
"White Satin Nightgown Negligee with Small Train & Split, Boudoir Lingerie Nightie, Bridal Shower Gift for her",108.5,Tops,['satin'],AU,161,3158,https://www.etsy.com/listing/1465619886/white-satin-nightgown-negligee-with,
"Custom Silk Slip Dress, Backless Satin Mini Nightdress, Bridal Lingerie",199.99,Tops,['silk'],US,15,1024,https://www.etsy.com/listing/4476768232/custom-silk-slip-dress-backless-satin,
"See through nightgown, sheer nightdress, mesh chemise, lingerie see thru night dress, Transparent nightgown, Loose nightie black, camisole",49.99,Tops,['cotton'],UA,361,32823,https://www.etsy.com/listing/1773973917/see-through-nightgown-sheer-nightdress,
"Floral Applique Nightgown - Satin-Look Slip Dress, Women’s Sleepwear, Summer Lounge",89.7666,Tops,['satin'],GB,0,61,https://www.etsy.com/listing/4549417992/floral-applique-nightgown-satin-look,
"Satin Slip Dress, Adjustable Strap, Bias Cut Cami Nightgown for Women, Bridesmaid & Bridal Wear",25.0,Tops,['silk'],VN,2,29,https://www.etsy.com/listing/4537550725/satin-slip-dress-adjustable-strap-bias,
Womens Multi-Coloured Polka Dot Cotton Nightdress,22.7666,Tops,['cotton'],GB,4,181,https://www.etsy.com/listing/4315502949/womens-multi-coloured-polka-dot-cotton,
Bamboo Cotton Nightgown | Padded Sleeveless Sleep Dress for Her,99.99,Tops,['cotton'],US,30,377,https://www.etsy.com/listing/4530969394/bamboo-cotton-nightgown-padded,
Satin Lace Bridal Nightgown: Vintage-Inspired Long Sleeve Sleepwear,121.38,Tops,['silk'],US,128,2946,https://www.etsy.com/listing/4364343429/satin-lace-bridal-nightgown-vintage,
"Women&#39;s Satin Cami Shorts Set, Lace Trim Sleepwear, Silky Camisole and Shorts, Bridal Sleepwear, Honeymoon Loungewear, Gift for Her",101.0,Tops,['silk'],US,1,46,https://www.etsy.com/listing/4547077356/womens-satin-cami-shorts-set-lace-trim,
"Navy Blue women pajamas, bridal party, Long set pajama, Sleepwear Set, silky satin pajamas,Personalized gift, Gift for girls,",20.5,Tops,['silk'],TH,351,18902,https://www.etsy.com/listing/602873532/navy-blue-women-pajamas-bridal-party,
"Custom Face Nightgown, Personalized Photo Pajama Dress, Dog Cat Face Sleepshirt, Bachelorette Party",19.99,Tops,['Unknown'],US,0,6,https://www.etsy.com/listing/4554963087/custom-face-nightgown-personalized-photo,
Amelia - White self-dotted voile tiered Nightgown-  lace & tucked yoke with three quarter length sleeves,59.49999999999999,Tops,['cotton'],AU,52,3197,https://www.etsy.com/listing/1366464615/amelia-white-self-dotted-voile-tiered,
Womens Floral Print Spandex Knee Length Long Sleeve Nightdresses,20.0866,Tops,['polyester'],GB,10,1454,https://www.etsy.com/listing/1456159388/womens-floral-print-spandex-knee-length,
Womens Sleeveless White Polka Dot Nightdresses,29.4666,Tops,['cotton'],GB,3,201,https://www.etsy.com/listing/1863088396/womens-sleeveless-white-polka-dot,
"Lace Babydoll Nightgown: Soft Modal Chemise, Romantic Bridal Sleepwear",21.41,Tops,['satin'],US,0,7,https://www.etsy.com/listing/4554589963/lace-babydoll-nightgown-soft-modal,
"Sheer Chiffon Nightgown, See Through Babydoll Lingerie",87.99,Tops,['chiffon'],UA,34,1759,https://www.etsy.com/listing/1886493447/sheer-nightgown-see-through-nightie,
"Green & White Satin Slip Dress, Adjustable Strap, Bridesmaid Dresses, Bridal Getting Ready Outfit",25.0,Tops,['silk'],VN,2,101,https://www.etsy.com/listing/4481150464/green-white-satin-slip-dress-adjustable,
Pink Striped Women Cotton Pajama Set | Boho Lounge Wear,83.78,Tops,['organic cotton'],IN,12,249,https://www.etsy.com/listing/4458457607/pink-striped-women-cotton-pajama-set,
"Personalized Satin Lace Bridal Gown, Custom Embroidered Wedding Lingerie, Bridesmaid Robe",24.99,Tops,['satin'],VN,0,4,https://www.etsy.com/listing/4551484282/personalized-satin-lace-bridal-gown,
Custom Face Pajama Sleep Tee: Personalized Pet Photo Loungewear,25.99,Tops,['polyester'],US,12,1431,https://www.etsy.com/listing/1596368046/custom-face-pajama-sleep-tee,
Pink Sheer nightgown with Robe-  Honeymoon lingerie  Pink or Blue floral lace negligee,60.0,Tops,['lace'],UA,8,928,https://www.etsy.com/listing/4395477442/pink-sheer-nightgown-with-robe-honeymoon,
"100% Cotton Maternity Nightdress: Nursing Gown, Hospital Bag Essential Designed for labour & postpartum recovery",25.4466,Tops,['cotton'],GB,83,5895,https://www.etsy.com/listing/814154147/100-cotton-maternity-nightdress-nursing,
"Silk Nightgown Robe Set, Lace Trim Sleepwear, Women&#39;s Loungewear",56.0,Tops,['silk'],PK,18,515,https://www.etsy.com/listing/4509633127/silk-nightgown-robe-set-lace-trim,
"Cowl Neck Satin Mini Slip Dress | Custom Colors, Bridal Lingerie, Bridesmaid Gift",31.0,Tops,['silk'],VN,16,214,https://www.etsy.com/listing/1870959898/silky-dress-in-custom-colors-cami,
"Crochet Halter Crop Top, Boho Knit Tank, Backless Summer Festival Top",26.0,Tops,['lace'],IL,0,2,https://www.etsy.com/listing/4555894615/crochet-halter-crop-top-boho-knit-tank,
"Vintage Style Lace Trim Nightgown | Romantic Cottagecore Sleep Dress, Romantic Lounge Wear",44.21,Tops,['lace'],US,0,27,https://www.etsy.com/listing/4545496314/vintage-style-lace-trim-nightgown,
"Dark Blue Satin Slip Dress, Bias Cut Cami Nightgown, Romantic Sleepwear, Gift for Her",25.0,Tops,['silk'],VN,0,5,https://www.etsy.com/listing/4542514940/dark-blue-satin-slip-dress-bias-cut-cami,
"Personalized Golf Skirt with Face, Custom Photo Tennis Skort, Funny Women&#39;s Skater Skirt, Golf Gift for Wife Girlfriend",31.89,Tops,['Unknown'],US,0,52,https://www.etsy.com/listing/4535573660/personalized-golf-skirt-with-face-custom,
Women’s Pointelle Cotton Long-Sleeve Pajama Top: Soft Classic Button-Up Lounge Shirt,54.88,Tops,['cotton'],UA,4,114,https://www.etsy.com/listing/4518932519/womens-pointelle-cotton-long-sleeve,
"Satin Silk Mini Slip Dress, Cowl Neck, Backless Cross Strap Nightwear",33.524,Tops,['silk'],GB,0,5,https://www.etsy.com/listing/4553251351/satin-silk-mini-slip-dress-cowl-neck,
"Sari Silk Kimono Robe, Patchwork Long Robe, Belted Night Wear K-6259",39.99,Tops,['silk'],IN,3,43,https://www.etsy.com/listing/4546885460/sari-silk-kimono-robe-patchwork-long,
"Women&#39;s Ruffle Lace Nightgown, Romantic Nightdress, Elegant Sleepwear, Bridal Gift, Mother&#39;s Day, Birthday, Spring Summer Decor USA",64.99,Tops,['lace'],IL,1,32,https://www.etsy.com/listing/4538845873/womens-ruffle-lace-nightgown-romantic,
"Vintage Floral Print Silk Kimono Robe, Ankle Length Sari Gown K-1329",45.99,Tops,['silk'],IN,0,0,https://www.etsy.com/listing/4558146520/vintage-floral-print-silk-kimono-robe,
Women&#39;s Nightgown in Soft Fabric | Adjustable Strap Summer Sleep Dress,45.99,Tops,['Unknown'],PK,2,33,https://www.etsy.com/listing/4544785793/womens-soft-slip-nightgown-adjustable,
"Wrap Skirt Sewing Pattern, PDF Linen Midi Wrap Skirt Pattern, Self Tie A-Line Skirt with Pockets, Sizes XS-XXXL, Print at Home",3.78,Skirts,['linen'],US,61,1122,https://www.etsy.com/listing/4532051138/wrap-skirt-sewing-pattern-pdf-linen-midi,
Ruffled Crochet Mini Skirt Pattern,3.0,Skirts,['acrylic'],US,1842,22067,https://www.etsy.com/listing/1762240496/ruffled-crochet-mini-skirt-pattern,
A-Line Skirt Sewing Pattern PDF | Easy Elastic Waist Midi Skirt with Pockets | Beginner | Sizes xs-xxxl | Print at Home US Letter + A4,3.78,Skirts,['linen'],US,40,388,https://www.etsy.com/listing/4530341898/a-line-skirt-sewing-pattern-pdf-easy,
Scottish Tartan Tie Formal Tie For Wedding Available in 45+ Tartans,16.0666,Skirts,['wool'],GB,34,3182,https://www.etsy.com/listing/1838287277/scottish-tartan-tie-formal-tie-for,
Musselin Trachtenrock - Fertig genäht,172.244,Skirts,['Unknown'],DE,162,22739,https://www.etsy.com/listing/4387616948/musselin-trachtenrock-fertig-genaht,
"Women’s ladies Girls Hen Adult Neon Fancy Tutu Skirt, Size 6-14 to 16-24, UK Seller",8.0266,Skirts,['Unknown'],GB,4,89,https://www.etsy.com/listing/4525563689/womens-ladies-girls-hen-adult-neon-fancy,
Asymmetrical Panel Maxi Skirt PDF Sewing Pattern | Long Irregular Skirt | Digital Download | Women’s Boho Summer Skirt | DIY Sewing Tutorial,7.8975,Skirts,['Unknown'],MA,13,113,https://www.etsy.com/listing/4519851152/asymmetrical-panel-maxi-skirt-pdf-sewing,
"Dark Pink Cotton Skirt, Elastic Waist Long Maxi Skirt, Soft Swing Beach Vacation Skirt, Customizable Length / Waist, Autumn Womens Clothing",33.1834,Skirts,['cotton'],PH,3707,59811,https://www.etsy.com/listing/4364626402/dark-pink-cotton-skirt-elastic-waist,
Women&#39;s Highland Scottish Tartan Maxi Skirt - High Waisted Pleated Skirt Ladies Tartan Classic Maxi |   Custom Length Kilt In 60+ Tartans,77.0,Skirts,['wool'],PK,197,27117,https://www.etsy.com/listing/4439429559/womens-highland-scottish-tartan-maxi,
Dusty Green Embroidered Net Lehenga Choli: Indian Wedding Wear,185.0,Skirts,['Unknown'],IN,777,22740,https://www.etsy.com/listing/4375945014/dusty-green-embroidered-net-lehenga,
"Wool Skirt, Long Wool Plaid Skirt, Tartan Wool Maxi Skirt, Vintage Inspired Swing Skirt, A Line Flared Skirt, Full Fall Winter Skirt 3102#",99.0,Skirts,['wool'],CN,22703,497486,https://www.etsy.com/listing/1057531566/wool-skirt-long-wool-plaid-skirt-tartan,
Georgette Lehenga Choli For Women: Sequence Thread Embroidered Wedding Wear Heavy Outfit,148.24,Skirts,['Unknown'],IN,235,9008,https://www.etsy.com/listing/4383338751/georgette-lehenga-choli-for-women,
Teal Georgette Lehenga Choli: Indian Wedding Party Wear - Sequence & Thread Work,83.0,Skirts,['Unknown'],IN,915,51422,https://www.etsy.com/listing/4342598728/teal-georgette-lehenga-choli-indian,
"Made in Italy 100% Cotton Crinkle Maxi Skirt, Boho Long Skirt, One Size Fits UK 8-18, Lagenlook Summer Skirt, Partially Lined",69.68,Skirts,['cotton'],GB,1148,26704,https://www.etsy.com/listing/4489266947/made-in-italy-100-cotton-crinkle-maxi,
Pastel Kawaii Ruffle Skirt | Black & Pink Gingham 3 Tier Mini Skirt | Y2K Harajuku Fairy Kei Alternative Fashion,77.99,Skirts,['Unknown'],US,0,28,https://www.etsy.com/listing/4556688681/pastel-kawaii-ruffle-skirt-black-pink,
A30 Madonna Like a Virgin custom White High-Low tutu with hearts/ 80&#39;s party custom,185.0,Skirts,['silk'],US,226,17186,https://www.etsy.com/listing/4327890118/a30-madonna-like-a-virgin-custom-white,
"Off Shoulder Top and Striped Maxi Skirt Set, Boho Beach Vacation Outfit, High Slit Summer Resort Wear, Elegant Lounge Set For Woman",45.0,Skirts,['Unknown'],CN,173,4581,https://www.etsy.com/listing/4533828679/off-shoulder-top-and-striped-maxi-skirt,
Bulk Lot Patchwork Tiered Colorful Preloved Sari Silk Skirts,45.43,Skirts,['silk'],IN,784,23326,https://www.etsy.com/listing/4351770230/bulk-lot-patchwork-tiered-colorful,
Tango skirt in different colours,57.8,Skirts,['Unknown'],GR,232,36641,https://www.etsy.com/listing/1595120275/tango-skirt-in-different-colours,
Satin skirt long Circle silk skirt wrap style Everyday satin skirt Casual satin skirt,60.0,Skirts,['silk'],UA,4757,63265,https://www.etsy.com/listing/1719810445/satin-skirt-long-circle-silk-skirt-wrap,
Akabald69 Pink Skirt,24.99,Skirts,['Unknown'],US,7,827,https://www.etsy.com/listing/4538993532/akabald69-pink-skirt,
Boykisser Skirt - Do you like kissing Boys?,36.992,Skirts,['polyester'],DE,489,7092,https://www.etsy.com/listing/4472323834/boykisser-skirt-do-you-like-kissing-boys,
100% Cotton Solid Color Pareu/Pareo for Tahitian Dance,14.0,Skirts,['cotton'],US,266,45908,https://www.etsy.com/listing/1885535114/100-cotton-solid-color-pareupareo-for,
"21&quot; LOVE) Ballet Skirt, Dance Skirt,Dancewear, Custom Dancewear, Adult Dancewear, Mesh Skirt, Classical Circular Skirt, Circle Skirt",60.0,Skirts,['lace'],US,24,1594,https://www.etsy.com/listing/1639282424/21-love-ballet-skirt-dance,
Georgette Shaded Lehenga Choli Set: Zari Sequin Embellished Indian Partywear,70.0,Skirts,['Unknown'],IN,3552,195707,https://www.etsy.com/listing/1587982360/georgette-shaded-lehenga-choli-set-zari,
Peridot Clothing SMALL Custom Change Request,5.0,Skirts,['Unknown'],US,49,3290,https://www.etsy.com/listing/727908505/peridot-clothing-small-custom-change,
"Falda Flamenca Profesional Mujer | Volantes Elegantes | Algodón 100% Ligero Fresco | Ideal para Clases, Tablao, Escenario o para una fiesta!",75.11688,Skirts,['cotton'],ES,1645,54952,https://www.etsy.com/listing/286704181/falda-flamenca-profesional-mujer-o,
Custom Lehenga Outfit: Plus Size & Flair Options,15.0,Skirts,['Unknown'],IN,31,8584,https://www.etsy.com/listing/1392498139/custom-lehenga-outfit-plus-size-flair,
Wholesale Lots Sari silk wrap skirt Reversible and Lightweight Floaty Double layer skirt Vintage Handmade Long Skirts Ties,50.0,Skirts,['silk'],IN,663,31300,https://www.etsy.com/listing/1891017095/wholesale-lots-sari-silk-wrap-skirt,
10 Pcs Handmade Reversible Sari Silk Wrap Skirt: Bohemian Hippie Style,52.5,Skirts,['silk'],IN,193,11962,https://www.etsy.com/listing/4426394194/10-pcs-handmade-reversible-sari-silk,
"Tiered Maxi Skirt Sewing Pattern, PDF Elastic Waist Skirt Pattern, Pull-On Boho Skirt with Pockets, XS-XXXL, Print at Home",3.87,Skirts,['Unknown'],US,19,208,https://www.etsy.com/listing/4534965825/tiered-maxi-skirt-sewing-pattern-pdf,
Men&#39;s Tartan kilt Flashes Scottish kilt Hoses Available in 50+ Tartans,13.386600000000001,Skirts,['wool'],GB,17,1663,https://www.etsy.com/listing/1873340434/mens-tartan-kilt-flashes-scottish-kilt,
"Tartan Long Wool Skirt Women, Wool Maxi Skirt, Plaid Wool Skirt, High Waist Flared Skirt, 1940s A Line Skirt, Warm Autumn Winter Skirt 3108",99.0,Skirts,['wool'],CN,8677,211958,https://www.etsy.com/listing/1072336031/tartan-long-wool-skirt-women-wool-maxi,
Tango skirt front and back slit,63.58,Skirts,['Unknown'],GR,144,6467,https://www.etsy.com/listing/1798183351/tango-skirt-front-and-back-slit,
"Bridal Net Dupatta, Pearl Embellished Champagne Gold Wedding Veil",175.0,Skirts,['lace'],PK,132,6587,https://www.etsy.com/listing/4431587299/bridal-net-dupatta-with-pearl,
Extra/ Rush order/Sample/Custom,10.0,Skirts,['satin'],CN,17,2086,https://www.etsy.com/listing/578925559/extra-rush-ordersample,
Adults and teenagers Jamaican Bandana Plaid Outfit:  3-Piece Set Jamaica Day attire,120.0,Skirts,['cotton'],US,135,12626,https://www.etsy.com/listing/1880821232/jamaican-bandana-plaid-outfit-teen-adult,
Tahitian Motif Printed Rayon Pareu/Pareo for Tahitian Dance,19.0,Skirts,['rayon'],US,0,275,https://www.etsy.com/listing/4554313936/tahitian-motif-printed-rayon-pareupareo,
"Mirror Work Zari Lehenga: Pink Silk Bustier, Scalloped Dupatta",66.67,Skirts,['silk'],IN,806,77102,https://www.etsy.com/listing/1815153830/mirror-work-zari-lehenga-pink-silk,
Organic Linen Maxi Skirt: Ankle Length A-Line with Pockets,160.0,Skirts,['organic cotton'],UA,2501,51017,https://www.etsy.com/listing/1831018534/organic-linen-maxi-skirt-ankle-length-a,
Maxi Skirt Keela /  Long Skirt with Pockets / Organic Cotton,57.0,Skirts,['organic cotton'],TH,15041,248055,https://www.etsy.com/listing/838067525/maxi-skirt-keela-long-skirt-with-pockets,
"Rust Linen Midi Skirt for Women, High Waisted A Line Flared Skirt with Pockets and Back Zip, Handmade Flowy Summer Skir",65.0,Skirts,['linen'],PH,0,1,https://www.etsy.com/listing/4557148195/rust-linen-midi-skirt-for-women-high,
"Beige Asymmetrical Pleated Skirt, High Waist High Low A Line Skirt, Irregular Hem Midi Skirt, Elegant Chic Office Skirt Women",69.5,Skirts,['Unknown'],VN,0,4,https://www.etsy.com/listing/4557164388/beige-asymmetrical-pleated-skirt-high,
"Corset Style Mini Dress with Bows, Fit and Flare Party Dress, Women’s Apparel",134.66,Skirts,['Unknown'],US,0,1,https://www.etsy.com/listing/4557150848/corset-style-mini-dress-with-bows-fit,
Pink Toll Flower Lined Mini Skirt with Drawstring,20.0,Skirts,['Unknown'],US,0,0,https://www.etsy.com/listing/4557128503/pink-toll-flower-lined-mini-skirt-with,
Bumblebee and sunflower adult sized ribbon skirt fits large/3xl with an adjustable waistband 34 inches long,95.0,Skirts,['Unknown'],US,0,1,https://www.etsy.com/listing/4557124433/bumblebee-and-sunflower-adult-sized,
"Women&#39;s White Genuine Leather Mini Skirt, Pumpkin Halloween Skirt, High Waist",170.0,Skirts,['leather'],PK,0,1,https://www.etsy.com/listing/4557136976/womens-white-genuine-leather-mini-skirt,
Kids Black Floral Skirt,50.0,Skirts,['Unknown'],US,0,3,https://www.etsy.com/listing/4557119841/kids-black-floral-skirt,
Wool Plaid Petticoat: Chocolate Brown 18th Century Layering Skirt with Front and Back Ties,280.0,Skirts,['wool'],US,0,2,https://www.etsy.com/listing/4557131316/wool-plaid-petticoat-chocolate-brown,
Leopards Cheer Pom Poms Pattern Skater Skirt | Navy Gold Stars,40.0,Skirts,['Unknown'],US,0,0,https://www.etsy.com/listing/4557132938/leopards-cheer-pom-poms-pattern-skater,
A-Line Midi Skirt Sewing Pattern | Elastic Waist Pull-On Skirt with Pockets | XS-XXXL PDF Print at Home + A0 | Beginner Sewing Pattern,3.74,Skirts,['linen'],US,108,1330,https://www.etsy.com/listing/4530321056/a-line-midi-skirt-sewing-pattern-elastic,
"Long Green plaid Wool Skirt, Maxi Wool Skirt, Vintage Inspired Swing Skirt, Women&#39;s High Waisted wool Skirt, Full Fall Winter Skirt 3841#",99.0,Skirts,['wool'],CN,4235,85510,https://www.etsy.com/listing/1282937305/long-green-plaid-wool-skirt-maxi-wool,
Cotton kilt Flashes Scottish Men&#39;s Socks Flashes Available in 17 Colors,13.386600000000001,Skirts,['cotton'],GB,14,1256,https://www.etsy.com/listing/1832211132/cotton-kilt-flashes-scottish-mens-socks,
Blue floral with yellow flowers child size ribbon skirt fits child size 8/9 20 inches long with an adjustable waistband,40.0,Skirts,['Unknown'],US,0,1,https://www.etsy.com/listing/4557120777/blue-floral-with-yellow-flowers-child,
Kids Green Ribbon Skirt,50.0,Skirts,['Unknown'],US,0,0,https://www.etsy.com/listing/4557130228/kids-green-skirt,
College Football Cheerleading USA Pattern Skater Skirt | Red Blue Jaguars,40.0,Skirts,['Unknown'],US,0,0,https://www.etsy.com/listing/4557131084/college-football-cheerleading-usa,
"Rainbow Tutu Skirt, Adult Tulle Tutu, Pride Carnival Costume, Fun Run Race Skirt, Roller Derby Tutu, Clown Cosplay Party Outfit",42.71,Skirts,['Unknown'],UA,0,1,https://www.etsy.com/listing/4557118268/rainbow-tutu-skirt-adult-tulle-tutu,
White Polka Dot Double-Layer Mesh Tiered Ruffle Mini Skirt,104.99,Skirts,['Unknown'],TR,0,1,https://www.etsy.com/listing/4557114754/white-polka-dot-double-layer-mesh-tiered,
"Purple African Print Maxi Dress – Ruffle Sleeve Ankara Gown, Elegant Women Formal Wear For Wedding, or Summer Fashion.",69.99,Skirts,['Unknown'],US,5,112,https://www.etsy.com/listing/4553791027/african-print-dresses-ruffle-sleeve,
"Halloween Moanna Princess Costume Tennis Dress Skirt, Princess Cosplay Outfit, Halloween Party Dress Gift, dress for her, Birthday gift",19.99,Skirts,['Unknown'],AU,95,2129,https://www.etsy.com/listing/4541390016/halloween-princess-costume-tennis-dress,
"Bianna Cheshire Cat Skirt, Striped  Faux Fur Rave Costume Accessory, Purple and Hot Pink or Blue and Gray mini-skirt micro-skirt",34.99,Skirts,['fur'],US,830,28726,https://www.etsy.com/listing/596294073/bianna-cheshire-cat-skirt-striped-faux,
3-Row Belly Dance Hip Scarf with Gold Coins – Chiffon Dancer Belt Wrap,13.266000000000002,Skirts,['chiffon'],GB,1,111,https://www.etsy.com/listing/4551779786/3-row-belly-dance-hip-scarf-with-gold,
"Lederhosen Skirt Women, Bavarian Oktoberfest Costume, German Leather Suede Skirt with Suspenders, Halloween Beer Maid Outfit",129.99,Skirts,['leather'],US,12,480,https://www.etsy.com/listing/4526668981/lederhosen-skirt-women-bavarian,
"Adult wedding bridesmaid tulle skirt,bridesmaid dress, maxi skirt,photo shoot skirt,any size women skirt, wedding skirt,more than 150 colors",62.38,Skirts,['polyester'],HK,14867,527587,https://www.etsy.com/listing/189139794/adult-wedding-bridesmaid-tulle,
"Navy Linen Maxi Skirt Women, Drawstring Waist A Line Skirt, Natural Linen Long Skirt, Elastic Waist Summer Skirt, Minimalist Boho Style Gift",40.12,Skirts,['linen'],ID,44,1243,https://www.etsy.com/listing/4524515310/navy-linen-maxi-skirt-women-drawstring,
Equestrian riding skirt for women | Winter riding gear,167.0,Skirts,['Unknown'],UA,1981,72179,https://www.etsy.com/listing/668938645/equestrian-riding-skirt-for-women-winter,
FrionKandy Jaipuri 100% Cotton Neptol Traditional Print Wrap Around Skirt Up To XXL,117.33408,Skirts,['cotton'],IN,631,15026,https://www.etsy.com/listing/4516211909/frionkandy-jaipuri-100-cotton-neptol,
Gathered Skirt Sewing Pattern PDF | Pull-On Elastic Waist Midi Skirt with Pockets | Beginner | Sizes xs-xxxl | Print at Home US Letter + A4,3.88,Skirts,['linen'],US,12,116,https://www.etsy.com/listing/4530336857/gathered-skirt-sewing-pattern-pdf-pull,
Tango skirt Volan,61.267999999999994,Skirts,['Unknown'],GR,397,29785,https://www.etsy.com/listing/1167622394/tango-skirt-volan,
Upcycled Handmade Artistic Denim Tiered Skirt Size US 14,55.0,Skirts,['denim'],US,0,0,https://www.etsy.com/listing/4557729140/upcycled-handmade-artistic-denim-tiered,
Pretty purple child size ribbon skirt fits child size 8/9 with an adjustable waistband 19 inches long,40.0,Skirts,['Unknown'],US,0,4,https://www.etsy.com/listing/4557130594/pretty-purple-child-size-ribbon-skirt,
"Forest Fairy Skirt, Green Pixie Costume, Elf Cosplay Skirt, Witchy Tulle Tutu Skirt, Halloween Skirt, Fairycore Festival Outfit",42.71,Skirts,['Unknown'],UA,1,1,https://www.etsy.com/listing/4557114636/forest-fairy-skirt-green-pixie-costume,
Women&#39;s Color Block Faux Leather Midi Skirt with Asymmetric Hem,99.99,Skirts,['leather'],TR,0,0,https://www.etsy.com/listing/4557734186/womens-color-block-faux-leather-midi,
Galaxy Nebula Print Skater Skirt | Teal Purple Pink,38.0,Skirts,['Unknown'],US,0,0,https://www.etsy.com/listing/4557727210/galaxy-nebula-print-skater-skirt-teal,
Handmade Crochet Alternative Layered Ruffle Skirt Available In Multiple Colours,46.900000000000006,Skirts,['crochet'],GB,0,0,https://www.etsy.com/listing/4557695697/handmade-crochet-alternative-layered,
"Black PVC Maxi Skirt, Gothic Lace Up Long Skirt, High Waisted Wet Look Vinyl Skirt",99.0,Skirts,['lace'],PK,0,0,https://www.etsy.com/listing/4557713730/black-pvc-maxi-skirt-gothic-lace-up-long,
upcycled slip dress set with vintage doilies,60.0,Skirts,['Unknown'],US,0,0,https://www.etsy.com/listing/4557685775/upcycled-slip-dress-set-with-vintage,
Womens upcycled Prairie skirt,28.0,Skirts,['Unknown'],AU,0,0,https://www.etsy.com/listing/4557667959/womens-upcycled-prairie-skirt,
Leather Pleated Mini Skirt Womens High Waist Leather Material Lace Up Punk Gothic,149.99,Skirts,['leather'],PK,0,0,https://www.etsy.com/listing/4557683738/leather-pleated-mini-skirt-womens-high,
Maxi Skirt Moana / Boho Cotton Skirt / Light and Flowy,62.9,Skirts,['organic cotton'],TH,8131,139576,https://www.etsy.com/listing/1668536391/maxi-skirt-moana-boho-cotton-skirt-light,
Pretty pink child size ribbon skirt with purple ribbons fits child size 4/5 t 15.5 inches long  with an adjustable waistband,40.0,Skirts,['Unknown'],US,0,0,https://www.etsy.com/listing/4557109279/pretty-pink-child-size-ribbon-skirt-with,
Navy Blue Striped A-Line Skirt with Ruffle Detail,99.99,Skirts,['Unknown'],TR,0,0,https://www.etsy.com/listing/4557706356/navy-blue-striped-a-line-skirt-with,
"Scottish Women&#39;s Tartan Maxi Skirt, High Waist Pleated Long Skirt - Handmade Wool Maxi Skirt Available In 50 + Tartan.",77.452,Skirts,['wool'],IT,0,1,https://www.etsy.com/listing/4557679122/scottish-womens-tartan-maxi-skirt-high,
Leather Wrap Mini Skirt Women Punk Gothic Skirt High Waist Biker Streetwear Style,149.99,Skirts,['leather'],PK,0,0,https://www.etsy.com/listing/4557679108/leather-wrap-mini-skirt-women-punk,
Womens upcycled Prairie skirt,28.0,Skirts,['Unknown'],AU,0,0,https://www.etsy.com/listing/4557665412/womens-upcycled-prairie-skirt,
Adult Ribbon Skirt,140.79,Skirts,['Unknown'],CA,1,0,https://www.etsy.com/listing/4557662780/adult-ribbon-skirt,
Tie Dye Midi Length Flow Skirt | Women&#39;s Size 3X | Rayon Spandex Blend,55.0,Skirts,['rayon'],US,0,0,https://www.etsy.com/listing/4557659834/tie-dye-midi-length-flow-skirt-womens,
Bronze Floral Pattern Women&#39;s Skater Skirt | Black Floral AOP,57.32,Skirts,['Unknown'],US,0,0,https://www.etsy.com/listing/4557654592/bronze-floral-pattern-womens-skater,
Jojifuku Mezzo Piano Denim Embroidered Skirt Cutecore Kawaii Heisei Retro 140CM Frilly With Gemstones And Heart Pockets,46.93,Skirts,['denim'],CA,1,5,https://www.etsy.com/listing/4557632793/jojifuku-mezzo-piano-denim-embroidered,
Frilly skirt crochet pattern,9.701600000000001,Skirts,['cotton'],GB,5556,60399,https://www.etsy.com/listing/1512893063/frilly-skirt-crochet-pattern,
Mandala Print Skater Skirt | Boho A-Line Festival Flowy Summer Skirt,41.43,Skirts,['Unknown'],IN,0,0,https://www.etsy.com/listing/4557643590/mandala-print-skater-skirt-boho-circle,
Pink Zebra Print Satin Midi Skirt | Silky Slip Skirt | Animal Print Bias Cut Skirt | Statement Party Skirt | Bold Fuchsia Skirt,78.9,Skirts,['cotton'],PK,0,0,https://www.etsy.com/listing/4557616155/pink-zebra-print-satin-midi-skirt-silky,
Women Leather Mini Skirt Pleated Kilt Skirt High Waist Biker Punk Gothic Fashion,149.99,Skirts,['leather'],PK,0,0,https://www.etsy.com/listing/4557653175/women-leather-mini-skirt-pleated-kilt,
Tie Dye Midi Length Flow Skirt | Women&#39;s Size 2X | Rayon Spandex Blend,55.0,Skirts,['rayon'],US,0,0,https://www.etsy.com/listing/4557639171/tie-dye-midi-length-flow-skirt-womens,
Watercolor Songbirds Print Pencil Skirt | Floral Spring Bird Pattern,69.22,Skirts,['Unknown'],US,0,2,https://www.etsy.com/listing/4557651468/watercolor-songbirds-print-pencil-skirt,
Denim Wrap Skirt with Bow Tie | Ruffled Hem High Waist Mini Skirt | Faux Wrap Jean Skirt | Flirty Denim Mini | Y2K Summer Skirt,78.9,Skirts,['denim'],PK,0,0,https://www.etsy.com/listing/4557607989/denim-wrap-skirt-with-bow-tie-ruffled,
"Olive Green Leather Mini Skirt Women, High Waist Faux Leather Skirt, Belted Mini Skirt, Y2K Clothing, Bodycon Skirt, Trendy Streetwear",192.0,Skirts,['leather'],PK,0,0,https://www.etsy.com/listing/4557625268/olive-green-leather-mini-skirt-women,
"Whimsical Jersey Knit Knee Length Skirt, Cottagecore A-Line Tree Graphic Apparel for Teachers, Gardeners, & Outdoor Lovers",78.0,Skirts,['jersey'],US,0,3,https://www.etsy.com/listing/4557624858/whimsical-jersey-knit-knee-length-skirt,
Purple Plaid Maxi Skirt With Pockets Tartan Pleated High Waisted Skirt Gothic Floral Plaid Long Skirt Boho Summer Skirt Women Gift,34.0,Skirts,['Unknown'],AU,0,1,https://www.etsy.com/listing/4557563367/purple-plaid-maxi-skirt-with-pockets,
Elegant Two-Layer Midi Skirt – Khaki Velvet Polka Dots on Sheer Mesh – Size M - New,14.5,Skirts,['velvet'],US,0,0,https://www.etsy.com/listing/4557607252/elegant-two-layer-midi-skirt-khaki,
"Handmade cottagecore boho chic lace skirt, size M to L ruffled layer sembroidered flowers applique gypsy hippie festival",125.0,Skirts,['lace'],US,1,0,https://www.etsy.com/listing/4557582594/handmade-cottagecore-boho-chic-lace,
Pink sparkle Ballet skirt (women’s xs/s),25.0,Skirts,['velvet'],US,0,3,https://www.etsy.com/listing/4557565791/pink-sparkle-ballet-skirt-womens-xss,
Desigual Vintage Patchwork Graphic Mini Skirt Size EU 40 JPG Style Whimsigoth,50.0,Skirts,['Unknown'],UA,0,1,https://www.etsy.com/listing/4557573392/desigual-vintage-patchwork-graphic-mini,
Women&#39;s Short Dashiki Skirt Denim Print One Size Multiple Colors African Style,21.95,Skirts,['denim'],US,0,0,https://www.etsy.com/listing/4557572042/womens-short-dashiki-skirt-denim-print,
Tie Dye Midi Length Flow Skirt | Women&#39;s Size XL | Rayon Spandex Blend,55.0,Skirts,['rayon'],US,0,0,https://www.etsy.com/listing/4557658696/tie-dye-midi-length-flow-skirt-womens,
Women&#39;s Mid-Waist Pencil Skirt (AOP),62.93,Skirts,['Unknown'],US,0,0,https://www.etsy.com/listing/4557631345/womens-mid-waist-pencil-skirt-aop,
Peach Ballet skirt (women’s xs/s),25.0,Skirts,['velvet'],US,0,3,https://www.etsy.com/listing/4557563613/peach-ballet-skirt-womens-xss,
"Handmade Boho Maxi Skirt, Black Jungle Animal Print, Flowy Cotton Summer Hippie Style",46.9504,Skirts,['cotton'],IN,0,0,https://www.etsy.com/listing/4557549405/boho-maxi-skirt-for-women-black-jungle,
"Red Silk Lehenga Choli for Women, Heavy Sequin Work Blouse, Indian Wedding Outfit",102.0,Skirts,['silk'],IN,0,3,https://www.etsy.com/listing/4557546321/red-silk-lehenga-choli-for-women-heavy,
Winnie the Pooh skirt womens Disney yellow skirt with bees athleticwear run Disney bounding costume,39.0,Skirts,['Unknown'],US,0,19,https://www.etsy.com/listing/4556875971/winnie-the-pooh-skirt-womens-disney,
"Breitcordrock , Trachtenrock in mint mit extra breitem Gummibund, Länge ca. 80 cm, Tracht für Herbstfest oder Oktoberfest, mit Seitentaschen",109.82,Skirts,['Unknown'],DE,0,2,https://www.etsy.com/listing/4557536967/breitcordrock-trachtenrock-in-mint-mit,
Vân - Chiffon Flow Skirt with Pockets 57-59B,25.0,Skirts,['chiffon'],US,1,1,https://www.etsy.com/listing/4557541322/van-chiffon-flow-skirt-with-pockets-57,
Wedding Collection Lehenga Choli | Pure Crepe Silk | Heavy Embroidery Sequence & Thread Work | 3.5 Meter Flare,101.64551999999999,Skirts,['silk'],IN,0,0,https://www.etsy.com/listing/4557553358/wedding-collection-lehenga-choli-pure,
"White Tiered Maxi Skirt, Boho Ruffle Flowy Vacation Beach Skirt",79.99,Skirts,['Unknown'],PK,0,0,https://www.etsy.com/listing/4557551296/white-tiered-maxi-skirt-boho-ruffle,
Pooh Spring Mini Skirt,60.0,Skirts,['Unknown'],US,2,1,https://www.etsy.com/listing/4557541276/pooh-spring-mini-skirt,
"Sage Green Lehenga Choli Set, Heavy Zari Sequin Embroidery, Wedding Guest Outfit",114.27,Skirts,['Unknown'],IN,0,4,https://www.etsy.com/listing/4557529584/sage-green-lehenga-choli-set-heavy-zari,
Black Sheet 1-Panel Belly Dance Skirt Size S-L,34.95,Skirts,['polyester'],US,0,3,https://www.etsy.com/listing/4557513709/black-sheet-1-panel-belly-dance-skirt,
"Cotton Lehenga Choli Set, Traditional Indian Ethnic Wear, Navratri Garba Outfit",145.0,Skirts,['cotton'],IN,0,0,https://www.etsy.com/listing/4557512439/cotton-lehenga-choli-set-traditional,
"Natural Cotton Midi Skirt, Button Down A Line Skirt, High Waist Summer Skirt, Casual Wear",66.32,Skirts,['cotton'],IN,0,2,https://www.etsy.com/listing/4557508717/natural-cotton-midi-skirt-button-down-a,
Beige Chanderi Silk Lehenga Choli with Bottle Green Dupatta Embroidered work  Border Wedding Lehenga Bridesmaid Outfit Festive Wear Choli,155.09351999999998,Skirts,['silk'],IN,0,1,https://www.etsy.com/listing/4557503201/beige-chanderi-silk-lehenga-choli-with,
Green -Pink South-style Kanchipuram Silk Lehenga Choli Indian Wedding Wear Lehenga Choli South Indian Kerela style Cotton  lehenga choli,89.0,Skirts,['cotton'],IN,0,0,https://www.etsy.com/listing/4557520648/green-pink-south-style-kanchipuram-silk,
Tie Dye Midi Length Flow Skirt | Women&#39;s Size XL | Rayon Spandex Blend,55.0,Skirts,['rayon'],US,0,1,https://www.etsy.com/listing/4557658348/tie-dye-midi-length-flow-skirt-womens,
Women&#39;s Mid-Waist Pencil Skirt (AOP),56.98,Skirts,['Unknown'],US,0,0,https://www.etsy.com/listing/4557651410/womens-mid-waist-pencil-skirt-aop,
Wedding Special Lehenga Choli | Heavy Fox Georgette | Heavy 7MM Embroidery Sequence Work,104.78952,Skirts,['silk'],IN,0,0,https://www.etsy.com/listing/4557547862/wedding-special-lehenga-choli-heavy-fox,
"Purple Silk Floral Lehenga Choli, Indian Festive Wear, Sequence Work Bridesmaid Outfits",101.0,Skirts,['silk'],IN,0,0,https://www.etsy.com/listing/4557539536/purple-silk-floral-lehenga-choli-indian,
Dark Green Georgette Lehenga Choli | Zari Sequin Embroidery Indian Wedding Outfit,99.99,Skirts,['Unknown'],IN,0,0,https://www.etsy.com/listing/4557516156/dark-green-georgette-lehenga-choli-zari,
Gold 6-Petal Belly Dance Lamé Skirt Size S-L,44.95,Skirts,['Unknown'],US,0,0,https://www.etsy.com/listing/4557500591/gold-6-petal-belly-dance-lame-skirt-size,
"1.40 CT Round Moissanite Diamond Flower Ring, Floral Cluster Engagement Ring, Statement Bridal Jewelry",699.99,Skirts,['Unknown'],IN,0,0,https://www.etsy.com/listing/4557516582/140-ct-round-moissanite-diamond-flower,
High waist tango skirt,57.8,Skirts,['Unknown'],GR,692,39017,https://www.etsy.com/listing/891656817/high-waist-tango-skirt,
"Purple Net Lehenga Choli, Heavy Sequins Embroidery, Indian Wedding Bridal Outfit",127.78264,Skirts,['Unknown'],IN,0,0,https://www.etsy.com/listing/4557511476/lavender-lehenga-choli-for-women,
Black Lehenga Choli Indian Wedding Wear Lehenga Choli Bridesmaids lehenga choli party wear lehenga choli Sangeet Night Wear Lehenga Choli,99.0,Skirts,['Unknown'],IN,0,0,https://www.etsy.com/listing/4557507644/black-lehenga-choli-indian-wedding-wear,
Black Georgette Chaniya Choli : Indian Ethnic Wear,145.85016,Skirts,['Unknown'],IN,0,0,https://www.etsy.com/listing/4557506712/black-georgette-chaniya-choli-indian,
"Dusty Rose Lehenga Choli Set, Heavy Zari Sequin Embroidery, Wedding Guest Outfit",114.27,Skirts,['Unknown'],IN,0,7,https://www.etsy.com/listing/4557464971/rose-pink-lehenga-choli-set-for-women,
Lavish Brown Thread Work Georgette Lehenga With Attached Dupatta,141.65816,Skirts,['Unknown'],IN,1,2,https://www.etsy.com/listing/4557469443/lavish-brown-thread-work-georgette,
"Pink Lehenga Choli Set, Sequin Embroidered Indian Lehenga, Wedding Guest Outfit, Party Wear Ghagra Choli, Bridesmaid Dress",106.65,Skirts,['Unknown'],IN,0,0,https://www.etsy.com/listing/4557478884/pink-lehenga-choli-set-sequin,
Tie Dye Midi Length Flow Skirt | Women&#39;s Size XL | Rayon Spandex Blend,55.0,Skirts,['rayon'],US,1,0,https://www.etsy.com/listing/4557657448/tie-dye-midi-length-flow-skirt-womens,
Brown Snake Skin Print Skater Skirt | Animal Print Circle Skirt,57.32,Skirts,['Unknown'],US,0,0,https://www.etsy.com/listing/4557649518/brown-snake-skin-print-skater-skirt,
Wedding Lehenga Choli | Heavy Fox Georgette | Heavy 7MM Embroidery Sequence Work | 3.5 Meter Flare,104.78952,Skirts,['silk'],IN,0,0,https://www.etsy.com/listing/4557524919/wedding-lehenga-choli-heavy-fox,
"Red Bridal Silk Lehenga Choli, Indian Wedding Lehenga with Pearl Work Blouse & Net Dupatta",150.0,Skirts,['silk'],IN,0,1,https://www.etsy.com/listing/4557508878/heavy-bridal-silk-lehenga-choli-indian,
"Embroidered Lavender Lehenga Choli, Gold Crush Fabric, Indian Festive Wear",127.78264,Skirts,['Unknown'],IN,0,0,https://www.etsy.com/listing/4557511460/lavender-lehenga-choli-for-women,
"Mickey Pumpkin Halloween Wrap Skort Dress, Spooky Mouse Ears Jack O Lantern Hawaiian Shirt, WDW Spooky Season Outfit, Mickey&#39;s Not So Scary",18.85864,Skirts,['Unknown'],CA,0,0,https://www.etsy.com/listing/4557455015/mickey-pumpkin-halloween-wrap-skort,
Ajrakh Print A-line Patchwork Cotton Fabric Colorful Skirt Boho Ethnic Gift for Her,143.3,Skirts,['cotton'],US,0,0,https://www.etsy.com/listing/4557470772/ajrakh-print-a-line-patchwork-cotton,
Genuine Black Leather Pleated Mini Skirt For Women | Studded Buckle Skirt | Gothic Punk Streetwear,400.99,Skirts,['leather'],PK,0,2,https://www.etsy.com/listing/4557470372/genuine-black-leather-pleated-mini-skirt,
"Maroon Lehenga Choli Set, Wine Bridal Lehenga, Sequin Embroidered Indian Wedding Outfit, Party Wear Lehenga, Festive Ethnic Dress,choli set,",106.65,Skirts,['Unknown'],IN,0,0,https://www.etsy.com/listing/4557447507/maroon-lehenga-choli-set-wine-bridal,
"Mustard Yellow Linen Cotton Maxi Skirt, Boho High Waist Summer Skirt",39.0,Skirts,['cotton'],TH,0,1,https://www.etsy.com/listing/4557437709/mustard-yellow-maxi-skirt-boho-long,
Beautiful Patchwork Skirt xl/2xl,250.0,Skirts,['Unknown'],US,1,3,https://www.etsy.com/listing/4557437745/beautiful-patchwork-skirt-xl2xl,
Vintage Crochet Maxi Skirt Summer Skirt,145.0,Skirts,['cotton'],FR,0,0,https://www.etsy.com/listing/4557450438/vintage-crochet-maxi-skirt-summer-skirt,
"Heavy Fox Georgette Lehenga Choli Set, Designer Indian Wedding Lehenga,",151.1216,Skirts,['Unknown'],IN,0,0,https://www.etsy.com/listing/4557442478/heavy-fox-georgette-lehenga-choli-set,
Tie Dye Midi Length Flow Skirt | Women&#39;s Size XL | Rayon Spandex Blend,55.0,Skirts,['rayon'],US,1,0,https://www.etsy.com/listing/4557637949/tie-dye-midi-length-flow-skirt-womens,
Women&#39;s Skater Skirt (AOP),45.31,Skirts,['Unknown'],US,0,0,https://www.etsy.com/listing/4557629489/womens-skater-skirt-aop,
Wedding Special Lehenga Choli | Heavy Pure Crunchy Fabric | Embroidery Sequence Work | 3.5 Meter Flare,99.54952,Skirts,['silk'],IN,0,0,https://www.etsy.com/listing/4557519769/wedding-special-lehenga-choli-heavy-pure,
"Mint Green Embroidered Lehenga Choli, Designer Indian Wedding Outfit",127.78264,Skirts,['Unknown'],IN,0,0,https://www.etsy.com/listing/4557490809/mint-green-lehenga-choli-for-women,
Ajrakh Print A-line Patchwork Cotton Fabric Colorful Skirt Boho Ethnic Gift for Her,143.3,Skirts,['cotton'],US,0,0,https://www.etsy.com/listing/4557407375/ajrakh-print-a-line-patchwork-cotton,
"Sadness Inside Out Wrap Skort Dress, Inside Out All Over Print Dress, Sadness Inside Out Halloween Dress, Inside Out Costume, Sadness Dress",18.85864,Skirts,['Unknown'],CA,1,1,https://www.etsy.com/listing/4557451507/sadness-inside-out-wrap-skort-dress,
Women’s Black Studded Leather Mini Skirt | Gothic Punk Asymmetrical Skirt |  Alternative Festival Streetwear Outfit,440.99,Skirts,['leather'],PK,0,1,https://www.etsy.com/listing/4557450176/womens-black-studded-leather-mini-skirt,
"Maroon Maxi Skirt for Women, Button Front Long Skirt, Drawstring Waist Skirt, A Line Summer Skirt, Boho Casual Vacation Skirt",70.57232,Skirts,['Unknown'],IN,0,2,https://www.etsy.com/listing/4557423691/maroon-maxi-skirt-for-women-button-front,
"Pure Cotton Embroidered Choli Lehenga Set, Faux Georgette Dupatta, Wedding Wear",138.0,Skirts,['cotton'],IN,0,0,https://www.etsy.com/listing/4557432040/pure-cotton-embroidered-choli-lehenga,
"Elegant Satin Ruffle Wrap Skirt, Asymmetrical High Low Evening Skirt",89.08,Skirts,['satin'],IN,0,6,https://www.etsy.com/listing/4557392647/satin-wrap-skirt-ruffle-maxi-skirt,
"Brown Suede Mini Skirt: Snap Front A-Line Leather Skirt, Women’s High Waist",196.0,Skirts,['silk'],AU,0,0,https://www.etsy.com/listing/4557393371/brown-suede-mini-skirt-snap-front-a-line,
"South Indian Half Saree Set, Ivory Viscose Georgette Lehenga Saree, Ready to Wear Half Saree, Stitched Blouse Dupatta,Wedding Festive Outfit",68.92696,Skirts,['viscose'],IN,0,4,https://www.etsy.com/listing/4557403844/south-indian-half-saree-set-ivory,
Yellow Green Lehenga Choli Indian Wedding Wear Outfit Designer Skirt Top Dupatta,169.0,Skirts,['Unknown'],IN,1,17,https://www.etsy.com/listing/4557384337/yellow-green-lehenga-choli-indian,
"Indian Designer Lehenga Choli for Women, Embroidered Sequin Bridal Outfit with Dupatta, Traditional Party Wear Dress",149.99,Skirts,['Unknown'],IN,0,0,https://www.etsy.com/listing/4557401656/indian-designer-lehenga-choli-for-women,
Tie Dye Midi Length Flow Skirt | Women&#39;s Size Large | Rayon Spandex Blend,55.0,Skirts,['rayon'],US,1,1,https://www.etsy.com/listing/4557656342/tie-dye-midi-length-flow-skirt-womens,
Yellow Butterfly Floral Skater Skirt | Black Floral Butterfly Print,53.7,Skirts,['Unknown'],US,0,0,https://www.etsy.com/listing/4557649662/yellow-butterfly-floral-skater-skirt,
Wedding Lehenga Choli | Heavy Pure Crunchy Fabric | Heavy Embroidery Sequence Work | 3.5 Meter Flair,110.02951999999999,Skirts,['silk'],IN,0,0,https://www.etsy.com/listing/4557513435/wedding-lehenga-choli-heavy-pure-crunchy,
"Teal Blue Embroidered Lehenga Choli, Designer Indian Wedding Guest Dress",127.78264,Skirts,['Unknown'],IN,0,0,https://www.etsy.com/listing/4557499068/teal-blue-lehenga-choli-for-women,
"Anxiety Inside Out Wrap Skort Dress, Inside Out All Over Print Dress, Anxiety Inside Out Halloween Dress Skirt, Inside Out Anxiety Dress",18.85864,Skirts,['Unknown'],CA,0,0,https://www.etsy.com/listing/4557449299/anxiety-inside-out-wrap-skort-dress,
Handmade Black Leather Mini Skirt For Women | Asymmetrical Wrap Skirt | Double Buckle Straps Outfit,436.99,Skirts,['leather'],PK,0,0,https://www.etsy.com/listing/4557428936/handmade-black-leather-mini-skirt-for,
"Brown Suede Mini Skirt: Snap Front A-Line Leather Skirt, Women’s High Waist",196.0,Skirts,['silk'],AU,0,0,https://www.etsy.com/listing/4557405384/brown-suede-mini-skirt-snap-front-a-line,
Genuine Lambskin Leather Blazer Skirt Suit | Double Breasted Gold Button Set,215.0,Skirts,['leather'],PK,0,1,https://www.etsy.com/listing/4557399646/genuine-lambskin-leather-blazer-skirt,
Graffiti Print Women&#39;s Maxi Chiffon Skirts With Lining,39.5,Skirts,['chiffon'],AU,0,0,https://www.etsy.com/listing/4557395868/graffiti-print-womens-maxi-chiffon,
Knielanger Grauer Wollrock Merino Jacquard mit Jerseybund,79.764,Skirts,['jersey'],DE,0,0,https://www.etsy.com/listing/4557377979/knielanger-grauer-wollrock-merino,
Bohemian Cotton Wrap Maxi Skirt | Womens Clothing | Boho Skirt | Reversible Skirt,11.75,Skirts,['cotton'],IN,0,2,https://www.etsy.com/listing/4557395364/bohemian-cotton-wrap-maxi-skirt-womens,
"Maxi Cotton Embroidered Summer Skirt,XL Boho Plus Size Floral Lace Skirt",225.0,Skirts,['cotton'],CZ,0,0,https://www.etsy.com/listing/4557199867/maxi-cotton-embroidered-summer-skirtxl,
"Kanjivaram Silk Lehenga Choli, Designer South Indian Wedding Lehenga, Jacquard Border Lehenga, Rangoli Silk Dupatta, Lehenga for women",140.0,Skirts,['silk'],IN,0,0,https://www.etsy.com/listing/4557350076/kanjivaram-silk-lehenga-choli-designer,
Ribbon Skirt Cheetah custom,150.0,Skirts,['Unknown'],US,1,13,https://www.etsy.com/listing/4557379346/ribbon-skirt-cheetah-custom,
Navratri Gujarati Lehenga Choli – Gamthi Mirror work  Garba Outfit,134.8776,Skirts,['Unknown'],IN,0,0,https://www.etsy.com/listing/4557379714/navratri-gujarati-lehenga-choli-gamthi,
"Long Leather A Line Skirt, Beige Leather Maxi Skirt, High Waisted Leather Skirt, Women&#39;s Long Skirt, Full Length Skirt, Fall Outfit",127.14843999999998,Skirts,['leather'],ES,0,0,https://www.etsy.com/listing/4557380374/long-leather-a-line-skirt-beige-leather,
"Women&#39;s Black Belted Shorts, High Waist Leather Look Hot Pants, Buckle Waist Moto Western Fashion Shorts for Women, Night Out Style",110.0,Skirts,['leather'],PK,0,0,https://www.etsy.com/listing/4557361783/womens-black-belted-shorts-high-waist,
Dark Blue & Multicolor Chaniya Choli with Pure Bandhani Work Dupatta,211.68552,Skirts,['Unknown'],US,0,10,https://www.etsy.com/listing/4557376978/dark-blue-multicolor-chaniya-choli-with,
"Embroidered Lehenga Choli Set with Koti, Indian Wedding Festive Dress Yellow Gold Sky Blue",94.30951999999999,Skirts,['Unknown'],IN,0,3,https://www.etsy.com/listing/4557353429/embroidered-lehenga-choli-set-with-koti,
Tie Dye Midi Length Flow Skirt | Women&#39;s Size Large | Rayon Spandex Blend,55.0,Skirts,['rayon'],US,1,0,https://www.etsy.com/listing/4557636979/tie-dye-midi-length-flow-skirt-womens,
Navratri Special Hand Work Lehenga Choli | Pure Cotton | Heavy Hand Work with Real Kodi Work & Hand Latkan,113.17352,Skirts,['cotton'],IN,0,0,https://www.etsy.com/listing/4557525584/navratri-special-hand-work-lehenga-choli,
"Fear Inside Out Wrap Skort Dress, Inside Out All Over Print Dress, Fear Inside Out Halloween Dress Skirt, Inside Out Costume, Fear Dress",18.85864,Skirts,['Unknown'],CA,0,0,https://www.etsy.com/listing/4557445559/fear-inside-out-wrap-skort-dress-inside,
"100% Cotton Block Print Wrap Skirt, Boho Skirt, Cotton Midi Skirt, Skirt for women",11.75,Skirts,['cotton'],IN,0,0,https://www.etsy.com/listing/4557376051/100-cotton-block-print-wrap-skirt-boho,
"Women&#39;s Brown Belted Shorts with Lace Up Sides, High Waist Western Festival Fashion Shorts, Casual Cowgirl Hot Pants for Summer Outfits",110.0,Skirts,['lace'],PK,0,0,https://www.etsy.com/listing/4557360047/womens-brown-belted-shorts-with-lace-up,
Navratri Gujarati Lehenga Choli – Gamthi Mirror work  Garba Outfit,134.8776,Skirts,['Unknown'],IN,0,0,https://www.etsy.com/listing/4557356007/navratri-gujarati-lehenga-choli-gamthi,
Blue Green Paisley Wrap &Handmade Indian Skirt,53.93,Skirts,['silk'],IN,0,6,https://www.etsy.com/listing/4557350699/blue-green-paisley-wrap-handmade-indian,
Island Style Motif Printed Cotton Blend Pareu/Pareo for Tahitian Dance,19.0,Skirts,['cotton'],US,1,100,https://www.etsy.com/listing/4554306829/island-style-motif-printed-cotton-blend,
"Traditional Cream and Navy Blue Kanchipuram Silk Half Saree, Pavadai Dhavani Set",86.65,Skirts,['silk'],IN,0,4,https://www.etsy.com/listing/4557343693/traditional-cream-and-navy-blue,
Wedding Special Palazzo Suits: Sky blue Heavy Embroidered Palazzo Blouse Set For Reception Party Occasions,124.49192,Skirts,['Unknown'],IN,0,0,https://www.etsy.com/listing/4557340899/wedding-special-palazzo-suits-sky-blue,
"Linen Tunic Dress for Women, Blush Pink V-Neck Long Sleeve, 100% Pure Linen",124.99,Skirts,['linen'],IN,0,2,https://www.etsy.com/listing/4557341075/linen-tunic-dress-for-women-blush-pink-v,
"Mustard Yellow Lehenga Choli with Pink Dupatta, Embroidered Indian Wedding Outfit, Festive Garba Dress, Traditional Bridal Party Wear",81.99,Skirts,['Unknown'],IN,0,0,https://www.etsy.com/listing/4557340357/mustard-yellow-lehenga-choli-with-pink,
Designer Lehenga Choli: Heavy Silk Zari & Sequins Embroidered work Lehenga choli,125.74951999999999,Skirts,['silk'],IN,1,1,https://www.etsy.com/listing/4557351506/designer-lehenga-choli-heavy-silk-zari,
"Short Kurta Palazzo Set: Sky Blue Embroidered 3-piece Salawar Kameez, Party Sangeete Wedding Wear Suits",144.44,Skirts,['Unknown'],IN,0,1,https://www.etsy.com/listing/4557352026/short-kurta-palazzo-set-sky-blue,
Festival Cream White Heart Print Ruffle Micro Skirt Set Lace Up Bandeau Rhinestone Rave Festival Outfit,70.0,Skirts,['lace'],US,0,3,https://www.etsy.com/listing/4557333549/festival-cream-white-heart-print-ruffle,
Cotton Patchwork Tiered Skirt,79.98,Skirts,['cotton'],IN,0,1,https://www.etsy.com/listing/4557328797/cotton-patchwork-tiered-skirt,
Red Designer Lehenga Choli Heavy Embroidered Wedding Outfit,115.03,Skirts,['Unknown'],IN,0,0,https://www.etsy.com/listing/4557285281/red-designer-lehenga-choli-heavy,
"Haunted Mansion Ghost Host and Maid Costume Matching Family Outfit, Foolish Mortals Shirt, Hitchhiking Ghosts Dress, Disneyland Trip Outfit",17.13,Skirts,['Unknown'],GB,0,1,https://www.etsy.com/listing/4557325651/haunted-mansion-ghost-host-and-maid,
Indian Lehenga Choli Party Wear Pakistani Wedding Bridal Lengha Party Wear Heavy Bridesmaid Dress,117.6904,Skirts,['Unknown'],IN,0,1,https://www.etsy.com/listing/4557334412/bridal-red-lengha-choli-pakistani-indian,
Women&#39;s Tartan Kilt Skirt | Pleated Highland Plaid Mini Skirt with Buckle Detail,77.0,Skirts,['wool'],PK,0,4,https://www.etsy.com/listing/4557332428/womens-scottish-tartan-billie-kilt-skirt,
Red Silk Maxi Skirt for Women | Silk Look Long Skirt | High Waist Elegant Skirt | Formal Evening Skirt | Wedding Guest Outfit Slip Skirt,180.99,Skirts,['silk'],PK,1,0,https://www.etsy.com/listing/4557329760/red-silk-maxi-skirt-for-women-silk-look,
Hand Block Printed Cotton Lehenga Choli Set | Handmade Indian Festival Outfit | Mulmul Dupatta,125.74951999999999,Skirts,['cotton'],IN,0,0,https://www.etsy.com/listing/4557328634/hand-block-printed-cotton-lehenga-choli,
Tie Dye Midi Length Flow Skirt | Women&#39;s Size Small | Rayon Spandex Blend,55.0,Skirts,['rayon'],US,0,0,https://www.etsy.com/listing/4557655340/tie-dye-midi-length-flow-skirt-womens,
Navratri Special Gamathi Work Lehenga Choli | Pure Cotton | Heavy Gamathi Work with Real Mirror Work,115.26952,Skirts,['cotton'],IN,0,0,https://www.etsy.com/listing/4557502229/navratri-special-gamathi-work-lehenga,
"Joy Inside Out Wrap Skort Dress, Inside Out All Over Print Dress, Joy Inside Out Halloween Dress Skirt, Inside Out Costume Skirt, Joy Dress",18.85864,Skirts,['Unknown'],CA,0,0,https://www.etsy.com/listing/4557444215/joy-inside-out-wrap-skort-dress-inside,
Hand Block Printed Cotton Maxi Skirt: Blue Floral Boho Fashion,11.75,Skirts,['cotton'],IN,0,0,https://www.etsy.com/listing/4557369533/hand-block-printed-cotton-maxi-skirt,
"Navratri Chaniya Choli, Lehenga for Garbazari , thread & real mirror work  Lehenga, Gujarati Traditional Dress, Indian Festive Outfit",110.2496,Skirts,['silk'],IN,0,0,https://www.etsy.com/listing/4557367894/navratri-chaniya-choli-lehenga-for,
South Indian Style Orange Reception Wear Half Saree Lehenga Choli Set,84.65,Skirts,['silk'],IN,0,1,https://www.etsy.com/listing/4557357778/south-indian-style-orange-reception-wear,
pink floral wrap skirt,53.93,Skirts,['silk'],IN,0,3,https://www.etsy.com/listing/4557358356/pink-floral-wrap-skirt,
Festival White Holographic Lace Up Bandeau Top Ruffle Micro Skirt Set Rhinestone Rave Festival Exotic Dancewear,70.0,Skirts,['lace'],US,0,0,https://www.etsy.com/listing/4557348968/festival-white-holographic-lace-up,
Handmade Tiered Patchwork Smocked Waist Vintage Sari Skirt in Multicolor,53.98,Skirts,['silk'],IN,0,0,https://www.etsy.com/listing/4557325863/handmade-tiered-patchwork-smocked-waist,
"Disney Toy Story Costume Matching Family Outfit, Buzz Lightyear Button Shirt, Jessie Tennis Dress, Toy Story Cosplay, Disneyland Trip Outfit",17.13,Skirts,['Unknown'],GB,0,0,https://www.etsy.com/listing/4557320391/disney-toy-story-costume-matching-family,
Metallic Tissue Silk Flared Lehenga Choli Set with Embroidered Belt | Pastel Indian Wedding Party Wear Lehenga with Sequins Border Dupatta,92.99,Skirts,['silk'],IN,0,0,https://www.etsy.com/listing/4557328640/metallic-tissue-silk-flared-lehenga,
Pink Bandhani Printed Faux Georgette Navratri Lehenga Choli Set,53.01,Skirts,['Unknown'],IN,0,2,https://www.etsy.com/listing/4557302199/pink-bandhani-printed-faux-georgette,
Green Silk Maxi Skirt for Women | Silk Look Long Skirt | High Waist Elegant Skirt | Formal Evening Skirt | Wedding Guest Outfit Slip Skirt,180.99,Skirts,['silk'],PK,0,4,https://www.etsy.com/listing/4557307189/green-silk-maxi-skirt-for-women-silk,
"Leather Wrap Skirt, Brown Leather Maxi Skirt, Long Wrap Skirt, High Waisted Leather Skirt, Women&#39;s Midi Skirt, Belted Skirt",121.36843999999998,Skirts,['leather'],ES,0,0,https://www.etsy.com/listing/4557301953/leather-wrap-skirt-brown-leather-maxi,
"Girls Scottish Tartan Dress, Highland Plaid Party Dress, Tartan Wedding Dress, Christmas Dress, Highland Fashion Dress Available 60+ Tartans",40.0,Skirts,['wool'],PK,0,1,https://www.etsy.com/listing/4557318778/girls-scottish-tartan-dress-highland,
"Black Gujarati Chaniya Choli, Navratri Garba Lehenga, Embroidered Indian Skirt Set, Kutchi Ethnic Wear, Festival Wedding Outfit",95.60904,Skirts,['Unknown'],IN,0,0,https://www.etsy.com/listing/4557300001/black-gujarati-chaniya-choli-navratri,
"Lavender Purple Lehenga Set, Embellished Indian Wedding Dress, Bridesmaid Lehenga, Wedding Reception Outfit, Sangeet Party Wear",102.65,Skirts,['Unknown'],IN,0,0,https://www.etsy.com/listing/4557316164/lavender-purple-lehenga-set-embellished,
"Orange South Indian Half Saree Lehenga Choli, Stitched Viscose Georgette Outfit, Zari Border Dupatta, Indian Wedding Wear",88.0,Skirts,['viscose'],IN,0,1,https://www.etsy.com/listing/4557298235/orange-south-indian-half-saree-lehenga,
Reversible Two Layer Silk Wrap Skirt Hand Print Red Floarl Bridal Wear Skirt Women Summer Wear Skirt,55.26,Skirts,['silk'],IN,0,0,https://www.etsy.com/listing/4557296245/reversible-two-layer-silk-wrap-skirt,
Cow Print Fleece Mini Skirt | Y2K Western Belted Skirt | Faux Leather Buckle Mini Skirt | Festival Animal Print Streetwear Skirt,90.0,Skirts,['leather'],PK,0,1,https://www.etsy.com/listing/4557290801/cow-print-fleece-mini-skirt-y2k-western,
Royal Navy Blue Designer Lehenga with Floral Embroidery and Golden Detailing,282.9076,Skirts,['Unknown'],IN,0,1,https://www.etsy.com/listing/4557302232/designer-lehenga,
"Floral Embroidered Pastel Lehenga Choli, Indian Bridal Wear, Sequined Wedding Ghagra Choli, Partywear Outfit",366.63,Skirts,['Unknown'],US,0,0,https://www.etsy.com/listing/4557301422/floral-embroidered-pastel-lehenga-choli,
Black Cotton Lehenga Choli : Gamthi Work Choli Designer Pattern With Petch Work In Sleeves For Navratri Wearing Outfit,139.63,Skirts,['cotton'],IN,0,4,https://www.etsy.com/listing/4557283115/black-cotton-lehenga-choli-gamthi-work,
Tie Dye Midi Length Flow Skirt | Women&#39;s Size Small | Rayon Spandex Blend,55.0,Skirts,['rayon'],US,0,0,https://www.etsy.com/listing/4557654988/tie-dye-midi-length-flow-skirt-womens,
Navratri Special Lehenga Choli with Vintage Dupatta | Pure Cotton | Heavy Ribbon & Lambi Lace Work,115.26952,Skirts,['cotton'],IN,0,0,https://www.etsy.com/listing/4557515194/navratri-special-lehenga-choli-with,
"Tiana Princess Blue Dress Wrap Skort Dress, Tiana Cosplay Dress Skirt, The Princess and The Frog Halloween Costume, Wdw Halloween Outfit",18.85864,Skirts,['Unknown'],CA,0,1,https://www.etsy.com/listing/4557442185/tiana-princess-blue-dress-wrap-skort,
"Handblock Printed Cotton Skirt, Full Flair Kali Pattern, Plus Size",11.75,Skirts,['cotton'],IN,0,0,https://www.etsy.com/listing/4557367603/handblock-printed-cotton-skirt-full,
Green Dola Silk Batik Print Lehenga Choli with Zari Border,84.65,Skirts,['silk'],IN,1,8,https://www.etsy.com/listing/4557337421/green-dola-silk-batik-print-lehenga,
White Sequin Triangle Bikini Top Ruffle Micro Skirt Set Rave Festival Exotic Dance Clubwear,70.0,Skirts,['Unknown'],US,0,0,https://www.etsy.com/listing/4557330669/white-sequin-triangle-bikini-top-ruffle,
yellow wrap skirt for women,53.93,Skirts,['silk'],IN,0,3,https://www.etsy.com/listing/4557325549/yellow-wrap-skirt-for-women,
"Disney Toy Story Jessie Tennis Dress, Toy Story Skirt, Jessie Costume, Disneyland Vacation Outfits, Disney Pixar Dress, Disney Cowgirl Dress",17.13,Skirts,['Unknown'],GB,0,0,https://www.etsy.com/listing/4557326316/disney-toy-story-jessie-tennis-dress-toy,
South Indian Poly Cotton Half Saree Set with Zari Woven Border & Gota Patti Dupatta,82.99,Skirts,['cotton'],IN,0,4,https://www.etsy.com/listing/4557320124/south-indian-poly-cotton-half-saree-set,
"Blue Embellished Lehenga Set, Indian Wedding Outfit, Party Wear Lehenga, Designer Bridal Lehenga, Bollywood Style, Festive Indian Dress",102.65,Skirts,['Unknown'],IN,0,0,https://www.etsy.com/listing/4557286741/blue-embellished-lehenga-set-indian,
"Navratri Special Indo Western For Women :  Kora Cotton with Gotta Patti, Gamthi Thread & Real Mirror wear Outfit",139.63,Skirts,['cotton'],IN,0,1,https://www.etsy.com/listing/4557299048/navratri-special-indo-western-for-women,
Handmade Vintage Silk Skirt Bohemian Saree Wrap Skirt Beachwear Adjustable Skirt Floral Print Skirt,55.26,Skirts,['silk'],IN,0,0,https://www.etsy.com/listing/4557299658/handmade-vintage-silk-skirt-bohemian,
"Elegant Silver Grey Designer Lehenga: Intricate Embroidery, Sequins, Festive Occasion Wear",178.1076,Skirts,['Unknown'],IN,0,2,https://www.etsy.com/listing/4557298398/elegant-silver-grey-designer-lehenga,
Ladies Knee Length Kilt Skirt Back Pleated Skirt 20&quot; Inch Length | Scottish Girls Women&#39;s Mini Skirts In 45+ Tartans,53.6,Skirts,['wool'],GB,180,15540,https://www.etsy.com/listing/1752747379/ladies-knee-length-kilt-skirt-back,
Red Dupioni Silk Sleeveless Top and A-Line Wrap Skirt Set,131.0,Skirts,['silk'],IN,0,1,https://www.etsy.com/listing/4557295344/elegant-sleeveless-red-dupioni-raw-silk,
Y2K Cow Print Sherpa Vest and Skirt Set | Plush Teddy Fleece Co-Ord,100.0,Skirts,['leather'],PK,0,0,https://www.etsy.com/listing/4557275485/y2k-cow-print-sherpa-vest-and-skirt-set,
"Beige Gold Anarkali Suit Set, Indian Ethnic Wear, Women’s Salwar Kameez, Festive Wedding Outfit, Traditional Indian Dress Embroidered Kurta",83.96576,Skirts,['Unknown'],IN,0,2,https://www.etsy.com/listing/4557271611/beige-gold-anarkali-suit-set-indian,
Tropical Floral Maxi Skirt With Pockets Plumeria Frangipani Print Skirt Hawaiian Floral A Line Skirt Boho Summer Midi Skirt Women Gift,29.0,Skirts,['Unknown'],AU,0,2,https://www.etsy.com/listing/4557284086/tropical-floral-maxi-skirt-with-pockets,
"Genuine Lambskin Leather Skirt, Red leather skirt, Custom Made Womens Outfit, women&#39;s skirt, skirt",162.65,Skirts,['leather'],IN,0,1,https://www.etsy.com/listing/4557284642/genuine-lambskin-leather-skirt-red,
"Embroidered Corset Top and Skirt Set, Boho Festival Two Piece Outfit",121.45272,Skirts,['Unknown'],IN,0,6,https://www.etsy.com/listing/4557260642/embroidered-corset-top-and-skirt-set,
"Sky Blue Sequins Net Lehenga Choli with Dupatta, Indian Ethnic Festive Wear",121.0,Skirts,['Unknown'],IN,0,0,https://www.etsy.com/listing/4557275656/sky-blue-net-lehenga-choli-with-dupatta,
"Vintage Inspired Floral Novelty Print Midi Skirt, 100% cotton, Cottagecore, Garden Art Print",42.598,Skirts,['cotton'],CA,0,0,https://www.etsy.com/listing/4557267638/vintage-inspired-floral-novelty-print,
Tie Dye Midi Length Flow Skirt | Women&#39;s Size Medium | Rayon Spandex Blend,55.0,Skirts,['rayon'],US,0,0,https://www.etsy.com/listing/4557635903/tie-dye-midi-length-flow-skirt-womens,
"Baymax Big Hero 6 Wrap Skort Dress, Baymax Cosplay Costume Dress Skirt, Baymax Halloween Costume, Wdw Halloween Party Outfit, Baymax Dress",18.85864,Skirts,['Unknown'],CA,1,0,https://www.etsy.com/listing/4557440365/baymax-big-hero-6-wrap-skort-dress,
Navratri Special Lehenga Choli with Vintage Dupatta | Pure Cotton | Hand Mirror & Thread Work | Beautiful Multicolor Kali,114.22152,Skirts,['cotton'],IN,0,0,https://www.etsy.com/listing/4557438186/navratri-special-lehenga-choli-with,
Rave Outfits White Iridescent Keyhole Bandeau Top Ruffle Micro Skirt Set Rave Festival Exotic Dancewear,70.0,Skirts,['Unknown'],US,0,0,https://www.etsy.com/listing/4557348230/rave-outfits-white-iridescent-keyhole,
Floral print silk skirt,53.93,Skirts,['silk'],IN,0,3,https://www.etsy.com/listing/4557320535/floral-print-silk-skirt,
"Toy Story Bo Beep Tennis Dress, Bo Beep Pixar Cosplay Dress, Bo Beep Costume Outfit, Halloween Party Trip Dress, Disneyland Halloween Outfit",17.13,Skirts,['Unknown'],GB,1,1,https://www.etsy.com/listing/4557323628/toy-story-bo-beep-tennis-dress-bo-beep,
Tussar Silk Kalamkari Printed Lehenga Choli Set with Foil Border & Gotta Patti Dupatta,96.99,Skirts,['silk'],IN,0,0,https://www.etsy.com/listing/4557311976/tussar-silk-kalamkari-printed-lehenga,
Cotton Fabric Unique Style Navratri Outfit : Off-white Ready To Wear Indo Western For Women,139.63,Skirts,['cotton'],IN,0,0,https://www.etsy.com/listing/4557281023/cotton-fabric-unique-style-navratri,
Vintage Silk Wrap Skirt Recycled Sari Boho Maxi Beach Wear Skirt Soft & Comfortable Skirt Gift For Her,55.26,Skirts,['silk'],IN,0,0,https://www.etsy.com/listing/4557262589/vintage-silk-wrap-skirt-recycled-sari,
"Yellow Sequins Embroidered Lehenga Choli with Net Dupatta, Indian Wedding Outfit",121.0,Skirts,['Unknown'],IN,0,0,https://www.etsy.com/listing/4557256151/yellow-sequins-embroidered-designer,
Summer Citrus Leopard Print T-Shirt • Orange Slice Graphic Tee,1.45,Skirts,['Unknown'],PK,0,0,https://www.etsy.com/listing/4557262574/trendy-summer-citrus-shirt-unisex,
"Vintage Korean Heart Print Pleated Skirt, Romantic Kawaii Layered Midi Skirt",27.436,Skirts,['Unknown'],CA,0,0,https://www.etsy.com/listing/4557260530/vintage-korean-heart-print-pleated-skirt,
"Red Embroidered Lehenga Choli Set, Festive Wedding Wear, Reyon Silk Ethnic Outfit",92.33928,Skirts,['silk'],IN,0,0,https://www.etsy.com/listing/4557252554/red-embroidered-lehenga-choli-set,
"White Embroidered Lehenga Choli Set for Women, Gujarati Navratri Lehenga Traditional Indian Wedding Dress Mirror Work Lehenga Festive Outfit",120.52,Skirts,['Unknown'],IN,0,1,https://www.etsy.com/listing/4557233701/white-embroidered-lehenga-choli-set-for,
Vintage Cutwork Lace Embroidered Skirt,130.0,Skirts,['cotton'],FR,1,0,https://www.etsy.com/listing/4557231723/vintage-cutwork-lace-embroidered-skirt,
"Purple Printed Lehenga Choli Set, Designer Flared Skirt, Long Jacket Ethnic Wear",113.99,Skirts,['Unknown'],IN,0,0,https://www.etsy.com/listing/4557245306/purple-printed-lehenga-choli-set-for,
Linen Tulip Skirt.Handmade in Lithuania,751.4,Skirts,['linen'],LT,0,7,https://www.etsy.com/listing/4557221785/linen-skirt,
"DN Zombies Seabrook Cheerleader Wrap Skort Dress, Seabrook Cheerleader Uniform Cosplay Dress, Wdw Halloween Party Outfit, DN Trip Dress",35.73178,Skirts,['Unknown'],CA,1,0,https://www.etsy.com/listing/4557221849/dn-zombies-seabrook-cheerleader-wrap,
"Indian Cotton Block Print Assorted Patchwork Skirt, Patchwork Skirt,  Cotton Floral Skirt, Bohemian Summer Maxi Skirt, Fashion Skirt",87.0,Skirts,['cotton'],IN,0,0,https://www.etsy.com/listing/4557221931/indian-cotton-block-print-assorted,
"DN Zombies Seabrook Cheerleader Wrap Skort Dress, Seabrook Cheerleader Uniform Cosplay Dress, Wdw Halloween Party Outfit, DN Trip Dress",32.49,Skirts,['Unknown'],US,0,3,https://www.etsy.com/listing/4557229348/dn-zombies-seabrook-cheerleader-wrap,
Tie Dye Midi Length Flow Skirt | Women&#39;s Size Small | Rayon Spandex Blend,55.0,Skirts,['rayon'],US,0,0,https://www.etsy.com/listing/4557634571/tie-dye-midi-length-flow-skirt-womens,
Navratri Special Gamathi Work Lehenga Choli | Pure Cotton | Heavy Gamathi Work with Mirror & Sikka Lace,111.07751999999999,Skirts,['cotton'],IN,0,0,https://www.etsy.com/listing/4557416537/navratri-special-gamathi-work-lehenga,
"Spidey Costume Matching Family Outfit, Ghost Spider Tennis Dress, Spider-Man Black Symbiote Venom Button Shirt, Superhero Cosplay Outfits",17.13,Skirts,['Unknown'],GB,0,0,https://www.etsy.com/listing/4557321164/spidey-costume-matching-family-outfit,
Royal Purple Long Choli With Lehenga : Multi Mirror Lace Border Lahenga With Choli Border For Women,139.63,Skirts,['lace'],IN,0,0,https://www.etsy.com/listing/4557296506/royal-purple-long-choli-with-lehenga,
"Traditional Cotton Silk Half Saree Lehenga Choli with Zari Weaving, South Indian Pattu Pavadai Dhavani Set with Embroidered Scallop Dupatta",79.99,Skirts,['cotton'],IN,0,0,https://www.etsy.com/listing/4557289784/traditional-cotton-silk-half-saree,
Green Floral Silk Saree Wrap Skirt Vintage Silk Party Wear Women Skirt Reversible Long Skirt Gift,55.26,Skirts,['silk'],IN,0,0,https://www.etsy.com/listing/4557252978/green-floral-silk-saree-wrap-skirt,
"Red Embroidered Lehenga Choli Set, Indian Bridal Wedding Festive Ethnic Dress",86.46,Skirts,['Unknown'],IN,0,1,https://www.etsy.com/listing/4557249506/red-embroidered-lehenga-choli-set-for,
"Mickey&#39;s Not So Scary Cast Member Wrap Skort Dress, Halloween Cast Member Dress, Halloween Cosplay Dress Skirt, Wdw Halloween Party Outfit",35.73178,Skirts,['Unknown'],CA,0,0,https://www.etsy.com/listing/4557238466/mickeys-not-so-scary-cast-member-wrap,
"Blue Pink Printed Cotton Lehenga Choli Set, Festive Indian Ethnic Wear",95.99,Skirts,['cotton'],IN,0,0,https://www.etsy.com/listing/4557238134/blue-pink-printed-lehenga-choli-set-for,
"Mickey&#39;s Not So Scary Cast Member Wrap Skort Dress, Halloween Cast Member Dress, Halloween Cosplay Dress Skirt, Wdw Halloween Party Outfit",32.49,Skirts,['Unknown'],US,0,0,https://www.etsy.com/listing/4557228236/mickeys-not-so-scary-cast-member-wrap,
"Retro Sunset Palm Tree Beach Shirt, Coastal Summer Vacation Tee, SunSaltSand",1.45,Skirts,['Unknown'],PK,0,2,https://www.etsy.com/listing/4557223484/summer-t-shirt-design-for-all-gender,
Black Velvet Lehenga Choli Set Sequence Work Indian Traditional  Wear Outfit Reception Party Wear,122.85,Skirts,['velvet'],IN,0,2,https://www.etsy.com/listing/4557222934/black-velvet-lehenga-choli-set-sequence,
"Brown 100% Linen Midi Skirt, High Waist A Line Ruffle Skirt, Tiered Flared Hem Skirt, French Minimalist Cottagecore Summer Skirt",194.88400000000001,Skirts,['linen'],PH,0,0,https://www.etsy.com/listing/4557199771/brown-100-linen-midi-skirt-high-waist-a,
"Red Embroidered Lehenga Choli for Women, Indian Wedding Lehenga Traditional Designer Lehenga, Festive Ethnic Dress, Bridal Party Wear Outfit",115.26952,Skirts,['Unknown'],IN,0,0,https://www.etsy.com/listing/4557192269/red-embroidered-lehenga-choli-for-women,
"Pink Plaid Multi-Layer Ruffle Mini Skirt With Plush Cartoon Cat Decor, Eyelet Lace Frill High Elastic Kawaii Sweet Tiered Cake Short Skirt",55.0,Skirts,['lace'],US,0,0,https://www.etsy.com/listing/4557204990/pink-plaid-multi-layer-ruffle-mini-skirt,
Orange Pure Silk Sequence Outfit : Heavy Look Embroidered Lehenga Choli For Indian Wedding,146.76,Skirts,['silk'],IN,0,0,https://www.etsy.com/listing/4557201314/orange-pure-silk-sequence-outfit-heavy,
Red plaid Asymmetrical High Waist Layered Statement Skirt | Handmade Women’s skirt | One-size Statement skirt | Fits size 8-16,40.0,Skirts,['Unknown'],US,0,0,https://www.etsy.com/listing/4557189856/red-plaid-asymmetrical-high-waist,
"Hand Block Printed Cotton Chaniya Choli Set, Traditional Ethnic 3 Pc Festival Wear",90.0,Skirts,['cotton'],IN,0,1,https://www.etsy.com/listing/4557196352/hand-block-printed-cotton-chaniya-choli,
"Long Maxi wool skirt, Vintage 1950s Elastic waist Wool skirt, winter skirt for women, A line wool skirt with pockets, High waist skirt 2437",99.0,Skirts,['wool'],CN,5518,106572,https://www.etsy.com/listing/253804244/long-maxi-wool-skirt-vintage-1950s,
Navratri Special Gamathi Work Lehenga Choli | Pure Cotton | Heavy Gamathi Work with Mirror & Sikka Lace,111.07751999999999,Skirts,['cotton'],IN,0,0,https://www.etsy.com/listing/4557413095/navratri-special-gamathi-work-lehenga,
"Spidey Costume Matching Family Outfit, Ghost Spider Tennis Dress, Spiderman Button Shirt, Superhero Cosplay Outfit, Disney Halloween Outfits",17.13,Skirts,['Unknown'],GB,0,0,https://www.etsy.com/listing/4557308708/spidey-costume-matching-family-outfit,
Olive Gold Silk Lehenga Choli Set | Embroidered Flared Indian Lehenga with Sequins Border Dupatta | Bridesmaid & Sangeet Party Wear,89.99,Skirts,['silk'],IN,0,0,https://www.etsy.com/listing/4557270885/olive-gold-silk-lehenga-choli-set,
"Maroon Reyon Lehenga Choli Set, Digital Print Mirror Work, White Dupatta (Festive Bridal)",90.39,Skirts,['Unknown'],IN,0,0,https://www.etsy.com/listing/4557247526/maroon-reyon-lehenga-choli-set-digital,
"Marry Poppins Halloween Wrap Skort Dress, Marry Poppins Cosplay Dress Skirt, Wdw Halloween Party Outfit, DN Trip Dress Skirt",35.73178,Skirts,['Unknown'],CA,0,0,https://www.etsy.com/listing/4557220913/marry-poppins-halloween-wrap-skort-dress,
"Jag Mouse Cosplay Wrap Skort Dress, Cinderella Costume Dress, Jag Cosplay Dress Skirt, Jag And Gus Halloween Dress, Wdw Halloween Outfits",32.49,Skirts,['Unknown'],US,0,0,https://www.etsy.com/listing/4557226844/jag-mouse-cosplay-wrap-skort-dress,
"Bottle Green Cotton Lehenga Set, Mirror Work, Kalamkari Dupatta, Festive Wear",95.99,Skirts,['cotton'],IN,0,0,https://www.etsy.com/listing/4557207897/bottle-green-cotton-lehenga-set-with,
White Evil Eye Printed Lehenga Choli with Dupatta | Designer Ethnic Party Wear Chaniya Choli | Indian Wedding Wear Lehenga Skirt Set,110.03999999999999,Skirts,['Unknown'],IN,0,0,https://www.etsy.com/listing/4557206132/white-evil-eye-printed-lehenga-choli,
Dark Purple Vichitra Silk Lehenga Set : 7mm Sequence Embroidery Work Dabble layer Skirt With Choli For Women,146.76,Skirts,['silk'],IN,0,0,https://www.etsy.com/listing/4557183933/dark-purple-vichitra-silk-lehenga-set,
"Hand Block Printed Cotton Chaniya Choli Set, Traditional Ethnic 3 Pc Festival Outfit",90.0,Skirts,['cotton'],IN,0,0,https://www.etsy.com/listing/4557178691/hand-block-printed-cotton-chaniya-choli,
"Handmade Pink Polka Dot Tiered Ruffle Mini Skirt With Black Lace Trim & Side Lace-Up Bow Details, Elastic Waist High Elastic Kawaii",45.0,Skirts,['lace'],US,0,0,https://www.etsy.com/listing/4557189630/handmade-pink-polka-dot-tiered-ruffle,
Half saree lehenga langa voni pattu pavadai daavani,102.69351999999999,Skirts,['silk'],US,0,3,https://www.etsy.com/listing/4557173017/half-saree-lehenga-langa-voni-pattu,
"Pleated Maxi Skirt for Women, High Waist A Line Long Skirt, Flowy Swing Skirt, Vintage Boho Skirt, Casual Summer Skirt",97.993,Skirts,['Unknown'],AU,0,0,https://www.etsy.com/listing/4557168897/pleated-maxi-skirt-for-women-high-waist,
"Semi Sheer Ballet Wrap Skirt, Short & Long Length, Many Colors",45.0,Skirts,['Unknown'],US,0,0,https://www.etsy.com/listing/4557180884/medium-sheer-ballet-wrap-skirt-short,
Embroidered-Style Floral Women&#39;s Mid-Waist Pencil Skirt (AOP),44.99,Skirts,['Unknown'],JP,0,1,https://www.etsy.com/listing/4557174304/embroidered-style-floral-womens-mid,
Vintage Sheer Lace Midi Skirt M Cottage Boho Prairie Edwardian Layering Upcycle,40.0,Skirts,['lace'],US,0,0,https://www.etsy.com/listing/4557156333/vintage-sheer-lace-midi-skirt-m-cottage,
"Adult Tutu Skirt, Mini Tulle Skirt for Women, Ballet Dance Tutu, Rave Festival Costume, Fluffy Party Performance Skirt",42.86,Skirts,['Unknown'],UA,0,49,https://www.etsy.com/listing/4551947494/adult-tutu-skirt-mini-tulle-skirt-for,
"Oogie Boogie Wrap Skort Dress, Oogie Boogie Halloween Costume Cosplay Outfit, Mickey Not So Scary Skirt, Oogie Boogie Bash Dress Skirt",18.85864,Skirts,['Unknown'],CA,86,1264,https://www.etsy.com/listing/4541343374/oogie-boogie-wrap-skort-dress-oogie,
"Block Print Skirt, Indian Cotton Handmade Long Maxi",60.0,Skirts,['cotton'],IN,32,713,https://www.etsy.com/listing/4490018587/block-print-maxi-skirt-hand-block-skirt,
"Dark Green Net Lehenga, Ready-to-Wear Bridesmaids Outfit with Sequins and Dori Work",133.69335999999998,Skirts,['Unknown'],IN,145,4934,https://www.etsy.com/listing/4504842553/dark-green-net-lehenga-ready-to-wear,
Plus Size Lehenga Outfit: Custom Stitched Ethnic Wear,15.0,Skirts,['Unknown'],IN,10,1225,https://www.etsy.com/listing/4346793430/plus-size-lehenga-outfit-custom-stitched,
"Add-ons: Length, Size, Design, Repair, or Shipping",10.0,Skirts,['merino wool'],US,46,6059,https://www.etsy.com/listing/491124758/add-ons-length-size-design-repair-or,
"Indian Cotton Long Skirt, Boho Mandala Skirt for Women, Ethnic Festival Skirts,",49.99,Skirts,['cotton'],IN,52,2427,https://www.etsy.com/listing/4523040698/indian-cotton-long-skirt-boho-mandala,
Navratri Special Gamathi Work Lehenga Choli | Pure Cotton | Heavy Gamathi Work | Mirror & Sikka Lace Koti,105.83752,Skirts,['cotton'],IN,0,0,https://www.etsy.com/listing/4557346754/navratri-special-gamathi-work-lehenga,
"Traditional Cotton Silk Half Saree Lehenga Choli with Zari Weaving, South Indian Pattu Pavadai Dhavani Set with Embroidered Scallop Dupatta",79.99,Skirts,['cotton'],IN,0,0,https://www.etsy.com/listing/4557220289/traditional-cotton-silk-half-saree,
"Jag Mouse Cosplay Wrap Skort Dress, Cinderella Costume Dress, Jag Cosplay Dress Skirt, Jag And Gus Halloween Dress, Wdw Halloween Outfits",35.73178,Skirts,['Unknown'],CA,0,0,https://www.etsy.com/listing/4557219253/jag-mouse-cosplay-wrap-skort-dress,
"Green Lehenga Choli Set, Indian Wedding Outfit, Gamthi Work Mirror Detail, Festive Wear",99.56,Skirts,['Unknown'],IN,0,0,https://www.etsy.com/listing/4557217229/green-lehenga-choli-set-indian-wedding,
"Marry Poppins Halloween Wrap Skort Dress, Marry Poppins Cosplay Dress Skirt, Wdw Halloween Party Outfit, DN Trip Dress Skirt",32.49,Skirts,['Unknown'],US,0,2,https://www.etsy.com/listing/4557227454/marry-poppins-halloween-wrap-skort-dress,
"Halloween Jack Skelington Tennis Dress Skirt, Disney Halloween Tennis Dress, Nightmare Before Christmas Dress, Disneyland Halloween Outfits",17.13,Skirts,['Unknown'],GB,0,2,https://www.etsy.com/listing/4557199402/halloween-jack-skelington-tennis-dress,
Brown Lehenga Choli For Women : Indian Festival Wearing Lampi Lace Full Flair Ghaghra Choli,146.8,Skirts,['cotton'],IN,0,0,https://www.etsy.com/listing/4557177413/brown-lehenga-choli-for-women-indian,
"Halloween Princess Tennis Dress Skirt, Princess Fairy Tale Cosplay Outfit, Women&#39;s Halloween Costume Skort, Group Party Dress Gift for her",18.0,Skirts,['Unknown'],AU,47,912,https://www.etsy.com/listing/4546110427/halloween-princess-tennis-dress-skirt,
Womens Disney Bo Peep Skirt Toy Story Pixar costume cosplay run Disney outfit running dress,42.0,Skirts,['Unknown'],US,134,3902,https://www.etsy.com/listing/1729947079/womens-disney-bo-peep-skirt-toy-story,
"Plaid Wool skirt, Wool maxi skirt, Retro skirt women, Tartan wool Skirt, Swing A Line Skirt, Full Fall Winter wool Skirt, Xiaolizi 5451",99.0,Skirts,['wool'],CN,1757,56219,https://www.etsy.com/listing/1817277795/plaid-wool-skirt-wool-maxi-skirt-retro,
"Women&#39;s genuine lambskin leather short skirt , Measure to made",88.0,Skirts,['leather'],IN,233,11574,https://www.etsy.com/listing/1648279666/womens-genuine-lambskin-leather-short,
Black Lace Cami Top & Green Leopard Tiered Ruffle Mini Skirt Set with Built-in Shorts Gothic Y2K Punk Outfit,26.56,Skirts,['lace'],US,541,3667,https://www.etsy.com/listing/4529711943/black-lace-cami-top-green-leopard-tiered,
"Sage Green Embroidered Lehenga Choli Set, Indian Wedding Bridesmaid Festive Wear",141.65816,Skirts,['Unknown'],IN,146,5507,https://www.etsy.com/listing/4534643421/sage-green-embroidered-lehenga-choli-set,
"Gazelle Zootopia Wrap Skort Dress, Zootopia 2 Gazelle Cosplay Costume Dress, Gazelle Dress Skirt, DN Trip Dress, Wdw Halloween Outfits",18.85864,Skirts,['Unknown'],CA,3,199,https://www.etsy.com/listing/4553788158/gazelle-zootopia-wrap-skort-dress,
Tango skirt ruching style,57.8,Skirts,['Unknown'],GR,659,55913,https://www.etsy.com/listing/1100876849/tango-skirt-ruching-style,
Reversible Sari Silk Wrap Skirt: Bohemian Double Layer Long Skirt,5.87,Skirts,['silk'],IN,15,1296,https://www.etsy.com/listing/4349191809/reversible-sari-silk-wrap-skirt-bohemian,
Handmade Cotton Maxi Skirt:  Print Tiered Skirt,30.0,Skirts,['cotton'],IN,636,16733,https://www.etsy.com/listing/4457650027/handmade-cotton-maxi-skirt-strawberry,
Indian Silk Sari Long Wrap Skirts Boho Vintage Magic Maxi Wrap Skirt Darn Good Yarn Skirt,10.0,Skirts,['silk'],IN,534,30223,https://www.etsy.com/listing/1768959015/indian-silk-sari-long-wrap-skirts-boho,
Navratri Special Gamathi Work Lehenga Choli | Pure Cotton | Heavy Gamathi Work | Mirror & Sikka Lace Koti,105.83752,Skirts,['cotton'],IN,0,0,https://www.etsy.com/listing/4557325851/navratri-special-gamathi-work-lehenga,
"Gus Gus Costume Wrap Skort Dress, Cinderella Animal Kingdom Dress, Gus Gus Cosplay Dress Skirt, Wdw Halloween Party Outfits, Gus Gus Dress",35.73178,Skirts,['Unknown'],CA,0,1,https://www.etsy.com/listing/4557218651/gus-gus-costume-wrap-skort-dress,
"Black Cotton Lehenga Choli Set, Mirror Work, Kutchi Lace, Tassel Detailing",102.82976,Skirts,['cotton'],IN,0,0,https://www.etsy.com/listing/4557215557/black-cotton-lehenga-choli-set-mirror,
Traditional Charm & Festive Vibes in Classic Dhavani,80.99,Skirts,['silk'],IN,0,8,https://www.etsy.com/listing/4557229522/traditional-charm-festive-vibes-in,
"Gus Gus Costume Wrap Skort Dress, Cinderella Animal Kingdom Dress, Gus Gus Cosplay Dress Skirt, Wdw Halloween Party Outfits, Gus Gus Dress",32.49,Skirts,['Unknown'],US,0,1,https://www.etsy.com/listing/4557226200/gus-gus-costume-wrap-skort-dress,
"Halloween Jack Skelington Tennis Dress Skirt, Disney Halloween Tennis Dress, Disneyland Halloween Outfits, Nightmare Before Christmas Dress",17.13,Skirts,['Unknown'],GB,0,0,https://www.etsy.com/listing/4557182585/halloween-jack-skelington-tennis-dress,
Kutchi White Corset With Royal Purple Lehenga : Multi Thread With Mirror Work Choli Outfit For Navratri,146.8,Skirts,['cotton'],IN,0,0,https://www.etsy.com/listing/4557175907/kutchi-white-corset-with-royal-purple,
"Punk retro pleated short skirt, cake mini skirt, handmade short skirt remake skirt, gothic bow 00s subculture short skirt for women/girl",45.0,Skirts,['cotton'],US,343,2065,https://www.etsy.com/listing/4338530138/punk-retro-pleated-short-skirt-cake-mini,
Floral Hula Pa&#39;u Skirt with Hawaii Exclusive Print | Hawaiian Hula Skirt Handmade in Hawaii by Ky&#39;s | Ideal for Hula Dance & Hawaiian Gift,79.99,Skirts,['cotton'],US,9,1112,https://www.etsy.com/listing/1766249296/floral-hula-pau-skirt-with-hawaii,
Bohemian Linen Midi Skirt For Women Minimalist A Line Skirt Summer Fall Beach Outfit Casual Flowy Vacation Wear,96.28,Skirts,['linen'],PH,364,7225,https://www.etsy.com/listing/4501371000/bohemian-linen-midi-skirt-for-women,
Wholesale Lot of  Silk Sari Wrap skirts for Summer Wear Vintage Handmade Reversible Long Silk Skirts Double layer wrap skirts with Tie,10.59,Skirts,['silk'],IN,631,37280,https://www.etsy.com/listing/1041732137/wholesale-lot-of-silk-sari-wrap-skirts,
Vintage Black Leather Maxi Skirt | High-Waisted Long Leather Skirt | Edgy Chic Retro Style,188.0,Skirts,['leather'],PK,143,4236,https://www.etsy.com/listing/4374075727/vintage-black-leather-maxi-skirt-high,
"Long wool skirt, Dark grey skirt, gray wool skirt, warm winter skirt, woman skirts, handmade skirt, long wool skirt, gray skirt  1625#",89.0,Skirts,['wool'],CN,3764,67575,https://www.etsy.com/listing/478974467/long-wool-skirt-dark-grey-skirt-gray,
Sage floor length tulle skirt for women - choose your color in listing,104.03999999999999,Skirts,['Unknown'],LV,765,37714,https://www.etsy.com/listing/1255195788/sage-floor-length-tulle-skirt-for-women,
Minimalist Linen Blend Midi Skirt White A Line Skirt Summer Capsule Wardrobe Skirt Elegant Pocket Skirt,103.75,Skirts,['linen'],PH,137,1982,https://www.etsy.com/listing/4526643534/minimalist-linen-blend-midi-skirt-white,
Linen Maxi Skirt for Women High Waist Flowy A-Line Skirt with Belt Loop Side Zipper Custom Handmade Long Boho Skirt Linen Skirt with Pockets,94.84,Skirts,['linen'],US,986,12305,https://www.etsy.com/listing/4336243107/linen-maxi-skirt-for-women-high-waist,
"Sky Blue Lehenga Choli: Mirror Work, Sequins Embroidery",117.78,Skirts,['Unknown'],FI,99,4855,https://www.etsy.com/listing/4518932116/sky-blue-lehenga-choli-mirror-work,
Gypsy wrap skirt for women boho layered khadi cotton net fabric skirt flared bohemian dress,74.75,Skirts,['cotton'],IN,2480,20215,https://www.etsy.com/listing/4422186205/gypsy-wrap-skirt-for-women-boho-layered,
Senior 2027 Corset/Jean Combo,60.0,Skirts,['Unknown'],US,26,2987,https://www.etsy.com/listing/4536137628/senior-2027-corsetjean-combo,
Bowtie Scottish Men&#39;s Handmade Tartan Bow Tie Available in 45+ Tartans,13.386600000000001,Skirts,['wool'],GB,27,3612,https://www.etsy.com/listing/1870290945/bowtie-scottish-mens-handmade-tartan-bow,
Navratri Special Lehenga Choli with Vintage Dupatta | Fox Georgette | Heavy Embroidery & Mirror Lace Work,119.46152,Skirts,['silk'],IN,0,0,https://www.etsy.com/listing/4557339626/navratri-special-lehenga-choli-with,
"Tick-Tock the Crocodile Wrap Skort Dress, Tick Tock Cosplay Dress Skirt, Peter Pan Crocodile Dress, Wdw Halloween Party Outfits, Peter Pan",35.73178,Skirts,['Unknown'],CA,0,0,https://www.etsy.com/listing/4557234644/tick-tock-the-crocodile-wrap-skort-dress,
"Multicolor Georgette Lehenga Choli Set, Mirror Work Crop Top, Gota Patti Border",95.63,Skirts,['Unknown'],IN,0,1,https://www.etsy.com/listing/4557230430/multicolor-georgette-lehenga-choli-set,
"Tick-Tock the Crocodile Wrap Skort Dress, Tick Tock Cosplay Dress Skirt, Peter Pan Crocodile Dress, Wdw Halloween Party Outfits, Peter Pan",32.49,Skirts,['Unknown'],US,0,0,https://www.etsy.com/listing/4557208567/tick-tock-the-crocodile-wrap-skort-dress,
"Tussar Silk Kalamkari Lehenga Choli, Traditional Indian Half Saree Set, Chinon Dupatta Bridal Lehenga, South Indian Chaniya Choli Outfit",98.99,Skirts,['silk'],IN,0,3,https://www.etsy.com/listing/4557205875/tussar-silk-kalamkari-lehenga-choli,
"Disney Ursula Costume Tennis Dress Skirt, Disney Villain Cosplay Dress, Little Mermaid Inspired Tennis Dress, Disneyland Halloween Outfits",17.13,Skirts,['Unknown'],GB,1,2,https://www.etsy.com/listing/4557176851/disney-ursula-costume-tennis-dress-skirt,
Maroon Gujrati Garba&#39;s Lehenga Choli : Lampi Lace Flair Simple And Elegant Skirt With Corset For Women,146.8,Skirts,['cotton'],IN,0,0,https://www.etsy.com/listing/4557190988/maroon-gujrati-garbas-lehenga-choli,
"Long Linen Skirt, Linen Maxi Skirt for Women, A Line Long Skirt, High Waist Flared Skirt, Minimalist Skirt, Spring Summer Swing Skirt 2767#",79.0,Skirts,['linen'],CN,3181,59335,https://www.etsy.com/listing/1060029903/long-linen-skirt-linen-maxi-skirt-for,
White Pencil Midi Skirt For Women Slim Fit Office Skirt Elegant Business Casual Style Summer Fall Everyday Fashion Skirt,101.26,Skirts,['Unknown'],PH,11,607,https://www.etsy.com/listing/4520664413/white-pencil-midi-skirt-for-women-slim,
"Women White A-Line Midi Skirt: High Waist, Pleated, Belted, Pockets – Elegant Office Wear",102.92,Skirts,['Unknown'],PH,51,1152,https://www.etsy.com/listing/4492111806/women-white-a-line-midi-skirt-high-waist,
"Anna Princess Costume Wrap Skort Dress, Frozen Anna Dress Skirt, Princess Cosplay Outfit, WDW Halloween Party Outfits, Halloween Dress Gifts",18.85864,Skirts,['Unknown'],CA,41,664,https://www.etsy.com/listing/4546741559/anna-princess-costume-wrap-skort-dress,
"Halloween Character Costume Tennis Dress Skirt, Moanaa Cosplay Outfit, Sea MauiiTeFiti PuaaKakamora costume, Girls Trip Halloween Party Gift",19.99,Skirts,['Unknown'],AU,33,759,https://www.etsy.com/listing/4546128762/halloween-character-costume-tennis-dress,
"Soft Net Lehenga: 4 Meter Flare, Coding Sequins Embroidery, Semi-Stitched.",52.138,Skirts,['Unknown'],IN,35,1174,https://www.etsy.com/listing/4531325792/soft-net-lehenga-4-meter-flare-coding,
Dark Green Embroidered Lehenga Choli with Dupatta: Indian Wedding Outfit,99.56,Skirts,['Unknown'],IN,125,4129,https://www.etsy.com/listing/4377691720/dark-green-embroidered-lehenga-choli,
Jupe Wax Mi-Longue Évasée – Taille Haute avec Poches | Style Africain Chic & Élégant |,75.14,Skirts,['Unknown'],FR,89,3663,https://www.etsy.com/listing/4506702526/jupe-wax-mi-longue-evasee-taille-haute,
Boho Crochet Tiered Skirt Pattern,3.99,Skirts,['lace'],PK,3,57,https://www.etsy.com/listing/4549494406/boho-crochet-tiered-skirt-pattern,
Rosy Purple Lehenga Choli: Georgette Thread & Sequin Embroidery lehengas,108.0,Skirts,['Unknown'],IN,226,7798,https://www.etsy.com/listing/4324174334/rosy-purple-lehenga-choli-georgette,
"Black Skater skirt, Circle skirt Soft flowing Spandex fabric comes in 10&quot;,12&quot;, 13&quot; ,15&quot;,17&quot;, and 19&quot; lengths Clubwear, Rave Wear",30.0,Skirts,['spandex'],US,2501,35225,https://www.etsy.com/listing/834171661/black-skater-skirt-circle-skirt-soft,
"Bo Peep Toy Story Wrap Skort Dress, Bo Peep Costume Dress Skirt, Toy Story Halloween Costume Cosplay, Bo Peep Skort, Magic Kingdom Outfits",13.467000000000002,Skirts,['Unknown'],GB,24,347,https://www.etsy.com/listing/4545353802/bo-peep-toy-story-wrap-skort-dress-bo,
"Edwardian style (1900s) Fluted ladies  skirt, full length, sizes 4-30",81.74000000000001,Skirts,['cotton'],GB,1844,52380,https://www.etsy.com/listing/621851797/edwardian-style-1900s-fluted-ladies,
"Anna Princess Tennis Skirt Dress, Princess Anna Inspired Theme Dress, Disney Outfit, Fall Festival Dress, Cute Bow Dress, Frozen Dress",17.13,Skirts,['Unknown'],GB,22,240,https://www.etsy.com/listing/4549569095/anna-princess-tennis-skirt-dress,
"White Silk Satin Maxi Skirt for Women: Special Occasions, wedding photoshoot, elopement",89.99,Skirts,['silk'],UA,218,5654,https://www.etsy.com/listing/1659653275/white-silk-satin-maxi-skirt-for-women,
Skirt with tail,54.331999999999994,Skirts,['satin'],GR,913,41093,https://www.etsy.com/listing/1039781433/skirt-with-tail,
"Victorian Fantasy Costume Dress, Renaissance Faire Gown, Vintage High Waist Long Skirt Dress, Medieval Ren Faire Outfit, Retro Fantasy Dress",151.64,Skirts,['polyester'],US,341,17425,https://www.etsy.com/listing/4383248871/victorian-fantasy-costume-dress,
Navratri Special Lehenga Choli with Vintage Dupatta | Pure Cotton | Heavy Gamathi & Mirror Lace Work,120.50952,Skirts,['cotton'],IN,0,0,https://www.etsy.com/listing/4557336970/navratri-special-lehenga-choli-with,
"Cotton Zari Weaving Lehenga Choli Set, Multicolor Festive Ethnic Wear",99.56,Skirts,['cotton'],IN,0,0,https://www.etsy.com/listing/4557209677/cotton-zari-weaving-lehenga-choli-set,
"Disney Minnie Mouse and Daisy Duck Coquette Tennis Dress Skirt, Disney Best Friends Tennis Skirt, Disneyland Trip Outfit, Minnie Daisy Dress",17.13,Skirts,['Unknown'],GB,3,116,https://www.etsy.com/listing/4515044165/disney-minnie-mouse-and-daisy-duck,
Vintage Inspired White Linen Blend Princess Skirt Summer Midi Skirt Bohemian A Line Skirt With Pockets Romantic Cottagecore Skirt,98.77,Skirts,['linen'],PH,49,735,https://www.etsy.com/listing/4523920875/vintage-inspired-white-linen-blend,
"Long Wool Wrap Skirt, Maxi Skirt with Pockets, Floor Length Wool Skirt, Wrap Around Skirt, Long Winter Skirt, Soft Plus Size Skirt",149.124,Skirts,['wool'],BG,699,15246,https://www.etsy.com/listing/1808859648/long-wool-wrap-skirt-maxi-skirt-with,
"1950s Red Linen Full Circle Skirt, High Waisted Skater Skirt, A Line Midi skirt with Pockets, Flared Swing Skirt, Women&#39;s Pleated Skirt 1689",79.0,Skirts,['linen'],CN,4245,63043,https://www.etsy.com/listing/501856916/1950s-red-linen-full-circle-skirt-high,
Clean White Maxi A Line Skirt For Women Elegant High Waist Long Skirt Minimal Modern Spring Fall Fashion Piece,102.92,Skirts,['Unknown'],PH,50,1122,https://www.etsy.com/listing/4497104603/clean-white-maxi-a-line-skirt-for-women,
Maxi Skirt Moana / Boho Cotton Skirt / Light and Flowy,62.9,Skirts,['organic cotton'],TH,1016,14285,https://www.etsy.com/listing/1668538053/maxi-skirt-moana-boho-cotton-skirt-light,
H16 Jellyfish party costume/ Ocean party tutu/ Sea creature costume/ Jellyfish Halloween tutu/ LED tutu/ Jellyfish skirt/ Jellyfish tutu,160.0,Skirts,['Unknown'],US,21,524,https://www.etsy.com/listing/4498705318/h16-jellyfish-party-costume-ocean-party,
A style tango skirt,57.8,Skirts,['Unknown'],GR,230,14034,https://www.etsy.com/listing/1280758303/a-style-tango-skirt,
"Flowy &#39;&#39;Cala&#39;&#39; tango skirt, Wrap skirt, Argentine tango skirt, Milonga skirt,  dance skirt, salsa skirt,  Tango wrap skirt, Tango skirt",68.204,Skirts,['jersey'],ES,197,10355,https://www.etsy.com/listing/1820491557/flowy-cala-tango-skirt-wrap-skirt,
Add Pockets to your Order,10.0,Skirts,['organic cotton'],US,157,6560,https://www.etsy.com/listing/118483921/add-pockets-to-your-order,
Natural Linen Midi Skirt Women Boho Maxi Skirt Elastic Waist Linen Skirt Summer Long Skirt A Line Skirt Handmade Minimalist Skirt 89-93cm,40.12,Skirts,['linen'],ID,52,1845,https://www.etsy.com/listing/4524504909/natural-linen-midi-skirt-women-boho-maxi,
Vintage Insect Wrap Skirt Botanical Bug Print Maxi Skirt Dark Academia Moth Butterfly Pleated Ruffle Skirt Cottagecore Summer Skirt,40.0,Skirts,['Unknown'],AU,0,5,https://www.etsy.com/listing/4556671027/vintage-insect-wrap-skirt-botanical-bug,
"Elastic waist casual corduroy maxi skirt, Brown Corduroy Skirt, Handmade women Corduroy Skirt, Autumn Corduroy Skirt, Custom skirt C1800",122.89,Skirts,['corduroy'],CN,866,26270,https://www.etsy.com/listing/927603686/elastic-waist-casual-corduroy-maxi-skirt,
High Waist Ruffled Mesh Mini Skirt Transparent Polyester Short Skirt For Women Summer Vacation Fashion Elegant Casual Outfit,49.98,Skirts,['polyester'],US,203,26542,https://www.etsy.com/listing/4428059948/high-waist-ruffled-mesh-mini-skirt,
"Custom Halloween Characters Tennis Dress Skirt, Princess Cosplay Outfit, Halloween Party Dress Gift, Halloween Party 2026 Girls&#39; Trip Dress",19.99,Skirts,['Unknown'],AU,174,3685,https://www.etsy.com/listing/4542441942/custom-halloween-characters-tennis-dress,
Personalized University Game Day Skirt | Custom Embroidered College Skort | Tailgate Outfit,45.0,Skirts,['Unknown'],US,279,4197,https://www.etsy.com/listing/4478265605/personalized-university-game-day-skirt,
"Raw Silk Skirt - Long Box-Pleat with Pockets, Cotton Lined.",83.84,Skirts,['cotton'],HK,414,14570,https://www.etsy.com/listing/1764327868/raw-silk-skirt-long-box-pleat-with,
Rajasthani Traditional Jaipuri 100% Cotton Neptol Print Wrap Around Skirt Up To XXL,117.33408,Skirts,['cotton'],IN,110,2160,https://www.etsy.com/listing/4518878749/rajasthani-traditional-jaipuri-100,
Crochet Long Skirt PATTERN PDF Written Pattern,12.0,Skirts,['lace'],TR,15,431,https://www.etsy.com/listing/4417212361/crochet-lace-skirt-pdf-pattern-photo-and,
"Halloween  Skort,  Magical Halloween  Athletic Skirt, vacation  Tennis Skirt",45.0,Skirts,['Unknown'],US,56,1108,https://www.etsy.com/listing/4531754241/halloween-skort-magical-halloween,
High Waisted Skater Skirt - Full Circle Rave Skirt.,36.0,Skirts,['leather'],TR,1573,29314,https://www.etsy.com/listing/1340628312/high-waisted-skater-skirt-full-circle,
Handmade Cotton Maxi Skirt: Strawberry Print Tiered Skirt,30.0,Skirts,['cotton'],IN,104,3437,https://www.etsy.com/listing/4449186897/handmade-cotton-maxi-skirt-strawberry,
"Navratri Special Gamathi Work Lehenga Choli | Pure Cotton | Heavy Gamathi, Mirror & Sikka Lace Work",105.83752,Skirts,['cotton'],IN,0,0,https://www.etsy.com/listing/4557316387/navratri-special-gamathi-work-lehenga,
"Maroon Black Chinon Lehenga Choli Set, Embossed Lace Mirror Detailing, Festive Wear",102.82976,Skirts,['lace'],IN,0,0,https://www.etsy.com/listing/4557192925/maroon-black-chinon-lehenga-choli-set,
"Disney Toy Story Tennis Jessie Dress Skirt, Jessie Costume, Toy Story Skirt, Cowgirl Skirt, Disneyland Vacation Outfits, Disney Pixar Dress",17.13,Skirts,['Unknown'],GB,71,1638,https://www.etsy.com/listing/4520905119/disney-toy-story-tennis-jessie-dress,
"Long Wrap Skirt, Burgundy Maxi Skirt, Circle Skirt, Victorian Skirt, Floor Length Skirt, Wrap Wool  Around Skirt, Boho Maxi Skirt",149.124,Skirts,['wool'],BG,378,9900,https://www.etsy.com/listing/1891465691/long-wrap-skirt-burgundy-maxi-skirt,
Celestial Celestial Sun Moon Wrap Skirt Celestial Botanical Floral Maxi Skirt Vintage Celestial Pleated Ruffle Skirt Boho Summer Beach Skirt,40.0,Skirts,['Unknown'],AU,1,4,https://www.etsy.com/listing/4556670571/celestial-celestial-sun-moon-wrap-skirt,
K42 Full length led Adult tutu/ New year party tulle costume/ Bridal skirt/ Light up skirt (Children to Adult,114.0,Skirts,['satin'],US,294,5883,https://www.etsy.com/listing/4329717493/new-year-order-availablek42-full-length,
Skirt with black lace tail,57.8,Skirts,['satin'],GR,481,25119,https://www.etsy.com/listing/1093278222/skirt-with-black-lace-tail,
"Pink Natural Linen Drawstring Maxi Skirt with Pockets, Elastic Waist A-Line Long Skirt, Lightweight Summer Boho Resort Beach Wear for Women!",40.12,Skirts,['linen'],ID,8,334,https://www.etsy.com/listing/4525457865/pink-natural-linen-drawstring-maxi-skirt,
20 Pcs Handmade Reversible Sari Silk Wrap Skirt: Bohemian Hippie Style,2.61,Skirts,['silk'],IN,3,281,https://www.etsy.com/listing/4531778606/20-pcs-handmade-reversible-sari-silk,
"Poly Cotton Lehenga Set, Zari Weaving Checkered Skirt, Georgette Dupatta, Pakistani Sangeet Wear",41.90952,Skirts,['cotton'],ID,43,2586,https://www.etsy.com/listing/4513431005/poly-cotton-lehenga-set-zari-weaving,
High-Waisted Black Mesh Skirt mini length or knee length XS S M L XL 2XL 3xl plus size sheer see through spandex short pencil skirt lingerie,28.0,Skirts,['spandex'],US,831,18826,https://www.etsy.com/listing/645790276/high-waisted-black-mesh-skirt-mini,
Express Shipping Service Fast Delivery Option for Urgent Orders  Gift Solution,25.0,Skirts,['Unknown'],IN,2,229,https://www.etsy.com/listing/4343756110/express-shipping-service-fast-delivery,
Orange Town A-Line Mini Skirt | Nami Inspired One-Piece Cosplay | Season 1,22.99,Skirts,['polyester'],US,51,701,https://www.etsy.com/listing/4466340914/orange-town-a-line-mini-skirt-nami,
Black Horse Hair Trims Maxi Tulle Skirt/Wedding Underskirt/Bridesmaid/Bachelorette TuTu/Valentine’s/Prom Pre-paid duty（DDP）shipping to US,149.99,Skirts,['satin'],CN,1717,34756,https://www.etsy.com/listing/719491335/black-horse-hair-trims-maxi-tulle,
PDF Skirt Sewing Pattern – Button Front Midi & Maxi Skirt – Sizes 36–44 – Instant Download,6.99,Skirts,['linen'],GB,33,364,https://www.etsy.com/listing/4318984913/pdf-skirt-sewing-pattern-button-front,
Damenrock in verschiedenen Farben mit elastischem Bund – handgefertigt aus Meisterhand,114.44399999999999,Skirts,['Unknown'],AT,7,418,https://www.etsy.com/listing/4526724138/damenrock-in-verschiedenen-farben-mit,
Pink Lace Bow Cami Top Pink Leopard Plaid Faux Fur Ruffle Tiered Mini Skirt 2Pcs Y2K Gyaru Alt Coquette Outfit,28.22,Skirts,['lace'],US,995,6336,https://www.etsy.com/listing/4529680660/pink-lace-bow-cami-top-pink-leopard,
South Indian Poly Cotton Lehenga Choli Set for Women | Onam & Traditional Wear,67.99,Skirts,['cotton'],IN,10,810,https://www.etsy.com/listing/4533953394/south-indian-poly-cotton-lehenga-choli,
"Kids Wedding Dress, Ivory Embroidered Gown with Dupatta for Girls",49.0,Skirts,['silk'],IN,15,6101,https://www.etsy.com/listing/4458838186/girls-off-white-embroidered-gown-with,
"Tan Brown Linen Cotton Skirt, Boho Midi Skirt, Wide Flared Asymmetric Hem Skirt, Custom Size Bohemian Skirt, Autumn Earth Tone Maxi Skirt",33.1834,Skirts,['cotton'],PH,296,4725,https://www.etsy.com/listing/4369149946/tan-brown-linen-cotton-skirt-boho-midi,
"Boho Lace Maxi Skirt, White Crochet Hollow Out A Line Beach Skirt, High Waist Ankle Length Summer Festival Vacation Skirt for Women",68.05,Skirts,['lace'],US,9,147,https://www.etsy.com/listing/4538497746/boho-lace-maxi-skirt-white-crochet,
REGULAR MINI Skirt Plaid Pleated (RedStewart),40.5,Skirts,['cotton'],US,644,20544,https://www.etsy.com/listing/493047997/regular-mini-skirt-plaid-pleated,
Black & Translucent Latex Costume Female Rubber Set Top Skirt,91.0,Skirts,['Unknown'],UA,475,10102,https://www.etsy.com/listing/1759728793/black-translucent-latex-costume-female,
"Funny Eeyore Donkey Wrap Skort Dress, Eeyore  Halloween Costume Dress, Winnie The Pooh Cosplay Skort, DN Trip Dress Skirt, Wdw Eeyore Outfit",32.49,Skirts,['Unknown'],US,10,123,https://www.etsy.com/listing/4550832266/funny-eeyore-donkey-wrap-skort-dress,
2-in-1 Crochet Skirt Patterns Bundle | Boho Beachwear PDF (Instant Download),11.0,Skirts,['crochet'],US,1,17,https://www.etsy.com/listing/4546343329/2-in-1-crochet-skirt-patterns-bundle,
"Navratri Special Gamathi Work Lehenga Choli | Pure Cotton | Heavy Gamathi, Mirror & Sikka Lace Work",105.83752,Skirts,['cotton'],IN,0,0,https://www.etsy.com/listing/4557314265/navratri-special-gamathi-work-lehenga,
"Black Lehenga Choli Set, Lotus Handwork Jacket, Indian Wedding Outfit, Festive Party Wear",94.32,Skirts,['Unknown'],IN,0,1,https://www.etsy.com/listing/4557191537/black-lehenga-choli-set-indian-wedding,
Gothic Purple Wrap Skirt Vintage Floral Damask Midi Skirt Pleated Ruffle Hem Beach Cover Up Gothic Boho Long Skirt Women Gift,40.0,Skirts,['Unknown'],AU,1,2,https://www.etsy.com/listing/4556669965/gothic-purple-wrap-skirt-vintage-floral,
"Beige Linen Midi Skirt, High Waisted Pleated A-Line Skirt, Natural Cotton Linen Skirt with Pockets, Neutral Minimalist Clothing 6778#",79.0,Skirts,['cotton'],CN,122,2840,https://www.etsy.com/listing/4497013499/beige-linen-midi-skirt-high-waisted,
F10 Full length Adult tutu/ LGBT tutu/ Halloween tulle costume/ Rainbow tutu skirt/ Women&#39;s LEBT skirt,85.0,Skirts,['satin'],US,284,8069,https://www.etsy.com/listing/1703387510/f10-full-length-adult-tutu-lgbt-tutu,
"Disney Toy Story Tennis Jessie Dress Skirt, Toy Story Skirt, Jessie Costume, Disneyland Vacation Outfits, Disney Pixar Dress, Cowgirl Skirt",17.13,Skirts,['Unknown'],GB,116,2112,https://www.etsy.com/listing/4520909532/disney-toy-story-tennis-jessie-dress,
Tango pencil skirt,52.019999999999996,Skirts,['Unknown'],GR,86,4121,https://www.etsy.com/listing/1581507898/tango-pencil-skirt,
Constant Love® Midi Länge Altrosa Tüllrock - Brautrock Braut Hochzeit - Standesamt,184.8444,Skirts,['Unknown'],DE,468,32950,https://www.etsy.com/listing/785056895/constant-love-midi-lange-altrosa,
"Wedding bridesmaid tulle fabric,wedding fabric decorate,softest tulle fabric by meter. any color fabric",2.99,Skirts,['polyester'],HK,234,14544,https://www.etsy.com/listing/1236611181/wedding-bridesmaid-tulle-fabricwedding,
Dark Blue Georgette Lehenga with Net Dupatta: Embroidered Indian Wedding Outfit,80.5,Skirts,['Unknown'],IN,991,76104,https://www.etsy.com/listing/1478499693/dark-blue-georgette-lehenga-with-net,
Maroon Cotton 25-Yard Belly Dance Skirt“boho skirt”,90.2,Skirts,['cotton'],IN,277,5735,https://www.etsy.com/listing/1336427872/maroon-cotton-25-yard-belly-dance-skirt,
"Indian Silk Sari Wrap Skirt: Boho Maxi, Adjustable Waist, Indian Ethnic Style Duty free",7.0,Skirts,['silk'],IN,0,48,https://www.etsy.com/listing/4538146469/indian-silk-sari-wrap-skirt-boho-maxi,
Women’s Handmade Black Genuine Sheep Leather Mini Skirt – High-Waisted Pleated Skirt with Studded Belt & Flared Design,129.99,Skirts,['leather'],PK,0,0,https://www.etsy.com/listing/4556105626/womens-handmade-black-genuine-sheep,
"Women&#39;s Handmade Silk Maxi Skirt, Brown Satin Wrap Skirt, High Waisted Long Skirt, Draped Silk Skirt, Elegant Asymmetrical Skirt",114.99,Skirts,['silk'],PK,0,0,https://www.etsy.com/listing/4556146970/womens-handmade-silk-maxi-skirt-brown,
Chiffon Belly Dance Skirt: Two Side Slit Full Circle Skirt,35.99,Skirts,['chiffon'],IN,405,10143,https://www.etsy.com/listing/1038651382/chiffon-belly-dance-skirt-side-slit-full,
Olive Green Boho Maxi Skirt Festival Wrap for Women Hippie Long Cottagecore Clothing Flowy Bohemian Skirt,79.0,Skirts,['Unknown'],IN,291,3696,https://www.etsy.com/listing/4505478953/olive-green-boho-maxi-skirt-festival,
"Wool Maxi Victorian Skirt, Long Boho Skirt, High Waisted Skirt, Plus Size Skirt, Floor Length Skirt, Steampunk Skirt, Full Burgundy Skirt",167.61999999999998,Skirts,['wool'],BG,478,11499,https://www.etsy.com/listing/4351437290/wool-maxi-victorian-skirt-long-boho,
Tink & Bambi Fall Cameos - Women&#39;s Skater Skirt XS - 2XL (Made In USA),47.99,Skirts,['polyester'],US,0,0,https://www.etsy.com/listing/4556770453/tink-bambi-fall-cameos-womens-skater,
"Custom Halloween Pumpkins Tennis Dress, Personalized Matching Outfits, Not So Scary Halloween Party Dress Gift, dress for her, Costume dress",19.99,Skirts,['Unknown'],AU,15,371,https://www.etsy.com/listing/4541390946/custom-halloween-pumpkins-tennis-dress,
"Ghost Spider Gwen Wrap Skort Dress, Ghost Spider Halloween Costume Dress Skirt, Gwen Stacy Sport Skort, WDW Halloween Outfits",13.467000000000002,Skirts,['Unknown'],GB,21,746,https://www.etsy.com/listing/4545327307/ghost-spider-gwen-wrap-skort-dress-ghost,
Ribbon Skirt MMIW,80.0,Skirts,['Unknown'],US,448,7838,https://www.etsy.com/listing/4331718006/ribbon-skirt-mmiw,
"Sage Linen Wrap Skirt – High Waisted Midi Skirt, A-Line Linen Skirt, Handmade European Linen, Summer Minimalist Skirt, Plus Size",86.69999999999999,Skirts,['linen'],LT,43,1704,https://www.etsy.com/listing/4481867064/sage-linen-wrap-skirt-high-waisted-midi,
NO.5 Women&#39;s Hippie Gypsy Boho Tiered Peasant Long Maxi Skirt in Orange,55.0,Skirts,['cotton'],TH,5168,137027,https://www.etsy.com/listing/98917805/no5-womens-hippie-gypsy-boho-tiered,
Raw Cotton Wrap Skirt| Boho Maxi Skirt for Women | Breathable Summer Skirt|Adjustable Tie Waist| Slow Fashion,50.92,Skirts,['cotton'],GB,1696,31453,https://www.etsy.com/listing/857144107/raw-cotton-linen-brown-rust-wrap-skirt,
"Long Printed Skirt for Women, Cotton Bohemian Summer Maxi",60.0,Skirts,['cotton'],IN,209,7844,https://www.etsy.com/listing/4404900964/boho-hand-printed-cotton-long-skirt,
"Black tulle skirt,Midi tulle skirt,Tea lengh tulle skirt,Bridesmaid tulle skirt,Black midi skirt,Tulle skirt for women,Plus size tulle skirt",70.0,Skirts,['Unknown'],UA,108,3366,https://www.etsy.com/listing/4403472192/black-tulle-skirtmidi-tulle-skirttea,
Cotton Maxi Skirt |  Long Organic Skirt with Pockets | Adjustable Length,58.0,Skirts,['organic cotton'],TH,161,1974,https://www.etsy.com/listing/4390723067/cotton-maxi-skirt-long-organic-skirt,
Navratri Special Gamathi Work Lehenga Choli | Pure Cotton | Heavy Gamathi & Mirror Lace Work | 9 Meter Big Flair,105.83752,Skirts,['cotton'],IN,0,0,https://www.etsy.com/listing/4557311803/navratri-special-gamathi-work-lehenga,
"Designer Lehenga Choli Set, Gamthi Blouse, Mirror Koti, Indian Ethnic Wear",102.82976,Skirts,['Unknown'],IN,1,0,https://www.etsy.com/listing/4557194928/lehenga-choli-set-for-women-indian,
"Disney Theme Park Tennis Dress Skirt, Disney Tennis Skirt, Disneyland Vacation Trip Outfit, Magical Mouse Skirt, Disney Theme Park Outfit",17.13,Skirts,['Unknown'],GB,41,745,https://www.etsy.com/listing/4515082110/disney-theme-park-tennis-dress-skirt,
H12 Pale pink Jellyfish tutu (With Sewn in satin LINING)// Jellyfish custom//Birthday party tutu/(many colors available),160.0,Skirts,['satin'],US,845,15455,https://www.etsy.com/listing/1832408448/christmas-order-available-h12-pale-pink,
Skirt with organza tail,56.644,Skirts,['Unknown'],GR,347,20871,https://www.etsy.com/listing/1318715982/skirt-with-organza-tail,
Main Street Scare Candy - Women&#39;s Skater Skirt XS - 2XL (Made In USA),47.99,Skirts,['polyester'],US,0,0,https://www.etsy.com/listing/4556772783/main-street-scare-candy-womens-skater,
Ivory Pearl Shell Mini Skirt | Bridal Beach Cover Up | Honeymoon Outfit | Bachelorette Skirt | Handmade Resort Wear,167.5,Skirts,['Unknown'],GB,70,930,https://www.etsy.com/listing/4534469041/ivory-pearl-shell-mini-skirt-bridal,
"Patola Print Navratri Special Lehenga Choli for women or girls , garba chaniya choli",117.0,Skirts,['Unknown'],IN,38,1903,https://www.etsy.com/listing/4527812943/patola-print-navratri-special-lehenga,
Y2K Black White Lace Skirt Handmade Remake Reworked Skirt Punk Style SKirt grid skirt gothic skirt for women girl pleated skirt,45.0,Skirts,['cotton'],US,2185,11668,https://www.etsy.com/listing/4307996488/y2k-black-white-lace-skirt-handmade,
NOEMI African Print Full Length / Maxi Skirt 100 % Wax Cotton Handmade UK,73.68660000000001,Skirts,['cotton'],GB,36,644,https://www.etsy.com/listing/4517980961/noemi-african-print-full-length-maxi,
Orange Organza Lehenga Choli: Floral Print Indian Wedding Lengha,96.0,Skirts,['Unknown'],IN,492,17686,https://www.etsy.com/listing/4339305577/orange-organza-lehenga-choli-floral,
Twilight Magic,45.0,Skirts,['cotton'],US,132,5770,https://www.etsy.com/listing/1080677817/twilight-magic,
Linen midi skirt. Linen skirt. A-line skirt. Sustainable linen clothing. Office skirt. Linen knee length skirt. Pocket midi skirt - COLUMBIA,72.41184,Skirts,['linen'],LV,102,3116,https://www.etsy.com/listing/1040534834/linen-midi-skirt-linen-skirt-a-line,
"Women&#39;s Avaatar Villain Party Skort, Halloween Costume Zootoopia Skirt for girls, Matching Group Halloween Tennis Skirt, Cosplay Outfit",19.99,Skirts,['Unknown'],AU,8,54,https://www.etsy.com/listing/4551683941/womens-avaatar-villain-party-skort,
Custom Blouse Stitching Service (Link Only),13.362,Skirts,['Unknown'],IN,1,253,https://www.etsy.com/listing/4460223174/custom-blouse-stitching-link-only-for,
Worship and Praise Palazzo Pant,30.0,Skirts,['Unknown'],US,2,78,https://www.etsy.com/listing/4556324251/worship-and-praise-palazzo-pant,
Off White Lehenga Choli Set | Thread & Sequence Embroidery | Fully Stitched Lehenga with Dupatta | Ready To wear | Wedding Lehenga |Lehenga,119.0,Skirts,['Unknown'],IN,240,6826,https://www.etsy.com/listing/1888622265/off-white-lehenga-choli-set-thread,
"Boho Maxi Skirt with Belt, Crochet Lace Panel, High Waist Summer Festival Wear",37.5066,Skirts,['lace'],GB,218,4706,https://www.etsy.com/listing/4480687081/boho-maxi-skirt-with-belt-crochet-lace,
"Custom Silk Tie Patchwork Skirt, Upcycled Vintage Necktie Fashion",100.5,Skirts,['silk'],GB,35,540,https://www.etsy.com/listing/4542677340/custom-silk-tie-patchwork-skirt-upcycled,
Senior 2027 Corset/Jean Combo,60.0,Skirts,['Unknown'],US,45,3208,https://www.etsy.com/listing/4526527132/senior-2027-corsetjean-combo,
Matching Mom and Mini skirts,150.0,Skirts,['Unknown'],US,0,0,https://www.etsy.com/listing/4557091191/matching-mom-and-mini-skirts,
Upcycled denim jeans made into a colorful boho chic skirt,65.0,Skirts,['denim'],US,0,3,https://www.etsy.com/listing/4557110184/upcycled-denim-jeans-made-into-a,
Overlay skirt powwow regalia,150.0,Skirts,['Unknown'],US,0,1,https://www.etsy.com/listing/4557111612/overlay-skirt-powwow-regalia,
"Gray Wool A-Line Midi Skirt | High Waist Winter Skirt with Pockets, Ylistyle C5200",79.0,Skirts,['wool'],CN,163,4255,https://www.etsy.com/listing/4366800800/gray-wool-a-line-midi-skirt-high-waist,
Navratri Special Lehenga Choli with Vintage Dupatta | Pure Cotton | Hand Mirror & Thread Work | Beautiful Multicolor Kali,114.22152,Skirts,['cotton'],IN,0,0,https://www.etsy.com/listing/4557326170/navratri-special-lehenga-choli-with,
"Orange White Lehenga Choli, Gujarati Garba Outfit, Embroidered Crop Top, Navratri Dress",96.94,Skirts,['Unknown'],IN,0,0,https://www.etsy.com/listing/4557182394/orange-white-lehenga-choli-gujarati,
"Halloween Mickey Minnie Boo Ghost Pumpkin Tennis Dress Skirt, Disney Mickey Minnie Skirt, Mickey Not So Scary Dress, Halloween Disney Outfit",17.13,Skirts,['Unknown'],GB,39,731,https://www.etsy.com/listing/4524931894/halloween-mickey-minnie-boo-ghost,
Vintage Mickey Halloween Doodles - Women&#39;s Skater Skirt XS - 2XL (Made In USA),47.99,Skirts,['polyester'],US,0,0,https://www.etsy.com/listing/4556740217/vintage-mickey-halloween-doodles-womens,
Asymmetric tango skirt,60.111999999999995,Skirts,['satin'],GR,86,6201,https://www.etsy.com/listing/1698023051/asymmetric-tango-skirt,
A yellow gingham skirt. 100% cotton. Country style,80.4,Skirts,['cotton'],GB,277,6371,https://www.etsy.com/listing/1589008279/a-yellow-gingham-skirt-100-cotton,
Tahitian Floral Printed Cotton Blend Pareu/Pareo for Tahitian Dance,19.0,Skirts,['cotton'],US,1,59,https://www.etsy.com/listing/4554317426/tahitian-floral-printed-cotton-blend,
"Satin Obi Belt, Sash Corset, Wide Wrap Belt,Plus Size Available, Champagne, Beige",38.0,Skirts,['satin'],TR,101,5041,https://www.etsy.com/listing/1125310176/satin-obi-belt-sash-corset-wide-wrap,
Latex Circle Skater Skirt Mini - Female,70.71,Skirts,['Unknown'],UA,17,290,https://www.etsy.com/listing/4496631487/latex-circle-skater-skirt-mini-female,
"Ghost Spider Gwen Wrap Skort Dress, Ghost Spider Halloween Costume Dress Skirt, Gwen Stacy Sport Skort, WDW Halloween Outfits",18.85864,Skirts,['Unknown'],CA,23,460,https://www.etsy.com/listing/4541338992/ghost-spider-gwen-wrap-skort-dress-ghost,
"Cherry Blossom Skater Skirt, Floral Skirt for Women, Cute Japanese Sakura Skirt, Kawaii Coquette High Waisted Skirt, Pink Flared Mini",37.5066,Skirts,['Unknown'],GB,2,170,https://www.etsy.com/listing/4529520092/cherry-blossom-skater-skirt-floral-skirt,
"Anna Tennis Skirt Dress, Frozen Inspired Disney Outfit, Princess Cosplay Activewear, Running Skirt, Magic Kingdom Dress, Vacation Outfit",17.13,Skirts,['Unknown'],GB,1,16,https://www.etsy.com/listing/4553080333/anna-tennis-skirt-dress-frozen-inspired,
Floor length tulle skirt - full circle skirt,184.95999999999998,Skirts,['Unknown'],LV,268,5275,https://www.etsy.com/listing/4392520722/floor-length-tulle-skirt-with-extra,
"Boho Olive Green Maxi Skirt for Women, High Waist Flowy Long Skirt, Cottagecore Festival Skirt, Summer Beach Skirt, Casual A-Line Skirt",79.5,Skirts,['Unknown'],IN,566,7206,https://www.etsy.com/listing/4505541936/boho-olive-green-maxi-skirt-for-women,
Navratri Special Lehenga Choli with Vintage Dupatta | Pure Cotton | Gamthi Work | Beautiful Multicolor Kali Design,115.26952,Skirts,['cotton'],IN,0,0,https://www.etsy.com/listing/4557304817/navratri-special-lehenga-choli-with,
Navratri Special Lehenga Choli with Vintage Dupatta | Pure Cotton | Gamthi Work | Multicolor Kali Design,115.26952,Skirts,['cotton'],IN,0,0,https://www.etsy.com/listing/4557302257/navratri-special-lehenga-choli-with,
Wedding Lehenga Choli | Pure Vichitra Fabric | Heavy 7MM Sequence Embroidery Work | 3.5 Meter Flared Lehenga,110.02951999999999,Skirts,['silk'],IN,0,0,https://www.etsy.com/listing/4557299063/wedding-lehenga-choli-pure-vichitra,
Wedding Lehenga Choli | Pure Vichitra Fabric | Heavy 7MM Sequence Embroidery Work | 3.5 Meter Flare,110.02951999999999,Skirts,['silk'],IN,0,0,https://www.etsy.com/listing/4557313186/wedding-lehenga-choli-pure-vichitra,
Navratri Special Hand Work Lehenga Choli | Pure Cotton & Kora Cotton | Real Kodi amthi Work,119.46152,Skirts,['cotton'],IN,0,0,https://www.etsy.com/listing/4557292599/navratri-special-hand-work-lehenga-choli,
Navratri Special Hand Work Lehenga Choli | Pure Cotton & Kora Cotton | Real Kodi  Gamthi Work,119.46152,Skirts,['cotton'],IN,0,0,https://www.etsy.com/listing/4557306704/navratri-special-hand-work-lehenga-choli,
Navratri Special Hand Work Lehenga Choli | Pure Cotton & Kora Cotton | Real Kodi  Gamthi Work,119.46152,Skirts,['cotton'],IN,0,0,https://www.etsy.com/listing/4557287563/navratri-special-hand-work-lehenga-choli,
"Festival Badhni Lehenga Choli | Pure Chinon Silk | Heavy Embroidery Cording, Sequence & Thread Work",108.98152,Skirts,['silk'],IN,0,0,https://www.etsy.com/listing/4557284195/festival-badhni-lehenga-choli-pure,
Festival Badhni Lehenga Choli | Pure Chinon Silk | Heavy Embroidery Cording Sequence & Thread Work,108.98152,Skirts,['silk'],IN,0,0,https://www.etsy.com/listing/4557281045/festival-badhni-lehenga-choli-pure,
Navratri Special Lehenga Choli with Dupatta | Pure Cotton | Heavy Gota Patti Lace & Flavour Hand Work,103.74152,Skirts,['cotton'],IN,0,0,https://www.etsy.com/listing/4557293368/navratri-special-lehenga-choli-with,
Navratri Special Lehenga Choli with Dupatta | Pure Cotton | Heavy Gota Patti Lace & Flavour Hand Work,103.74152,Skirts,['cotton'],IN,0,0,https://www.etsy.com/listing/4557289152/navratri-special-lehenga-choli-with,
Navratri Special Ajrak Lehenga Choli | Pure Cotton | Heavy Hand Latkan & Ajrak Print | 6 Meter Big Flair,106.88552,Skirts,['cotton'],IN,0,0,https://www.etsy.com/listing/4557284774/navratri-special-ajrak-lehenga-choli,
Designer Embroidered Gown | Fox Georgette Fabric | Heavy Embroidery Thread & Sequence Work | 5 Meter Flare,54.48552,Skirts,['silk'],IN,0,0,https://www.etsy.com/listing/4557185965/designer-embroidered-gown-fox-georgette,
"Disney Mickey and Friends Tennis Dress Skirt, Disney Theme Park Tennis Skirt, Disneyland Vacation Trip Outfits, Magical Kingdom Tennis Skirt",17.13,Skirts,['Unknown'],GB,19,330,https://www.etsy.com/listing/4515662400/disney-mickey-and-friends-tennis-dress,
"Brown Wool Maxi Skirt Women, High Waist Flared Skirt, Warm Winter Skirt, A Line Long Skirt, Plus Size Skirt, Swing Skirt Xiaolizi 3149",99.0,Skirts,['wool'],CN,3028,71085,https://www.etsy.com/listing/1072258638/brown-wool-maxi-skirt-women-high-waist,
Mickey Spooky Spellbook - Women&#39;s Skater Skirt XS - 2XL (Made In USA),47.99,Skirts,['polyester'],US,0,0,https://www.etsy.com/listing/4556739113/mickey-spooky-spellbook-womens-skater,
Polka dots tango skirt with volan,63.58,Skirts,['satin'],GR,718,31689,https://www.etsy.com/listing/1107229585/polka-dots-tango-skirt-with-volan,
Embroidered Purple Gown | Fox Georgette Fabric | Heavy Embroidery Thread & Sequence Work | 5 Meter Flare,54.48552,Skirts,['silk'],IN,0,0,https://www.etsy.com/listing/4557184919/embroidered-purple-gown-fox-georgette,
Embroidered Gown | Fox Georgette Fabric | Heavy Embroidery Thread & Sequence Work | 5 Meter Flare,54.48552,Skirts,['silk'],IN,0,0,https://www.etsy.com/listing/4557182573/embroidered-gown-fox-georgette-fabric,
Royal Purple Embroidered Gown | Chinon Fabric | Heavy Embroidery Thread & Sequence Work | 3 Meter Flair,53.43752,Skirts,['silk'],IN,0,0,https://www.etsy.com/listing/4557179425/royal-purple-embroidered-gown-chinon,
New Kalamkari Gown | Cotton Fabric | Multicolor Digital Print | 55/56 Inch Length | Elegant Net Dupatta with Sequence Work,54.48552,Skirts,['cotton'],IN,0,0,https://www.etsy.com/listing/4557176923/new-kalamkari-gown-cotton-fabric,
Kalamkari Lehenga Choli | Cotton Fabric | Vibrant Multicolor Kalamkari Print | 3.5 Meter Flare | Matching Cotton Dupatta,63.917519999999996,Skirts,['cotton'],IN,0,0,https://www.etsy.com/listing/4557173807/kalamkari-lehenga-choli-cotton-fabric,
"Swing Long Linen Maxi skirt for women, Navy blue walking skirt, High waist swing pleated skirt with pocket, women skirt, full skirt 1046",79.0,Skirts,['cotton'],CN,22855,516174,https://www.etsy.com/listing/195901107/swing-long-linen-maxi-skirt-for-women,
"Disney Haunted Mansion Ghost Host Costume Tennis Dress Skirt, Hitchhiking Ghosts Skirt, Halloween Party Dress, Disneyland Halloween Outfits",17.13,Skirts,['Unknown'],GB,285,3210,https://www.etsy.com/listing/4543445447/disney-haunted-mansion-ghost-host,
Boo Crew Minimal - Women&#39;s Skater Skirt XS - 2XL (Made In USA),47.99,Skirts,['polyester'],US,0,0,https://www.etsy.com/listing/4556752646/boo-crew-minimal-womens-skater-skirt-xs,
Easy Wrap Skirt Sewing Pattern – Women&#39;s Sizes 36–38 (PDF Pattern),5.9,Skirts,['Unknown'],GB,63,870,https://www.etsy.com/listing/1788488457/easy-wrap-skirt-sewing-pattern-womens,
Scottish Traditional Tam o&#39; Shanter Bonnet Beret Balmorals Tartan Tammy Hat Available in 45+ Tartan,29.4666,Skirts,['wool'],GB,16,3556,https://www.etsy.com/listing/1863875781/scottish-traditional-tam-o-shanter,
"Winter Asymmetrical Wool Skirt Women, Pleated Wool Midi Skirt, Skater Skirt with pocket, Wool Circle skirt, Retro Grey Skirt XiaoLizi 0359#",69.0,Skirts,['wool'],CN,14816,131776,https://www.etsy.com/listing/47670908/winter-asymmetrical-wool-skirt-women,
Amethyst PIXIE skirt,28.0,Skirts,['cotton'],AU,82,1422,https://www.etsy.com/listing/4407782227/amethyst-pixie-skirt,
"Tiered Tulle Maxi Skirt: Fairycore Bridal Party Skirt, 49.5&quot; Long",25.99,Skirts,['Unknown'],CN,208,5757,https://www.etsy.com/listing/4351279016/tiered-tulle-maxi-skirt-fairycore-bridal,
"Add Lining for Simple A Line, and circle skirts ONLY, Skirt Options",12.5,Skirts,['cotton'],US,86,2546,https://www.etsy.com/listing/129983279/add-lining-for-simple-a-line-and-circle,
"Halloween Character Tennis Dress Skirt, Princess Cosplay Outfit for her, Matching Girls Trip Costumes, Women&#39;s Halloween Party Skater Dress",19.99,Skirts,['Unknown'],AU,82,1719,https://www.etsy.com/listing/4546107783/halloween-character-tennis-dress-skirt,
NEVAEH African Printed Mid-Calf Skirt 100% Wax Cotton Handmade UK,66.98660000000001,Skirts,['cotton'],GB,194,4678,https://www.etsy.com/listing/1727475473/nevaeh-african-printed-mid-calf-skirt,
Navy Blue High Waist Midi Skirt Women Pleated A Line Fall Skirt With Pockets Elegant French Style Casual Boho Polyester Blend,101.26,Skirts,['polyester'],PH,6,157,https://www.etsy.com/listing/4551487846/navy-blue-high-waist-midi-skirt-women,
Music Note Print Ringer Short Sleeve Top Piano Key Polka Dot Lace Ruffle Tiered Mini Skirt 2Pcs Y2K Alt Scene Kid Gyaru Outfit,28.22,Skirts,['lace'],US,594,3625,https://www.etsy.com/listing/4533740111/music-note-print-ringer-short-sleeve-top,
Fischgräten Leinen Trachtenrock - Fertig genäht,172.244,Skirts,['Unknown'],DE,69,5450,https://www.etsy.com/listing/4395708030/fischgraten-leinen-trachtenrock-fertig,
Women&#39;s Maroon Leather Midi Skirt | High Waist A-Line Leather Skirt | Genuine Leather Button Front Skirt | Vintage Leather Skirt,189.0,Skirts,['leather'],PK,3,44,https://www.etsy.com/listing/4538284847/womens-maroon-leather-midi-skirt-high,
"Dark Green Satin Silk Lehenga Choli, silver Embroidery Wedding Outfi",112.99,Skirts,['cotton'],IN,372,13525,https://www.etsy.com/listing/4418820031/designer-green-lehanga-choli-for,
Summer Layered skirt Cotton Muslin Elastic waist long a-line Maxi skirts soft Double gauze tiered skirt home wear custom plus size skirts,45.9986,Skirts,['cotton'],PH,1598,31617,https://www.etsy.com/listing/1904822631/summer-layered-skirt-cotton-muslin,
100% Linen Skirt with Pockets Linen Maxi Skirt for Women Elastic Waist Long Skirt A-line Skirt Beach Skirt Custom Handmade Clothing N31 07,92.96000000000001,Skirts,['linen'],PH,65,1745,https://www.etsy.com/listing/4332016758/100-linen-skirt-with-pockets-linen-maxi,
"Handmade Striped Cotton Maxi Skirt, Elastic Waist, Summerwear Women Skirts",30.0,Skirts,['cotton'],IN,147,1291,https://www.etsy.com/listing/4477571114/handmade-striped-cotton-maxi-skirt,
"Sue Storm Costume Wrap Skort Dress, The Invisible Woman Fantastic Four Halloween Dress Skirt, Susan Storm All Over Printed Dress, Wdw Outfit",35.73178,Skirts,['Unknown'],CA,6,86,https://www.etsy.com/listing/4550816801/sue-storm-costume-wrap-skort-dress-the,
Indian Silk Long Length Sari Wrap Skirts,15.5,Skirts,['silk'],IN,112,9138,https://www.etsy.com/listing/1865776899/indian-silk-long-length-sari-wrap-skirts,
Organic Linen Wrap Skirt: Women&#39;s Casual/Formal Clothing,150.0,Skirts,['linen'],US,1166,18513,https://www.etsy.com/listing/4354077748/organic-linen-wrap-skirt-womens,
Lavanya Etnic Batik Wrap Skirt,24.66,Skirts,['Unknown'],ID,0,3,https://www.etsy.com/listing/4555538847/lavanya-etnic-batik-wrap-skirt,
"Wool skirt, Midi wool skirt womens, Winter wool skirt, Swing skirt, High waist skirt, Skirt with pockets, Custom skirt, Ylistyle C4486",89.0,Skirts,['wool'],CN,5578,96857,https://www.etsy.com/listing/1793428460/wool-skirt-midi-wool-skirt-womens-winter,
"Disney Haunted Mansion Tennis Dress Skirt, Hitchhiking Ghosts Skirt, Disneyland Halloween Outfit, Disney Spooky Skirt, Halloween Party Dress",17.13,Skirts,['Unknown'],GB,46,741,https://www.etsy.com/listing/4524932071/disney-haunted-mansion-tennis-dress,
"Heavy Weight Linen Wrap Skirt, Green Maxi Skirt with Pockets, Spring Clothing",146.81199999999998,Skirts,['linen'],BG,8084,140748,https://www.etsy.com/listing/1289017519/heavy-weight-linen-wrap-skirt-green-maxi,
Looney Love Skirt - wizard parks fandom inspire outfit & apperal,46.93,Skirts,['Unknown'],CA,868,20051,https://www.etsy.com/listing/1075454705/looney-love-skirt-wizard-parks-fandom,
Casual satin skirt Midi silk skirt Satin skirt long Circle silk skirt wrap style Everyday silk skirt,60.0,Skirts,['silk'],UA,261,5765,https://www.etsy.com/listing/1738264654/casual-satin-skirt-midi-silk-skirt-satin,
"Toy Story Jessie Wrap Skort Dress, Jessie Costume Cosplay Dress Skirt, DN Cowgirl Jessie Skort, DN Trip Outfit, Jessie Halloween Dress Skirt",32.49,Skirts,['Unknown'],US,19,551,https://www.etsy.com/listing/4543874338/toy-story-jessie-wrap-skort-dress-jessie,
"See through skirt, sheer skirt, transparent skirt, mesh skirt, sheer pencil skirt",48.0,Skirts,['Unknown'],UA,879,18943,https://www.etsy.com/listing/764033826/see-through-skirt-sheer-skirt,
"High Waisted Black Linen Maxi Skirt, Elegant Column Long Skirt, Minimalist Ankle Length Linen Bottom, Sophisticated Summer Skirt for Women",69.5,Skirts,['linen'],VN,69,1076,https://www.etsy.com/listing/4481675185/high-waisted-black-linen-maxi-skirt,
FFXIV Mare Lamentorum Skirt,45.0,Skirts,['Unknown'],US,90,896,https://www.etsy.com/listing/4390960806/ffxiv-mare-lamentorum-skirt,
Tango skirt,52.019999999999996,Skirts,['Unknown'],GR,397,25619,https://www.etsy.com/listing/856786658/tango-skirt,
Rainbow Mountains,45.0,Skirts,['cotton'],US,48,2306,https://www.etsy.com/listing/1818945111/rainbow-mountains,
Cashmere Ballet Wrap Skirt - choice of lengths,32.160000000000004,Skirts,['polyester'],GB,516,10315,https://www.etsy.com/listing/1580010048/cashmere-ballet-wrap-skirt-choice-of,
Falda de flamenca con volantes en cascada,115.6,Skirts,['Unknown'],ES,524,32270,https://www.etsy.com/listing/4328393421/falda-de-flamenca-con-volantes-en,
"100% Cotton Crinkle Maxi Skirt, Flowy Boho Gauze, Elastic Waist, Partially Lined",66.98660000000001,Skirts,['cotton'],GB,26,898,https://www.etsy.com/listing/4528661271/100-cotton-crinkle-maxi-skirt-flowy-boho,
"Mehendi Green Embroidered Lehenga Choli, Custom Stitched Indian Wedding Lengha",92.29,Skirts,['lace'],IN,243,7934,https://www.etsy.com/listing/4412782388/mehendi-green-embroidered-lehenga-choli,
"Saia longa boho laranja paisley, saia maxi coral fluída, cintura elástica, saia boho chic, padrão floral, roupa de verão",46.239999999999995,Skirts,['Unknown'],PT,75,1480,https://www.etsy.com/listing/4508349460/saia-longa-boho-laranja-paisley-saia,
Indigo Handmade Cotton Printed Long Wrap Skirt,52.19,Skirts,['cotton'],IN,3,132,https://www.etsy.com/listing/4550930330/indigo-handmade-cotton-printed-long-wrap,
"Elegant Sandhayu Instant Wrap Batik Skirt – Stylish and Practical, Wrap Skirt, Batik Skirt, Ethnic Batik, Ethnic Skirt, Beach Skirt",32.68,Skirts,['Unknown'],ID,129,2473,https://www.etsy.com/listing/1606384594/elegant-sandhayu-instant-wrap-batik,
"Handmade Black Taffeta Maxi Skirt: High Waist, Elegant, Made to Measure/F1190",159.0,Skirts,['Unknown'],BG,18272,600740,https://www.etsy.com/listing/246746249/lovely-black-long-maxi-skirthigh-or-low,
"Maharani 25 Yard Skirt, 4 Tiered, Tribal, Belly Dance, Festival, Renaissance, ATS, FCBD",59.99,Skirts,['Unknown'],IN,892,31738,https://www.etsy.com/listing/724506095/maharani-25-yard-skirt-4-tiered-tribal,
"Coronation DaySkater Skirt | Frozen Princess Inspired Running Costume, Cosplay, Park Outfit",29.99,Skirts,['polyester'],US,361,13615,https://www.etsy.com/listing/4329368806/anna-coronation-skater-skirt,
"Bo Peep Toy Story Wrap Skort Dress, Bo Peep Costume Dress Skirt, Toy Story Halloween Costume Cosplay, Bo Peep Skort, Magic Kingdom Outfits",32.49,Skirts,['Unknown'],US,38,596,https://www.etsy.com/listing/4543141562/bo-peep-toy-story-wrap-skort-dress-bo,
"Dark Olive Green Designer Lehenga Choli |Embroidery, Sequence & Thread Work |Fully Sttiched Lehenga With Dupatta|Ready To Wear|wedding dress",95.0,Skirts,['Unknown'],GB,0,42,https://www.etsy.com/listing/4550158831/dark-olive-green-designer-lehenga-choli,
"Elegant Solid Color A-Line Skirt for Women, High Elastic Waist with Bow Detail, Long Skirt",40.431999999999995,Skirts,['Unknown'],AU,18,573,https://www.etsy.com/listing/4499999430/elegant-solid-color-a-line-skirt-for,
"Poly Cotton Lehenga Set, Zari Weaving Checkered Skirt, Georgette Dupatta, Pakistani Party Wear",39.81352,Skirts,['cotton'],ID,18,2832,https://www.etsy.com/listing/4513433271/poly-cotton-lehenga-set-zari-weaving,
"Ruffled Mesh Rave Shorts with mini skirt, for Pole Dance ballet festivals Wear",59.5,Skirts,['chiffon'],UA,804,53068,https://www.etsy.com/listing/1873455453/ruffled-mesh-rave-shorts-with-mini-skirt,
Pennsylvania Penn State University Themed Custom Patch Denim Skirt Ladies Womens ALL sizes Bed Party Tailgate Clothes,59.0,Skirts,['cotton'],US,84,2293,https://www.etsy.com/listing/4323380195/pennsylvania-penn-state-university,
Batik Wrap Skirt Women Instant Kebaya Sarong for Formal Events,25.19,Skirts,['Unknown'],ID,3,117,https://www.etsy.com/listing/4541844687/batik-wrap-skirt-women-instant-kebaya,
Green Bird Floral Cotton Midi Skirt – Women&#39;s Elastic Waist Drawstring Boho Summer Gift,60.0,Skirts,['cotton'],IN,88,3708,https://www.etsy.com/listing/4510602109/green-bird-floral-cotton-midi-skirt,
"High Waisted Black Full Circle Skirt, Black Tango Skirt for Women with 2 Slit, Latin Dance Skirt",97.39,Skirts,['jersey'],TR,860,25190,https://www.etsy.com/listing/1555118142/high-waisted-black-full-circle-skirt,
Colorful Geometric 80s Vintage Inspired Pattern Polyester Spandex Women&#39;s Skater Skirt Boho Fashion Clothing Above Knee Elastic Waist Skirt,25.65,Skirts,['polyester'],US,206,3903,https://www.etsy.com/listing/1709558061/colorful-geometric-80s-vintage-inspired,
"Dip Dye Belly Dance Skirt, 25 Yard Cotton Gypsy Skirt",105.5,Skirts,['cotton'],IN,296,3217,https://www.etsy.com/listing/4407940954/dip-dye-belly-dance-skirt-25-yard-cotton,
"Winter Skater Wool Skirt Women, Wool Midi Skirt with Pockets, High Waist Layered Skirt, Patchwork Skirt, Wool Circle Skirt, Xiaolizi 1627",79.0,Skirts,['wool'],CN,6465,111258,https://www.etsy.com/listing/478978325/winter-skater-wool-skirt-women-wool-midi,
"Two Tone Georgette Lehenga Choli, Embroidery Sequence Work, Bridal Lehenga",83.0,Skirts,['Unknown'],IN,308,8640,https://www.etsy.com/listing/4375805940/two-tone-georgette-lehenga-choli,
"Cotton Maxi Skirt Women, Flowy Long Skirt, Pleated Boho Skirt, Full/Ankle Length Skirt, Plus Size Circle Skirt, Summer Spring Skirt 2820",66.0,Skirts,['cotton'],CN,5127,106056,https://www.etsy.com/listing/987807719/cotton-maxi-skirt-women-flowy-long-skirt,
"Printed Cotton Wraparound Skirt: Boho Hippie Style, Fits Upto XXL",46.0,Skirts,['cotton'],IN,61,2440,https://www.etsy.com/listing/4458953460/multicolour-cotton-wraparound-skirt-for,
"Black Satin Maxi Skirt, High Waist Partywear Skirt",44.016,Skirts,['satin'],IN,23,687,https://www.etsy.com/listing/4525526203/black-satin-maxi-skirt-high-waist,
Black Argentine Tango Skirt: Godet Fishtail Dance Skirt JAZMIN,98.25999999999999,Skirts,['Unknown'],DE,249,9742,https://www.etsy.com/listing/713970073/black-argentine-tango-skirt-godet,
"Long wool skirt, Black wool skirt, A line skirt, Vintage 1950s Maxi Wool skirt, Women skirts, Autumn winter wool skirt, handmade skirt 1088",79.0,Skirts,['wool'],CN,1935,30654,https://www.etsy.com/listing/202013360/long-wool-skirt-black-wool-skirt-a-line,
"Sequin Fringe Feather Trim Mini Dress, Spaghetti Strap Party Cocktail Apparel",126.58,Skirts,['Unknown'],US,25,335,https://www.etsy.com/listing/4552972274/sequin-fringe-feather-trim-mini-dress,
Floral Multicolor Embroidered Lehenga Choli – Wedding & Mehndi Outfit,180.0,Skirts,['Unknown'],IN,75,3100,https://www.etsy.com/listing/4473010923/floral-multicolor-embroidered-lehenga,
Embroidered Silk Lehenga Choli Set | Sequins Work Designer Wedding Outfit,41.90952,Skirts,['silk'],IN,23,1315,https://www.etsy.com/listing/4533739041/embroidered-silk-lehenga-choli-set,
"Long Wool Skirt Women, Plaid Midi Skirt, Plus Size Wool Skirt, Retro Wool Skirt, Wool Swing Skirt, High Waisted Winter Skirt, Xiaolizi 3119#",79.0,Skirts,['wool'],CN,998,17596,https://www.etsy.com/listing/1064619780/long-wool-skirt-women-plaid-midi-skirt,
"Burgundy Maxi Skirt, Faux Linen Boho Skirt, Plus Size Autumn Skirt, Custom Pocket Available, Elastic Waist Folk Dress, Wine Red Gift For Her",33.1834,Skirts,['linen'],PH,21,159,https://www.etsy.com/listing/4528271659/burgundy-maxi-skirt-faux-linen-boho,
Batik Culottes Women&#39;s Cotton Korean Style Wide Leg Elastic Pants,30.99,Skirts,['cotton'],ID,1,12,https://www.etsy.com/listing/4554370253/batik-culottes-womens-cotton-korean,
"Personalized Luxury Spa Wrap, 100% Cotton Terry Velour, Monogrammed Sauna Kilt",59.0,Skirts,['cotton'],US,2,132,https://www.etsy.com/listing/4527440580/personalized-luxury-spa-wrap-100-cotton,
"High Waisted Brown Wool Skirt: Pleated Midi Skater Skirt, Custom, Xiaolizi 6499",89.0,Skirts,['wool'],CN,414,4787,https://www.etsy.com/listing/4377455286/high-waisted-brown-wool-skirt-pleated,
"Pleated Maxi skirt outfit for summer, Black Skirt, Long Linen skirt, Womens skirt, Skirt with pockets, Casual skirt, Custom made skirt 2383#",79.0,Skirts,['cotton'],CN,1526,18175,https://www.etsy.com/listing/59170239/pleated-maxi-skirt-outfit-for-summer,
"Tartan Wool Walking Skirt, Elegant Victorian Plaid Wool Skirt, Outlander Skirt, Maxi Checkered Winter Skirt, Plus Sizes Available up to 3XL",253.164,Skirts,['wool'],BG,5414,166829,https://www.etsy.com/listing/927672384/tartan-wool-walking-skirt-elegant,
"Various Color Satin Silk Wrap Skirt – Adjustable Tie Waist, Elegant Long Skirt",50.0,Skirts,['silk'],ID,2,38,https://www.etsy.com/listing/4540697999/various-color-satin-silk-wrap-skirt,
"Pink Ribbed Camisole & Blue Lace Tie‑Front Shrug With Ruffled Tiered Mini Skirt, Sweet Coquette Y2K Kawaii 3Pcs Outfit Set",26.56,Skirts,['lace'],PH,60,223,https://www.etsy.com/listing/4538130360/pink-ribbed-camisole-blue-lace-tiefront,
"Ice Dye Amethyst Maxi Skirt, New and Improved Style!",59.0,Skirts,['Unknown'],US,53,537,https://www.etsy.com/listing/4493615599/ice-dye-amethyst-maxi-skirt-new-and,
Burgundy Tulle Maxi Skirt Women Lace Layered Long Skirt Romantic Fairy Tutu Skirt High Waist Mesh Ruffle Evening Party Skirt,162.84,Skirts,['lace'],ID,9,110,https://www.etsy.com/listing/4549435830/burgundy-tulle-maxi-skirt-women-lace,
Winter Heavier Warm Skirt Elastic Waist Skirt Thicker Pure Cotton Corduroy Skirts Custom Plus Spring Fall Skirt Casual Loose Maxi Skirt,69.803,Skirts,['cotton'],PH,104,2562,https://www.etsy.com/listing/4369161236/winter-heavier-warm-skirt-elastic-waist,
Corduroy Elastic Swing Skirt: Retro Cottage Style Skirt with Pockets,98.93220000000001,Skirts,['cotton'],GB,295,8103,https://www.etsy.com/listing/1812034339/corduroy-elastic-swing-skirt-retro,
Custom size cotton skirt loose skirts A-line elastic waist skirt travel skirt beach skirt Pea green christmas gift,55.98,Skirts,['cotton'],US,991,19643,https://www.etsy.com/listing/1799490381/custom-size-cotton-skirt-loose-skirts-a,
"Marie Toulouse Berlioz Wrap Skort Dress, Marie Halloween Cosplay Costume Dress, WDW Outfit, DN Trip Matching Outfits, Marie Cat Dress",32.49,Skirts,['Unknown'],US,4,52,https://www.etsy.com/listing/4549542885/marie-toulouse-berlioz-wrap-skort-dress,
White Linen Blend Maxi Skirt For Women High Waist Boho Minimalist A Line Skirt With Pockets Flowing Everyday Vacation Wear,106.24,Skirts,['linen'],PH,27,448,https://www.etsy.com/listing/4522116657/white-linen-blend-maxi-skirt-for-women,
"Chinon Lehenga Choli, Embroidery Sequence Bridal Pakistani Party Wear Ghagra Set",36.66952,Skirts,['Unknown'],ID,5,276,https://www.etsy.com/listing/4513409121/chinon-lehenga-choli-embroidery-sequence,
"Mustard Yellow Lehenga Choli: Indian Wedding Wear, Thread & Sequins Embroidery work lehengas",125.0,Skirts,['Unknown'],IN,587,19667,https://www.etsy.com/listing/1777840630/mustard-yellow-lehenga-choli-indian,
100% Linen Lantern Skirt Plus Size Maxi Skirt for Women High-Waisted Cocoon Shape Skirt with Pockets Loose Fit Women Skirt F731,92.96000000000001,Skirts,['linen'],PH,4,229,https://www.etsy.com/listing/4531925025/100-linen-lantern-skirt-plus-size-maxi,
"Indian silk long wrap skirt, recycle hippie , silk sari reversible skirts, gift for girlfriend",15.66,Skirts,['silk'],IN,0,80,https://www.etsy.com/listing/4544869898/indian-silk-long-wrap-skirt-recycle,
"Linen Wrap Skirt: Moroccan Red with Ties and Pockets, Midi Length",136.408,Skirts,['linen'],BG,1794,28150,https://www.etsy.com/listing/1656161931/linen-wrap-skirt-moroccan-red-with-ties,
Women’s 3D Printed Embroidered Floral Maxi Skirt | Elegant High Waist Boho Long Skirt,100.99,Skirts,['Unknown'],PK,19,211,https://www.etsy.com/listing/4554738987/womens-3d-printed-embroidered-floral,
Ivory silk mini skirt - High waisted skirt - Mini satin skirt - Silk wrap mini skirt- Exaggerated Waist Tie- Gift for her Summer Skirt,111.14,Skirts,['silk'],VN,697,8585,https://www.etsy.com/listing/4395720451/ivory-silk-mini-skirt-high-waisted-skirt,
Dusty Blue Embroidered Lehenga Choli Set | Bridesmaid Lehenga with Dupatta | Wedding Reception Outfit,104.8,Skirts,['Unknown'],IN,342,14912,https://www.etsy.com/listing/4385815471/dusty-blue-embroidered-lehenga-choli-set,
Handmade Blue ruffle fairy skirt with sequin flower winx inspired festival skirt,120.60000000000001,Skirts,['Unknown'],GB,70,597,https://www.etsy.com/listing/4541943137/blue-ruffle-fairy-skirt-with-sequin,
"Y2K Plaid Lace Mini Skirt, Low Rise Ruffle Fairycore Skirt, Pink or Blue",19.95,Skirts,['lace'],US,21,480,https://www.etsy.com/listing/4540299446/y2k-plaid-lace-mini-skirt-low-rise,
Maxi VINTAGE Skirt with Net Underskirt ACETATE 28&quot; Waist 42&quot; Length WS119,59.99,Skirts,['Unknown'],US,0,21,https://www.etsy.com/listing/289127077/maxi-vintage-skirt-with-net-underskirt,
Black Cotton 25-Yard Belly Dance Skirt“boho skirt”,90.2,Skirts,['cotton'],IN,188,2375,https://www.etsy.com/listing/1336480244/black-cotton-25-yard-belly-dance-skirt,
"Lavender Lehenga Choli for Women, Designer Embroidered Indian Wedding Outfit",157.2,Skirts,['Unknown'],IN,16,718,https://www.etsy.com/listing/4510850978/lavender-lehenga-choli-for-women,
"Short  length women tulle skirt , bridesmaid adult tulle skirt women&#39;s tutu,maxi skirt,knee length skirt,custom for any size",61.0,Skirts,['polyester'],HK,508,21538,https://www.etsy.com/listing/250271741/short-length-women-tulle-skirt,
Handmade Cotton Maxi Skirt: Strawberry Print Tiered Skirt,30.0,Skirts,['cotton'],IN,68,1106,https://www.etsy.com/listing/4457653557/handmade-cotton-maxi-skirt-strawberry,
"Mickey Pumpkin Halloween Wrap Skort Dress, Spooky Mouse Ears Jack O Lantern Skort, WDW Spooky Season Skirt, Mickey&#39;s Not So Scary Skirt",18.85864,Skirts,['Unknown'],CA,78,1873,https://www.etsy.com/listing/4541340614/mickey-pumpkin-halloween-wrap-skort,
lehenga choli for wedding Bridal guest wear indian party reception wear sequins lehenga choli ,0.5,Skirts,['Unknown'],IN,0,24,https://www.etsy.com/listing/4485755318/lehenga-choli-for-wedding-bridal-guest,
Pastel Mint Lace Spaghetti Strap Cami Gradient Pink Green Ruffle Lace Tiered Mini Skirt Two Piece Set Kawaii Fairycore Soft Girl Outfit,28.22,Skirts,['lace'],US,939,6627,https://www.etsy.com/listing/4530172786/pastel-mint-lace-spaghetti-strap-cami,
Sheer mini skirt with high waisted under shorts with flared ruffles chiffon,59.5,Skirts,['chiffon'],UA,281,22722,https://www.etsy.com/listing/4355523730/sheer-mini-skirt-with-high-waisted-under,
Tartan Maxi Skirt Highland Wool Ladies Wrap Scottish Full Length Kilt Celtic Heritage Clothing Fall & Winter Fashion Offered in 50+ Tartans,95.948,Skirts,['wool'],GR,176,4007,https://www.etsy.com/listing/4416115709/tartan-maxi-skirt-highland-wool-ladies,
"Mr Potato Head Costume Wrap Skort Dress, Toy Story Characters Cosplay, Mr Potato Shirt, Pixar Costume For Men, WDW Halloween Cosplay Outfit",13.467000000000002,Skirts,['Unknown'],GB,5,344,https://www.etsy.com/listing/4553945681/mr-potato-head-costume-wrap-skort-dress,
"Reflective Disc Mini Dress, High Neck Short Sleeve Birthday Outfit, Shimmer Statement Party Dress",245.0,Skirts,['Unknown'],US,4,194,https://www.etsy.com/listing/4552975178/reflective-disc-mini-dress-high-neck,
Stylish Royal Blue Lehenga Set – Embroidered Blouse with Heavy Work Dupatta & Plain Skirt,140.5368,Skirts,['Unknown'],IN,78,3304,https://www.etsy.com/listing/4477494438/stylish-royal-blue-lehenga-set,
"Leopard Print Corset Mini Dress, Sweetheart Neck Bodycon Party Outfit",127.88,Skirts,['Unknown'],US,33,1152,https://www.etsy.com/listing/4538651108/leopard-print-corset-mini-dress,
Ivory Tulle Maxi Skirt Women Romantic Layered Mesh Long Skirt Balletcore Aesthetic Cottagecore Outfit Soft Ruffle Hem Elastic Summer Skirt,47.199999999999996,Skirts,['Unknown'],ID,54,648,https://www.etsy.com/listing/4541223876/ivory-tulle-maxi-skirt-women-romantic,
Ladies Kilt Back Plated Skirt Long Length Women Kilt Tartan Skirt Available in Different 50+ Tartans,67.0,Skirts,['wool'],GB,231,12273,https://www.etsy.com/listing/4400645229/ladies-kilt-back-plated-skirt-long,
"Family Gatherings, Button-Down Linen Midi skirt, A-Line swing skirt, Linen skirt, Green skirt, Women skirt with pockets, Summer skirt 2368#",79.0,Skirts,['cotton'],CN,1214,16084,https://www.etsy.com/listing/810865671/family-gatherings-button-down-linen-midi,
Highlander Great Kilt for Women – 16th Century Traditional Tartan Renaissance Scottish Costume – Great Kilts | Available in 50+ Tartans,44.0,Skirts,['wool'],US,309,21957,https://www.etsy.com/listing/4387364736/highlander-great-kilt-for-women-16th,
"AURORA Tailored Linen Full Circle Skirt with Gathers, Retro Cottagecore Style",185.0,Skirts,['cotton'],UA,2115,46350,https://www.etsy.com/listing/1313985215/aurora-gathered-full-circle-skirt,
Leaves Pattern Batik Wrap Skirt Instant Indonesian Sarong Skirt for Women,25.19,Skirts,['Unknown'],ID,1,11,https://www.etsy.com/listing/4542448550/leaves-pattern-batik-wrap-skirt-instant,
Linen Culottes Women&#39;s Korean Style Wide Leg Elastic Waist Pants,30.99,Skirts,['cotton'],ID,0,9,https://www.etsy.com/listing/4554976309/linen-culottes-womens-korean-style-wide,
"Tulle skirt for women, Custom tulle skirt, Maxi tulle skirt, Floor length tulle tutu skirt, Long tulle fairy skirt, Fluffy tulle skirt",102.0,Skirts,['Unknown'],UA,441,12055,https://www.etsy.com/listing/4403172762/tulle-skirt-for-women-custom-tulle-skirt,
Handmade Cotton Maxi Skirt: Strawberry Print Tiered Skirt,30.0,Skirts,['cotton'],IN,132,3458,https://www.etsy.com/listing/4449189914/handmade-cotton-maxi-skirt-strawberry,
"Kanchipuram Organza Jacquard Lehenga Set with Contrast Dupatta,Onam Collection Lehenga Choli",100.0,Skirts,['Unknown'],US,9,936,https://www.etsy.com/listing/4482868472/kanchipuram-organza-jacquard-lehenga-set,
Jeans Skirt Women Plus Size : length above knee,17.0,Skirts,['Unknown'],ID,0,6,https://www.etsy.com/listing/4539363179/jeans-skirt-women-plus-size-length-above,
"Charcoal -Silver Satin Silk Wrap Skirt – Adjustable Tie Waist, Elegant Long Skirt",50.0,Skirts,['silk'],ID,7,171,https://www.etsy.com/listing/4540709888/charcoal-silver-satin-silk-wrap-skirt,
Peacock Blue Lehenga Choli: Indian Wedding Zari Embroidered Georgette,119.99,Skirts,['Unknown'],IN,1129,72823,https://www.etsy.com/listing/1821563360/peacock-blue-lehenga-choli-indian,
Batik Culottes Cotton Wide Leg Pants Korean Style Elastic Waist,30.99,Skirts,['cotton'],ID,0,8,https://www.etsy.com/listing/4554368759/batik-culottes-cotton-wide-leg-pants,
"Custom Order: Stitching, CanCan, Plus & Express Charges, Indian Wedding Outfits",20.0,Skirts,['Unknown'],IN,2,253,https://www.etsy.com/listing/4340518165/custom-order-stitching-cancan-plus,
Black Mesh Micro Mini Skirt 8&quot; long circle skirt XS S M L XL 2XL 3XL plus size stretch gothic lingerie swim cover-up sheer see-through tutu,32.0,Skirts,['Unknown'],US,2109,55545,https://www.etsy.com/listing/1131831876/black-mesh-micro-mini-skirt-8-long,
Red Halter Bow Short Sleeve Top Pink Gingham Strawberry Print Fluffy Lace Tiered Mini Skirt Two Piece Set Y2K Kawaii Picnic Outfit,28.22,Skirts,['lace'],US,126,613,https://www.etsy.com/listing/4530249000/red-halter-bow-short-sleeve-top-pink,
"Poly Cotton Zari Weaving Lehenga Set, Checkered Bridal, Georgette Dupatta, Party Wear 3.5m Flair",39.81352,Skirts,['cotton'],ID,19,1015,https://www.etsy.com/listing/4513433493/poly-cotton-zari-weaving-lehenga-set,
Gothic Cyberpunk Kilt: Black Techwear Skirt with Chains,80.0,Skirts,['cotton'],US,184,3737,https://www.etsy.com/listing/4352742900/gothic-cyberpunk-kilt-black-techwear,
Linen Skirt with Pockets Linen Ruffle Hem Midi Skirt  Elastic Waist Tiered Skirt with Pockets Cottagecore Linen Skirt Handmade Custom Skirt,93.17,Skirts,['cotton'],US,436,4966,https://www.etsy.com/listing/4321281317/linen-skirt-with-pockets-linen-ruffle,
A-line Skirt Minimal White Linen Blend Midi Skirt Summer Boho Skirt Casual A Line Skirt With Pockets Relaxed Elegant Wardrobe Essential,98.77,Skirts,['linen'],PH,30,694,https://www.etsy.com/listing/4523922669/a-line-skirt-minimal-white-linen-blend,
Japanese Crinkle Balloon Skirt – Oversized Elastic Waist Maxi Skirt,39.99,Skirts,['Unknown'],TH,16,316,https://www.etsy.com/listing/4504674703/japanese-crinkle-balloon-skirt-oversized,
Butterfly Soft Net Lehenga Choli Set:,50.60792,Skirts,['Unknown'],IN,1,149,https://www.etsy.com/listing/4522645635/butterfly-soft-net-lehenga-choli-set,
Kanjivaram Silk Zari Weaving Work Half Saree with Custom Stitch Choli and Voni Dupatta - South Girl Half Saree Voni,58.0,Skirts,['silk'],IN,59,3171,https://www.etsy.com/listing/4520731951/kanjivaram-silk-zari-weaving-work-half,
Scottish Tartan Ladies Kilt Back Pleated Traditional Kilt Skirt 16&quot; Length Women Highland Plaid Skirts Available in 50+ Tartan Colors,40.0,Skirts,['wool'],PK,22,1219,https://www.etsy.com/listing/4380031905/scottish-tartan-ladies-kilt-back-pleated,
Linen Midi Skirt for Women Flat-Front Elastic-Back High Waist Skirt Pleated A-Line Skirt With Pockets Custom Skirt Linen Skirt with Pockets,91.5,Skirts,['cotton'],US,409,7201,https://www.etsy.com/listing/4357617473/linen-midi-skirt-for-women-flat-front,
Lavender Cutout Floral Short Sleeve Top Iridescent Purple Lace Tiered Mini Skirt 2Pcs Romantic Coquette Matching Set,28.22,Skirts,['lace'],PH,68,245,https://www.etsy.com/listing/4539297310/lavender-cutout-floral-short-sleeve-top,
Linen Maxi Skirt High Waist Belt Loop Skirt with Side Zipper Full Length A-Line Skirt Flowy Linen Skirt Boho Skirt Summer Custom Long Skirt,94.84,Skirts,['linen'],US,1336,18469,https://www.etsy.com/listing/1903055381/linen-maxi-skirt-high-waist-belt-loop,
Grunge Clothing Bundle | Curated Aesthetic Style | Personalized Outfit Gift for Her | Edgy Distressed 90s Alt Pieces,72.0,Skirts,['Unknown'],US,378,4173,https://www.etsy.com/listing/4531763796/grunge-style-bundle-curated-aesthetic,
"Boho Wrap panel Maxi Skirt Festival Tribal Printed Long Hippie Clothing, Beach Resort Wear for Women",69.0,Skirts,['Unknown'],IN,34,560,https://www.etsy.com/listing/4526003255/boho-wrap-panel-maxi-skirt-festival,
"Teal Green lehenga choli Indian Wedding reception Guest Wear, Zari & Sequin Embroidery",149.99,Skirts,['Unknown'],IN,288,10741,https://www.etsy.com/listing/4460043618/teal-green-lehenga-choli-indian-wedding,
"Prague skirt, Wide linen skirt, Bridesmaids skirt, Wedding linen skirt, Romantic skirt, Linen clothing, Summer skirt, Women linen skirt",138.72,Skirts,['linen'],LT,7372,154380,https://www.etsy.com/listing/748692504/prague-skirt-wide-linen-skirt,
"Saia longa boho, estampa floral paisley, tons de azul, saia fluída e leve, cintura ajustável, tamanho único, roupa de verão estilo boémico",46.239999999999995,Skirts,['silk'],PT,425,10489,https://www.etsy.com/listing/4497808907/saia-longa-boho-estampa-floral-paisley,
Women High Waisted  Leather Skirt | Real Leather Full Circle Black Midi Skirt | Handmade Genuine Leather Skirt | A-Line Skirt for Women,188.0,Skirts,['leather'],PK,269,5812,https://www.etsy.com/listing/4367065947/women-high-waisted-leather-skirt-real,
"Women&#39;s genuine lambskin leather high waisted skirt , Made to measure",116.0,Skirts,['leather'],IN,459,11653,https://www.etsy.com/listing/1661898241/womens-genuine-lambskin-leather-high,
"Crochet Beach Skirt, Boho Cotton Swim Cover Up, White Summer Mini Skirt",39.9,Skirts,['cotton'],TR,6,412,https://www.etsy.com/listing/4503532828/crochet-beach-skirt-boho-cotton-swim,
Lavender Lehenga Choli Set: Indian Wedding Outfit For Women Reception Wear,138.88096,Skirts,['Unknown'],IN,596,34181,https://www.etsy.com/listing/4383329831/lavender-lehenga-choli-set-indian,
"Lavender Cotton Maxi Skirt, 720 Degree Flowy Dance Skirt, Boho Ankle Length Skirt, Elastic Waist, Lined, Cottagecore Festival Skirt",33.1834,Skirts,['cotton'],PH,686,9036,https://www.etsy.com/listing/4369154359/lavender-cotton-maxi-skirt-720-degree,
20 Colors! Super mini skirt,29.99,Skirts,['polyester'],US,2188,124125,https://www.etsy.com/listing/1514482808/20-colors-super-mini-skirt,
Scottish Clan Tartan Maxi Skirt for Women: Highland Pleated Skirts in 50+ Tartans,103.0,Skirts,['wool'],PK,173,9498,https://www.etsy.com/listing/4409914597/scottish-clan-tartan-maxi-skirt-for,
"Luxury long tulle skirt, Princess skirt tulle, Ruffle skirt long, Midi tulle skirts for women, Prom skirt ruffles, Evening skirt xl",131.0,Skirts,['Unknown'],UA,573,11267,https://www.etsy.com/listing/1887449526/luxury-long-tulle-skirt-princess-skirt,
"Lavendar Modern Hanbok Skirt, Mini Length Korean Woman Clothing",85.0,Skirts,['Unknown'],KR,175,5062,https://www.etsy.com/listing/4497609268/lavendar-modern-hanbok-skirt-mini-length,
Sari silk wrap skirt Reversible layer Indian vintage Handmade silk wrap skirt women beach Long magic double layer skirts for Indian skirt,50.0,Skirts,['silk'],IN,21,1165,https://www.etsy.com/listing/4316016188/sari-silk-wrap-skirt-reversible-layer,
Black Cotton Rayon Midi Skirt for Women | Elastic Waist Casual Skirt | Flowy Summer Skirt | Minimal Everyday Skirt,34.98,Skirts,['cotton'],US,2,182,https://www.etsy.com/listing/4440036091/black-cotton-rayon-midi-skirt-for-women,
Soft Goth Clothing Bundle | Curated Aesthetic Style | Personalized Outfit Mystery Gift |,72.0,Skirts,['Unknown'],US,121,880,https://www.etsy.com/listing/4544600347/soft-goth-clothing-bundle-curated,
Crimson Lace Crochet Bra & Panty Set Pattern (PDF Download),4.3,Skirts,['lace'],US,14,45,https://www.etsy.com/listing/4529438142/crimson-lace-crochet-bra-panty-set,
"Moana Te Fiti Wrap Skort Dress, Moana Te Fiti Cosplay Costume Skort, Moana Halloween Dress Skirt, Moana Skirt, DN Trip Skirt, WDW Outfits",18.85864,Skirts,['Unknown'],CA,44,729,https://www.etsy.com/listing/4537032496/moana-te-fiti-wrap-skort-dress-moana-te,
"Ivory Tulle Wedding Skirt, Princess Tutu, Party Skirt",100.0,Skirts,['Unknown'],CN,168,2146,https://www.etsy.com/listing/4332120643/ivory-tulle-wedding-skirtprincess-tutu,
"Blue Causal Corduroy Skirt Women, Winter Autumn Corduroy Maxi Skirt, A-Line Bubble Skirt, Button front Corduroy Skirt, Ylistyle C2502",99.89,Skirts,['corduroy'],CN,312,10515,https://www.etsy.com/listing/1076310863/blue-causal-corduroy-skirt-women-winter,
Rajasthani Traditional Jaipuri 100% Cotton Neptol Print Wrap Around Skirt Up To XXL,117.33408,Skirts,['cotton'],IN,62,2139,https://www.etsy.com/listing/4516209696/rajasthani-traditional-jaipuri-100,
"Ethnic Batik Wrap Skirt, Batik Pattern Skirt, Wrap Skirt, Batik Skirt, Ethnic Batik, Ethnic Skirt, Bali Beach Skirt, Sarong Wrap Skirt",24.66,Skirts,['Unknown'],ID,14,813,https://www.etsy.com/listing/1393479326/ethnic-batik-wrap-skirt-batik-pattern,
"Ethnic Batik Wrap Skirt, Batik Pattern Skirt, Wrap Skirt, Batik Skirt, Ethnic Batik, Ethnic Skirt, Bali Beach Skirt, Sarong Wrap Skirt",24.66,Skirts,['Unknown'],ID,358,14489,https://www.etsy.com/listing/1393413376/ethnic-batik-wrap-skirt-batik-pattern,
Linen Cotton Midi Skirt: High Waist A-Line with Belt,72.4756,Skirts,['cotton'],PH,27,770,https://www.etsy.com/listing/4373072754/linen-cotton-midi-skirt-high-waist-a,
Sleeping Beauty Princess Skater Skirt | Aurora Disneybounding Costume,29.99,Skirts,['polyester'],US,495,10280,https://www.etsy.com/listing/4347543624/sleeping-beauty-princess-skater-skirt,
"Satin 25 Yard Skirt, 5 Tiered, Tribal, Belly Dance, Gypsy, Flamenco, Festival, Renaissance",64.99,Skirts,['satin'],IN,10,314,https://www.etsy.com/listing/4421529423/satin-25-yard-skirt-5-tiered-tribal,
Pink Color Faux Georgette Lehenga Choli Embroidered Sequins Work Bridal Wedding Lehenga Set,53.24888,Skirts,['Unknown'],IN,59,2407,https://www.etsy.com/listing/4488310668/pink-color-faux-georgette-lehenga-choli,
"Mickey & Friends Signatures Halloween Wrap Skort Dress, Halloween Party Outfit, Mickey&#39;s Not So Scary Halloween Skirt, DN Trip Sport Skort",18.85864,Skirts,['Unknown'],CA,87,2179,https://www.etsy.com/listing/4522729085/mickey-friends-signatures-halloween,
Handmade Vintage Silk Wrap Skirt: Short Boho Sari Skirt,37.7,Skirts,['silk'],IN,70,2175,https://www.etsy.com/listing/4337389315/handmade-vintage-silk-wrap-skirt-short,
"Pure Roman Cotton Heavy Flare Skirt, 17-18 Meter Lehenga, Women&#39;s Ethnic Wear",65.5,Skirts,['cotton'],IN,25,512,https://www.etsy.com/listing/4511516086/pure-roman-cotton-heavy-flare-skirt-17,
"Yellow South Indian Half Saree, Ready to Wear Lehenga Saree, Traditional Langa Voni, Wedding Festival Outfit for Women",70.6352,Skirts,['Unknown'],IN,30,2125,https://www.etsy.com/listing/4538829295/yellow-south-indian-half-saree-ready-to,
"Handmade Tribal Wrap Skirt – Geometric Print, High Slit Boho Festival Fashion",63.25,Skirts,['cotton'],IN,178,2134,https://www.etsy.com/listing/4368623306/handmade-tribal-wrap-skirt-geometric,
"Ghost Spider Gwen Wrap Skort Dress, Ghost Spider Halloween Costume Dress Skirt, Gwen Stacy Sport Skort, WDW Halloween Outfits",32.49,Skirts,['Unknown'],US,19,495,https://www.etsy.com/listing/4541877281/ghost-spider-gwen-wrap-skort-dress-ghost,
Black Cotton Ribbon Skirts | Women&#39;s Ribbon Skirts | Floral Ribbon skirts | Ribbon Skirts | cotton ribbon skirts,95.0,Skirts,['cotton'],US,856,29832,https://www.etsy.com/listing/1587633409/black-cotton-ribbon-skirts-womens-ribbon,
"Ukrainian ethnic skirt plakhta, Wrap skirt, Traditional  folk costume, Custom tailoring",53.0,Skirts,['polyester'],UA,578,8758,https://www.etsy.com/listing/4413828862/ukrainian-ethnic-skirt-plakhta-wrap,
"Disney Haunted Mansion Ghost Host Costume Tennis Dress Skirt, Hitchhiking Ghosts Skirt, Halloween Party Dress, Disneyland Halloween Outfits",17.13,Skirts,['Unknown'],GB,215,4001,https://www.etsy.com/listing/4527112638/disney-haunted-mansion-ghost-host,
Women&#39;s Gothic Satin Mermaid Layered Trumpet Styled Maxi Skirt,65.0,Skirts,['satin'],PK,48,531,https://www.etsy.com/listing/4538424160/womens-gothic-satin-mermaid-layered,
Rita Skater Skirt – Idiocracy Costume – Maya Rudolph Movie Inspired Outfit,41.18,Skirts,['Unknown'],US,60,2564,https://www.etsy.com/listing/4349720375/idiocracy-rita-skater-skirt-maya-rudolph,
"Aurora Sleeping Beauty Wrap Skort Dress, Aurora Princes Dress Skirt, Princess Cosplay Outfit, DN Trip Dress, Gift For Her, Halloween Costume",35.73178,Skirts,['Unknown'],CA,34,193,https://www.etsy.com/listing/4551434539/aurora-sleeping-beauty-wrap-skort-dress,
"Jaipuri Cotton Wrap Skirt, Neptol Print Adjustable Maxi Skirt",117.33408,Skirts,['cotton'],IN,53,1153,https://www.etsy.com/listing/4533995220/jaipuri-cotton-wrap-skirt-neptol-print,
All Size Sari Wrap Skirts | Indian Women All Around Summer Skirt | Mini Tea Long And Extra Large Vintage Skirt| Maxi Perfect For All Season,50.0,Skirts,['silk'],IN,158,5538,https://www.etsy.com/listing/1835322804/all-size-sari-wrap-skirts-indian-women,
"Magenta Pink Lehenga Choli Set with Dupatta, Festive Wear Lehenga for Women",84.65,Skirts,['Unknown'],IN,0,0,https://www.etsy.com/listing/4555681589/magenta-pink-lehenga-choli-set-with,
"Handmade Sequin Rayon Skirt, Elastic Waist, Tiered Indian Gypsy Style",29.99,Skirts,['rayon'],IN,231,6881,https://www.etsy.com/listing/1641787873/indian-womens-sequin-gypsy-long-tiered,
"Beautiful Indian Hand block leopard Printed Long Skirt Dress For Women, Handmade Cotton Skirt , New Fashion Skirt, Beach Wear.",38.0,Skirts,['cotton'],IN,157,3038,https://www.etsy.com/listing/1757923281/beautiful-indian-hand-block-leopard,
"Indian Silk Sari Wrap Skirt: Boho Maxi, Adjustable Waist, Indian Ethnic Style Duty free",7.0,Skirts,['silk'],IN,4,104,https://www.etsy.com/listing/4538149327/indian-silk-sari-wrap-skirt-boho-maxi,
Men&#39;s Scottish Glengarry Hat Piper Bonnet Highlander Military Cap Available in 45+ Tartans,32.1466,Skirts,['wool'],GB,6,688,https://www.etsy.com/listing/1863144426/mens-scottish-glengarry-hat-piper-bonnet,
A31 Madonna Like a Virgin custom White High-Low tutu with hearts/ 80&#39;s party custom/ Boy toy belt,185.0,Skirts,['satin'],US,25,775,https://www.etsy.com/listing/4469624971/a31-madonna-like-a-virgin-custom-white,
Femboy Skirt aus der Cutie Core Edition,36.992,Skirts,['polyester'],DE,499,8061,https://www.etsy.com/listing/4331587035/femboy-skirt-aus-der-cutie-core-edition,
"Disney Toy Story Striped Tennis Dress Skirt, Disney Tennis Skirt, Disneyland Vacation Outfit, Disney Pixar Tennis Dress, Girly Disney Skirt",17.13,Skirts,['Unknown'],GB,81,1595,https://www.etsy.com/listing/4515081107/disney-toy-story-striped-tennis-dress,
"Olive Green color Lehenga Choli set |Embroidery, Sequence & Thread Work |Fully Sttiched Lehenga With Dupatta| Ready To Wear |wedding dresses",89.0,Skirts,['Unknown'],GB,3,120,https://www.etsy.com/listing/4550456280/olive-green-color-lehenga-choli-set,
Thread & Sequins Embroidered Lehenga Choli: Indian Wedding Wear lehengas,119.0,Skirts,['Unknown'],IN,2521,132874,https://www.etsy.com/listing/1775405530/thread-sequins-embroidered-lehenga-choli,
Women&#39;s black linen workwear long skirt A-line large pocket practical skirt casual summer autumn bohemian style customization,98.77,Skirts,['linen'],PH,1,56,https://www.etsy.com/listing/4543201585/womens-black-linen-workwear-long-skirt-a,
"Natural Linen Maxi Skirt with Pockets, Off White A Line Skirt, Elastic Drawstring Waist, Lightweight Summer Skirt for Women, 89cm 93cm",40.12,Skirts,['linen'],ID,15,407,https://www.etsy.com/listing/4525457221/natural-linen-maxi-skirt-with-pockets,
Matte Black Lambskin Leather Skirt | Handmade Pencil Skirt | Women&#39;s Slim Fit Midi Luxury Wear,99.0,Skirts,['leather'],PK,7,109,https://www.etsy.com/listing/4546162200/matte-black-lambskin-leather-skirt,
"Chiffon Skirt, Boho Maxi Skirt, Chiffon Womens Skirt, Beach Chiffon Skirt, Summer Swing Pleated Circle Skirt, Long Dance Chiffon Skirt 4280",82.0,Skirts,['chiffon'],CN,1102,29965,https://www.etsy.com/listing/1470527776/chiffon-skirt-boho-maxi-skirt-chiffon,
"African Print Maxi Skirt Set | Ankara Two-Piece Outfit with Headwrap | Bold Tribal Pattern | Wedding, or Summer Fashion",74.99,Skirts,['Unknown'],US,5,78,https://www.etsy.com/listing/4551586327/african-print-maxi-skirt-set-ankara-two,
Pā‘ū Skirt Bag (Hula Skirt Bag) – Compact Storage and Travel Bag for Hula Skirts (Made in Japan)  – Choose Fabric No. (Message Us),35.0,Skirts,['cotton'],JP,33,1589,https://www.etsy.com/listing/4342512063/p-skirt-bag-hula-skirt-bag-compact,
Cacheur Hüftmini Hüftschmeichler Nierenwärmer Walkloden Walk 100% Schurwolle (gewalkt - Mulesing frei) Gr. 36/38; 40/42; 44/46,57.6844,Skirts,['Unknown'],DE,44,2170,https://www.etsy.com/listing/1852079160/cacheur-huftmini-huftschmeichler,
"Rave Mesh Woman Skirt, Rave Festival Skirt, Black Mesh Skirt, Party Skirt, Women Clothing, Burning Man Clothing, Rave Wear Fashion Style",31.0,Skirts,['polyester'],US,3643,43331,https://www.etsy.com/listing/1768436193/rave-mesh-woman-skirt-rave-festival,
"Disney Haunted Mansion Tennis Dress Skirt, Hitchhiking Ghosts Skirt, Foolish Mortals Skirt, Disneyland Halloween Outfits, Halloween Party",17.13,Skirts,['Unknown'],GB,9,60,https://www.etsy.com/listing/4543454059/disney-haunted-mansion-tennis-dress,
"Linen Wrap Skirt for Women – Adjustable Midi Skirt, High Waist Flowy Summer Linen Skirt, Minimalist Boho Style Natural Linen Clothing",89.99,Skirts,['linen'],IN,597,11206,https://www.etsy.com/listing/4344970166/linen-wrap-skirt-for-women-adjustable,
"Men&#39;s beige Linen Wrap Skirt with Pockets & Buckle – Handcrafted Asymmetrical Viking Kilt, Boho Festival Clothing, Adjustable Tribal Sarong",98.25999999999999,Skirts,['linen'],FR,26,433,https://www.etsy.com/listing/4548190999/mens-beige-linen-wrap-skirt-with-pockets,
"Military Green Linen Style Skirt, Autumn Maxi High-Waisted Skirt, Womens Clothing, Gift for Her, Fall Maxi Skirt, Halloween outfit",52.019999999999996,Skirts,['cotton'],RO,871,10931,https://www.etsy.com/listing/1756747414/military-green-linen-style-skirt-autumn,
Woman Scottish Tartan Wool Maxi Skirt | Long Pleated Maxi Skirt With Leather Strap | Custom Made in 50+ Tartan,79.0,Skirts,['wool'],PK,45,1135,https://www.etsy.com/listing/4410961019/woman-scottish-tartan-wool-maxi-skirt,
"Ballet skirt, Wrap skirt, Dance skirt, Chiffon skirt, Rehearsal skirt: Green Animal Print",33.5,Skirts,['chiffon'],GB,1,15,https://www.etsy.com/listing/4540941459/ballet-skirt-wrap-skirt-dance-skirt,
"Ethnic Batik Wrap Skirt, Batik Pattern Skirt, Wrap Skirt, Batik Skirt, Ethnic Batik, Ethnic Skirt, Bali Beach Skirt, Sarong Wrap Skirt",23.66,Skirts,['silk'],ID,132,8064,https://www.etsy.com/listing/1394228740/ethnic-batik-wrap-skirt-batik-pattern,
"Halloween Character Tennis Dress, Princess Cosplay Outfit, Group Halloween Costumes, Matching Girls Trip Dress, Party Costume for girl",18.0,Skirts,['Unknown'],AU,16,415,https://www.etsy.com/listing/4546122398/halloween-character-tennis-dress,
"Elegant Toraja Batik Mermaid Skirt with Pleats, Wrap Skirt, Batik Skirt, Sarong, Ethnic Skirt, Instant skirt, Batik Pattern Skirt",27.66,Skirts,['Unknown'],ID,52,1318,https://www.etsy.com/listing/4331457917/elegant-toraja-batik-mermaid-skirt-with,
"Honour of Scotland Tartan mini Kilt Skirt, Pleated Wrap Style with Leather Straps",43.000600000000006,Skirts,['leather'],GB,3,183,https://www.etsy.com/listing/4530230638/honour-of-scotland-tartan-mini-kilt,
"Pride Long Skirt Woman, Pride Festival Skirt Woman, Festival Pride Skirt, Pride Rainbow Skirt, Cutout Rave Skirt Woman, Festival Clothing",36.99,Skirts,['polyester'],BG,1347,33681,https://www.etsy.com/listing/1750042453/pride-long-skirt-woman-pride-festival,
"Velvet Mirco Skirt for Cosplay, Festival, Rave, Pole dance, Clubwear. Super short mini skirt.",35.01524,Skirts,['polyester'],BG,842,21247,https://www.etsy.com/listing/586447294/velvet-mirco-skirt-for-cosplay-festival,
"Indian Floral Cotton Nightgown Set, Women&#39;s Sleepwear",31.78584,Skirts,['cotton'],IN,0,267,https://www.etsy.com/listing/4549850978/indian-floral-cotton-nightgown-set,
Pink 5 Layer TUTU Skirt Size 8-22 UK Short Puffy Running Skirt Dance Handmade Stitched,13.386600000000001,Skirts,['Unknown'],GB,45,1311,https://www.etsy.com/listing/4304992858/pink-5-layer-tutu-skirt-size-8-22-uk,
Neon Pastel Kawaii Animals Skater Skirt | Rainbow Deer Fox Panda Unicorn,51.67,Skirts,['Unknown'],US,1,14,https://www.etsy.com/listing/4543490156/neon-pastel-kawaii-animals-skater-skirt,
"Wool Wrap Skirt, Brown Long Wool Skirt, Winter Skirt Women, Wool Skirt Women, Custom Skirt, Modern Clothing, Gift for Mom, Xiaolizi 3862",116.0,Skirts,['wool'],CN,1290,22093,https://www.etsy.com/listing/59049251/wool-wrap-skirt-brown-long-wool-skirt,
5 PC short MIni Skirt Indian Women Wrap Skirts  Silk Bohemian  Hippie Beach Magic short Dress summer skirts for women Free Shipping,5.0,Skirts,['silk'],IN,189,7360,https://www.etsy.com/listing/796182398/5-pc-short-mini-skirt-indian-women-wrap,
Maxi karabela skirt,65.0,Skirts,['Unknown'],US,2,191,https://www.etsy.com/listing/4539036660/maxi-karabela-skirt,
Handcrafted Leather Skirt Hikes | Skirt Chaser | Medieval Leather Accessory,13.872,Skirts,['leather'],PL,83,803,https://www.etsy.com/listing/4465038378/handcrafted-leather-skirt-hikes-skirt,
White High Waist A Line Maxi Skirt With Pockets Bohemian Minimalist Style Casual Daily Wear Polyester Cotton Flowing Skirt,101.26,Skirts,['cotton'],PH,16,571,https://www.etsy.com/listing/4522108781/white-high-waist-a-line-maxi-skirt-with,
"Blue Midi Skirt with Pockets: High Waisted Flowy Skirt, Ikat Print",41.0,Skirts,['rayon'],ID,1,75,https://www.etsy.com/listing/4421436655/blue-midi-skirt-with-pockets-ikat-print,
Mini Silk Wrap Skirts Indian Short Knee Length Vintage Double Layer Maxi Skirt Beach Wear Sarong Skirts 21 Inch Length Magic Wrap Skirt,51.62,Skirts,['silk'],IN,28,981,https://www.etsy.com/listing/1312324223/mini-silk-wrap-skirts-indian-short-knee,
"Pleated Gray Wool Maxi Skirt: Elegant Winter Skirt, Handmade, Xiaolizi 1587#",89.0,Skirts,['wool'],CN,2370,68322,https://www.etsy.com/listing/475997633/pleated-gray-wool-maxi-skirt-elegant,
Cotton Maxi Skirt |  Long Organic Skirt with Pockets | Adjustable Length,63.0,Skirts,['organic cotton'],TH,5338,107369,https://www.etsy.com/listing/791728460/cotton-maxi-skirt-long-organic-skirt,
"Moana Te Fiti Wrap Skort Dress, Te Fiti Cosplay Costume Skort, Moana Halloween Dress Skirt, Moana Te Fiti Skirt, DN Trip Skirt, WDW Outfits",13.467000000000002,Skirts,['Unknown'],GB,11,314,https://www.etsy.com/listing/4545345286/moana-te-fiti-wrap-skort-dress-te-fiti,
Floral Batik Wrap Skirt Adjustable Sarong Formal Kebaya Bottom Green,34.99,Skirts,['Unknown'],ID,1,62,https://www.etsy.com/listing/4533789636/floral-batik-wrap-skirt-adjustable,
"Wool Skirt, Long Skirt, Green Plaid Skirt, Maxi Wool Skirt, Tartan Skirt, Vintage Swing A Line Skirt, Full Fall Winter Skirt, Xiaolizi 4000#",79.0,Skirts,['wool'],CN,2066,54387,https://www.etsy.com/listing/1327569879/wool-skirt-long-skirt-green-plaid-skirt,
"King Gizzard Angine De Poitrine Skirt | Angine Gizzy Gator polka dot Print All Over | KGLW Gift, Festival Skirt, Weirdo Swarm",55.0,Skirts,['Unknown'],US,9,275,https://www.etsy.com/listing/4532684579/king-gizzard-angine-de-poitrine-skirt,
"Teal Blue Thread Work Lehenga Choli with Dupatta, Partywear Embroidered Indian Outfit",68.73832,Skirts,['Unknown'],IN,243,11705,https://www.etsy.com/listing/4399869422/teal-blue-thread-work-lehenga-with,
"Linen Full Circle Skirt with Pockets, Pleated High Waist Skirt Women, Swing Midi Skirt, Summer Skater Skirt, Flared Knee Length Skirt 2817#",79.0,Skirts,['cotton'],CN,3817,50153,https://www.etsy.com/listing/987764963/linen-full-circle-skirt-with-pockets,
"Maroon Georgette Lehenga Choli: Resham & Sequins Embroidery, Indian Wedding Partywear",97.0,Skirts,['Unknown'],IN,219,9389,https://www.etsy.com/listing/4321254222/maroon-georgette-lehenga-choli-resham,
"Wool Maxi Herringbone Skirt, Wool skirt, A-Line Wool Skirt, Winter Warm wool Skirt, Wool Skirt women, Womens wool skirt, Custom Skirt L0760",89.0,Skirts,['wool'],CN,120,2636,https://www.etsy.com/listing/4430516080/wool-maxi-herringbone-skirt-wool-skirt-a,
Scottish Ladies Tartan Kilt Skirt for Women Custom 15&quot; to 20&quot; Length – Back Pleated Girls Women&#39;s Mini Skirt – Available in 50+ Tartans,40.0,Skirts,['Unknown'],PK,39,2243,https://www.etsy.com/listing/4389899982/scottish-ladies-tartan-kilt-skirt-for,
"Marie Toulouse Berlioz Wrap Skort Dress, Marie Halloween Cosplay Costume Dress, WDW Outfit, DN Trip Matching Outfits, Marie Cat Dress",18.36046,Skirts,['Unknown'],CA,18,171,https://www.etsy.com/listing/4546077181/marie-toulouse-berlioz-wrap-skort-dress,
Sky Blue Organza Silk Lehenga Choli | Heavy Embroidery Sequins Bridal Wedding Set,48.19752,Skirts,['silk'],IN,42,1676,https://www.etsy.com/listing/4519393478/sky-blue-organza-silk-lehenga-choli,
"DN Mr Smee Peter Pan Halloween Wrap Skort Dress, Wdw Smee Cosplay All Over Printed Dress, DN Trip Outfits, Mr Smee Cosplay Dress",18.85864,Skirts,['Unknown'],CA,11,79,https://www.etsy.com/listing/4549622946/dn-mr-smee-peter-pan-halloween-wrap,
"Jaipuri Neptol Print Cotton Wrap Maxi Skirt, Rajasthani Boho Summer Skirt",117.33408,Skirts,['cotton'],IN,36,795,https://www.etsy.com/listing/4519440256/traditional-indian-cotton-skirt-jaipuri,
"women&#39;s Linen midi skirt, A line skirt, elastic waist straight skirt, Plus size skirt, high waist skirt, Summer spring skirt 2396#",82.0,Skirts,['linen'],CN,1510,33320,https://www.etsy.com/listing/989867012/womens-linen-midi-skirt-a-line-skirt,
Traditional South Indian Lehenga: White Cotton with Maroon Dupatta (Zari Work),104.42,Skirts,['cotton'],FI,4,564,https://www.etsy.com/listing/4526673279/traditional-south-indian-lehenga-white,
Women’s High Waist Silver Sequin Mini Skirt Party And Clubwear,44.1664,Skirts,['polyester'],FR,3,112,https://www.etsy.com/listing/4466044692/womens-high-waist-silver-sequin-mini,
High waist skirt A style,57.8,Skirts,['Unknown'],GR,327,18431,https://www.etsy.com/listing/1233616609/high-waist-skirt-a-style,
The Classic Black Aurora Skirt,65.0,Skirts,['chiffon'],US,25,1434,https://www.etsy.com/listing/605576590/the-classic-black-aurora-skirt,
Waterproof Reflective Riding Skirt: Warm Hi Viz Equestrian Wear for Women,189.0,Skirts,['Unknown'],UA,586,16149,https://www.etsy.com/listing/934867214/reflective-riding-skirt-waterproof,
"Jaipuri Cotton Wrap Skirt, Neptol Print Adjustable Maxi Skirt Upto 44",117.33408,Skirts,['cotton'],IN,137,2312,https://www.etsy.com/listing/4516889800/jaipuri-cotton-wrap-skirt-neptol-print,
"Safari Print Cotton Midi Skirt, Handcrafted Flared Summer Clothing, Block Printed Casual Resort Wear",60.0,Skirts,['cotton'],IN,4,273,https://www.etsy.com/listing/4520230278/safari-print-cotton-midi-skirt,
"Black color Designer Lehenga Choli |Embroidery, Sequence & Thread Work |Fully Sttiched Lehenga With Dupatta| Ready To Wear |wedding dresses",93.0,Skirts,['Unknown'],GB,4,202,https://www.etsy.com/listing/4547875036/black-color-designer-lehenga-choli,
"White Ruffle Mini Skirt, Low Waist Layered Skirt, Summer Y2K Bottoms",28.0,Skirts,['Unknown'],IL,69,3654,https://www.etsy.com/listing/4510441795/white-ruffle-mini-skirt-low-waist,
"Indian Old Sari Silk Long Skirt Wrap Skirts Wholesale Lot of Maxi Skirt, Bohemian Silk Skirts, Hippie Skirts, Silk Sari Skirts",5.0,Skirts,['silk'],IN,267,18133,https://www.etsy.com/listing/797324224/indian-old-sari-silk-long-skirt-wrap,
Tapestry Tie & Skirt Set,25.0,Skirts,['lace'],US,83,3609,https://www.etsy.com/listing/4450118895/tapestry-tie-skirt-set,
Project Hail Mary Wolf Zip Cardigan - Wool Knit Nordic Winter Sweater,75.0,Sweaters & Knitwear,['wool'],PK,184,3726,https://www.etsy.com/listing/4548703516/project-hail-mary-wolf-zip-cardigan-wool,
Wool Wrap Vest Knitting Pattern PDF | Simple & Beginner Friendly | Natural Rustic Style Handknitted Vest | XS-XL,10.404,Sweaters & Knitwear,['wool'],PL,660,5779,https://www.etsy.com/listing/4489266985/wool-wrap-vest-knitting-pattern-pdf,
Wolf Cardigan | Hail Mary Inspired Nordic Zip-Up Sweater,70.0,Sweaters & Knitwear,['wool'],DE,121,1690,https://www.etsy.com/listing/4545218049/wolf-cardigan-hail-mary-inspired-nordic,
"Custom Hand Embroidered Cotton Baby Sweaters,Toddler Jumper Gift",25.78,Sweaters & Knitwear,['cotton'],US,57,2764,https://www.etsy.com/listing/4537623744/custom-hand-embroidered-cotton-baby,
33 in 1 Crochet Cardigan Sweater Pattern Bundle PDF | Tops Dresses Vests Shawls Coat Knit Patterns | Instant Download Crochet Set,5.3,Sweaters & Knitwear,['crochet'],US,8,90,https://www.etsy.com/listing/4534773284/33-in-1-crochet-cardigan-sweater-pattern,
White Polo Bear Cotton Jumper | Ralph Lauren Crewneck Sweater,199.0,Sweaters & Knitwear,['cotton'],PK,47,885,https://www.etsy.com/listing/4542639343/white-bear-sweater-by-ralph-lauren,
"Elegant Crochet Capelet Pattern | Mandarin Collar Lace Shawl, Frog Closures (PDF Download)",5.684094,Sweaters & Knitwear,['lace'],MA,112,2132,https://www.etsy.com/listing/4506821296/elegant-crochet-capelet-pattern-mandarin,
"Project Hail Mary Inspired Wolf Cardigan, Wool Blend Nordic Zip Up Gift",60.0,Sweaters & Knitwear,['wool'],PK,34,861,https://www.etsy.com/listing/4554514377/project-hail-mary-inspired-wolf-cardigan,
Half Zip Sweatshirt for Women|downloadable PDF Sewing Pattern |A4 US Letter Printable | Instant Downloadable|Cozy Casual Pullover,4.5,Sweaters & Knitwear,['cotton'],AE,71,761,https://www.etsy.com/listing/4432961078/half-zip-sweatshirt-for,
"Personalized Baby Sweater With Name,Custom Toddler Sweaters,Hand embroidered baby sweater,Gift for Niece or Granddaughter or Daughter",18.0,Sweaters & Knitwear,['knit'],US,571,21316,https://www.etsy.com/listing/4490097681/personalized-baby-sweater-with,
"Crochet Shrug Pattern, Crochet Bolero Pattern, Shell Lace Bolero, Shell Stitch Crochet Wedding Shrug (PDF Pattern)",4.0,Sweaters & Knitwear,['lace'],PK,34,741,https://www.etsy.com/listing/4484659454/crochet-shrug-pattern-crochet-bolero,
"Crochet Ribbed Sweater Pattern, Oversized Pullover, Balloon Sleeve Jumper (PDF Download)",5.57,Sweaters & Knitwear,['crochet'],PK,11,61,https://www.etsy.com/listing/4537060115/crochet-ribbed-sweater-pattern-oversized,
"Mohair Wrap Modern Wedding Shrug, Wedding Sweater Cover Up, Wedding Mohair Cape Shawl, Bridal Cover up, Women wedding shawl scarf / EMMA",107.508,Sweaters & Knitwear,['Unknown'],LT,4355,126009,https://www.etsy.com/listing/1722386890/mohair-wrap-modern-wedding-shrug-wedding,
"pass me a fridge cig, Sweatshirt, Diet Coke lover Sweatshirt, Coke Sweatshirt, Trendy Sweatshirt, Funny Shirt, Emotional Coke Sweatshirt",38.99,Sweaters & Knitwear,['cotton'],US,288,8705,https://www.etsy.com/listing/4423273084/pass-me-a-fridge-cig-sweatshirt-diet,
Chunky Knit Cardigan Pattern: Beginner-Friendly Wool (PDF Download),7.0,Sweaters & Knitwear,['wool'],TR,861,27401,https://www.etsy.com/listing/4330607208/chunky-knit-cardigan-pattern-beginner,
Fox Cardigan – Hand Knit Wool Sweater Inspired by Hail Mary Wolf Style Cardigan,373.0,Sweaters & Knitwear,['wool'],TR,1130,19453,https://www.etsy.com/listing/4499378060/fox-cardigan-hand-knit-wool-sweater,
Handmade Personalized Sweater Wool Pullover Christmas Monogram Kid Jumper Letter Magic Gift for him her child,99.0,Sweaters & Knitwear,['wool'],TR,4145,103692,https://www.etsy.com/listing/1443655778/handmade-personalized-sweater-wool,
Vintage Crochet Men&#39;s Sweater Pattern – Classic Style Crafting Tutorial - Instant Download PDF,1.9,Sweaters & Knitwear,['crochet'],US,424,6347,https://www.etsy.com/listing/1000114425/vintage-crochet-mens-sweater-pattern,
Ralph Lauren White Polo Bear Sweater | Luxury Knit Crewneck Jumper,174.0,Sweaters & Knitwear,['cotton'],PK,50,2675,https://www.etsy.com/listing/4523618758/ralph-lauren-polo-bear-sweater-vintage,
Ralph Lauren Sky Blue Polo Bear Knit Sweater | Vintage Old Money Jumper,210.0,Sweaters & Knitwear,['wool'],PK,40,2302,https://www.etsy.com/listing/4549051517/ralph-lauren-sky-blue-polo-bear-knit,
"Crochet Vintage Cardigan , Crochet Coat Maria, Boho Oversized Coat, Easy Crochet Tutorial, Jolie Style crochet coat, Women’s coat pattern",11.0,Sweaters & Knitwear,['merino wool'],UA,151,4936,https://www.etsy.com/listing/4332054628/crochet-pattern-cardigan-maria-vintage,
Personalized Sweater - Custom Embroidered Baby Sweater -  Toddler Knit Sweatshirt - Baby Name Jumper,22.753200000000003,Sweaters & Knitwear,['cotton'],GB,13473,639020,https://www.etsy.com/listing/4354059425/personalized-sweater-custom-embroidered,
"Weasley Christmas Sweater, Personalized Wool Blend Sweater: Custom Letter Monogram, Handcrafted Gift, Hogwarts Sweater",45.365,Sweaters & Knitwear,['wool'],TR,245,18390,https://www.etsy.com/listing/4366211934/weasley-christmas-sweater-personalized,
"Chunky Patchwork Cardigan Knitting Pattern, Giant Yarn Color Block Sweater (PDF)",10.036600000000002,Sweaters & Knitwear,['knit'],GB,41,798,https://www.etsy.com/listing/4510117741/chunky-patchwork-cardigan-knitting,
"Crochet Poncho Pattern, Summer Mesh Poncho PDF, Draped Crochet Cover Up, Boho Beach Top Pattern, Easy Treble Crochet Poncho Tutorial",9.98,Sweaters & Knitwear,['crochet'],US,10,129,https://www.etsy.com/listing/4510099217/elegant-luxury-crochet-poncho-pattern,
Chunky Cardigan Knitting Pattern — The Reflection Color Block | All Sizes | Video Tutorial,10.036600000000002,Sweaters & Knitwear,['merino wool'],GB,13,319,https://www.etsy.com/listing/4532634463/chunky-cardigan-knitting-pattern-the,
Polo Bear Sky Blue Knit Sweater | Vintage Old Money Aesthetic Jumper | Preppy Crewneck Graphic Knit | Gift for Her & Him,168.98,Sweaters & Knitwear,['knit'],US,16,126,https://www.etsy.com/listing/4556141412/ralph-lauren-polo-bear-sky-blue-knit,
"Skull Granny Square Crochet Cardigan Pattern (PDF), Gothic Sweater, Long Short Styles (Instant Download)",19.99,Sweaters & Knitwear,['crochet'],TR,4998,27351,https://www.etsy.com/listing/1889748249/granny-skull-crochet-cardigan-pattern,
"Custom Embroidered Baby Sweater,Personalized Knit Jumper,Newborn Crewneck Sweater",25.78,Sweaters & Knitwear,['cotton'],US,612,50283,https://www.etsy.com/listing/4374475525/embroidered-name-baby,
"Personalised Name Knitted Kids Cardigan, Custom Child Cardigan with Embroidery, Handmade Toddler Jumper,Birthday Gift",67.0,Sweaters & Knitwear,['cotton'],GB,36,1474,https://www.etsy.com/listing/4470718396/personalised-name-knitted-kids-cardigan,
PDF PATTERN - Folkloric Lopi Sweater Pattern - 8 Sizes,8.0,Sweaters & Knitwear,['wool'],CA,285,4346,https://www.etsy.com/listing/1320525415/pdf-pattern-folkloric-lopi-sweater,
Vintage Navy Blue Polo Bear Sweater | Ralph Lauren Crewneck Jumper | Gift For Her & Him,199.0,Sweaters & Knitwear,['wool'],PK,11,756,https://www.etsy.com/listing/4549637131/vintage-navy-blue-polo-bear-sweater,
Antler Toggle button,3.6,Sweaters & Knitwear,['knit'],US,1576,31796,https://www.etsy.com/listing/89165758/antler-toggle-button,
"Basgiath War College Sweatshirt, Violet Sorrengail, Fourth Wing Sweatshirt, Fourth Wing Merch, Dragon Rider Sweatshirt, Fantasy Book Lover",38.99,Sweaters & Knitwear,['Unknown'],US,878,17941,https://www.etsy.com/listing/1853792666/basgiath-war-college-sweatshirt-violet,
"Scarf with Sleeves, Boho Shrug Cardigan, Wrap Sweater Women, Boho Wedding Shawl",173.39999999999998,Sweaters & Knitwear,['knit'],ES,2729,48243,https://www.etsy.com/listing/4483387922/scarf-with-sleeves-boho-shrug-cardigan,
Monogram Weasley Jumper Letter Magic Gift Handmade Custom Wool Sweater Pullover Christmas for him her,176.9,Sweaters & Knitwear,['wool'],TR,9968,209039,https://www.etsy.com/listing/1443687258/monogram-weasley-jumper-letter-magic,
"Nordic Fox Knit Zip Up Cardigan, Wool Blend Winter Sweater, Vintage Streetwear Jacket",59.99,Sweaters & Knitwear,['wool'],US,15,710,https://www.etsy.com/listing/4545762714/nordic-fox-knit-zip-up-cardigan-wool,
Personalized Sweater - Custom Embroidered Baby Sweater -  Toddler Knit Sweatshirt - Baby Name Jumper,26.773200000000003,Sweaters & Knitwear,['cotton'],GB,1377,112318,https://www.etsy.com/listing/4373939985/personalized-sweater-custom-embroidered,
Easy Crochet Flower Granny Square Cardigan Pattern | Step-by-Step Handmade Sweater | Beginners,6.99,Sweaters & Knitwear,['crochet'],PK,116,2035,https://www.etsy.com/listing/4494132154/easy-crochet-flower-granny-square,
"Personalized Baby Sweater – Custom Name Knit Jumper, Handmade Toddler Sweatshirt, Baby Shower Gift",34.8132,Sweaters & Knitwear,['cotton'],GB,23,909,https://www.etsy.com/listing/4358023445/personalized-baby-sweater-custom,
Chunky Cardigan Knitting Pattern – ZigZag bold Colour-Block Design (PDF),10.036600000000002,Sweaters & Knitwear,['knit'],GB,25,395,https://www.etsy.com/listing/4513779269/chunky-knit-cardigan-pattern-diagonal,
"The Dude Cardigan, Big Lebowski Sweater, Cowichan Knit Movie Costume Gift",99.99,Sweaters & Knitwear,['knit'],US,37,14980,https://www.etsy.com/listing/4306363617/the-dude-cardigan-big-lebowski-inspired,
"Kids Zoo Friends Crochet Sweater Pattern, Granny Square Animal Appliqués (PDF Pattern)",7.0,Sweaters & Knitwear,['crochet'],PK,37,1083,https://www.etsy.com/listing/4495907349/kids-zoo-friends-crochet-sweater-pattern,
"Crochet Floral Lace Bolero Jacket Pattern, Vintage Inspired Shrug (PDF Pattern)",4.5,Sweaters & Knitwear,['lace'],PK,40,618,https://www.etsy.com/listing/4515153398/crochet-floral-lace-bolero-jacket,
Polo White Bear Sweater by Ralph Lauren | Summer Crewneck Jumper | Gift For Her & Him,200.0,Sweaters & Knitwear,['wool'],PK,67,5982,https://www.etsy.com/listing/4523599359/polo-white-bear-sweater-by-ralph-lauren,
Crewneck - Hot Girls Have Granny Hobbies - PLEASE READ DESCRIPTION,80.0,Sweaters & Knitwear,['Unknown'],US,375,5437,https://www.etsy.com/listing/4529467864/crewneck-hot-girls-have-granny-hobbies,
Vintage Rose Floral Crochet Cardigan Pattern (PDF) | Granny Square Flower Motif Jacket,7.35,Sweaters & Knitwear,['crochet'],PK,10,126,https://www.etsy.com/listing/4491007786/vintage-rose-floral-crochet-cardigan,
Oversized Daisy Cardigan Crochet Pattern | Beginner Floral Sweater | Chunky Fall PDF,6.99,Sweaters & Knitwear,['crochet'],PK,58,1136,https://www.etsy.com/listing/4462995807/oversized-daisy-cardigan-crochet-pattern,
"Sage Green Mohair Bridal Bolero, Fluffy Bridesmaid Shrug, Soft Mohair Wedding Wrap, Handmade Silk Mohair Cardigan, Elegant Bridal Cover Up",88.0,Sweaters & Knitwear,['silk'],UA,215,5001,https://www.etsy.com/listing/4501951984/sage-green-mohair-bridal-bolero-fluffy,
Elegant Lace wedding boleros Long Sleeves lace bolero bridal bolero jacket Lace Wedding dress topper Romantic lace sleeves,105.0,Sweaters & Knitwear,['lace'],US,130,2293,https://www.etsy.com/listing/4516157691/elegant-lace-wedding-boleros-long,
Women Knitted Cardigan – O-Neck Cashmere Blend Winter Sweater | Button-Up Knit Sweater | valentines day gifts for her,67.99,Sweaters & Knitwear,['cotton'],US,94,3649,https://www.etsy.com/listing/4421025518/women-knitted-cardigan-o-neck-cashmere,
Crochet Owl Plush Pattern | Woodland Amigurumi Bird Tutorial | DIY PDF Download,2.89,Sweaters & Knitwear,['crochet'],US,1,27,https://www.etsy.com/listing/4526107684/crochet-owl-plush-pattern-woodland,
"Knitted Cat Sweater Pattern | Beginner-Friendly, Multiple Sizes (PDF Pattern)",3.99,Sweaters & Knitwear,['knit'],MA,68,786,https://www.etsy.com/listing/4441642835/knitted-cat-sweater-pattern-pdf-easy-cat,
Navy blue organza wrap navy pull through wrap navy shawl navy bridesmaid shawl navy blue organza scarf navy loop wrap woman organza shrug,30.055999999999997,Sweaters & Knitwear,['Unknown'],ES,571,63545,https://www.etsy.com/listing/1227354467/navy-blue-organza-wrap-navy-pull-through,
"Crochet Granny Square Sweater Pattern, Turtleneck Pullover Tutorial (Digital Download)",5.6,Sweaters & Knitwear,['crochet'],PK,6,50,https://www.etsy.com/listing/4537071623/crochet-granny-square-sweater-pattern,
Chunky Cardigan Knitting Pattern PDF — The Zigzag Color Block | Beginner Friendly | All Sizes | Video Tutorial,10.036600000000002,Sweaters & Knitwear,['knit'],GB,90,3746,https://www.etsy.com/listing/4487311856/chunky-cardigan-pattern-finger-knitted,
Wolf Cardigan Hail Mary Inspired Chunky Nordic Zip-Up Knit Sweater Wool Blend,55.0,Sweaters & Knitwear,['wool'],GB,9,495,https://www.etsy.com/listing/4536980345/wolf-cardigan-hail-mary-inspired-chunky,
"Silver grey wrap grey sleeves capelet silver wrap shrug, soft grey evening shrug, evening capelet, shoulder cape, grey jacket prom wrap",39.303999999999995,Sweaters & Knitwear,['chiffon'],ES,368,16000,https://www.etsy.com/listing/1736679949/silver-grey-wrap-grey-sleeves-capelet,
Crochet Violet Motif Cardigan Pattern | Photo Tutorial PDF | Detailed Digital Design,5.81,Sweaters & Knitwear,['crochet'],TR,3,80,https://www.etsy.com/listing/4425392284/crochet-violet-motif-cardigan-pattern,
"The Life of Showgirl Cardigan, Showgirl Sweater, Orange Sweater",63.0,Sweaters & Knitwear,['Unknown'],TH,186,8606,https://www.etsy.com/listing/4392612567/the-life-of-showgirl-cardigan-showgirl,
Ralph Lauren White Polo Bear Sweater | Luxury Knit Crewneck Jumper | Gift for Her,308.0,Sweaters & Knitwear,['cotton'],US,2,266,https://www.etsy.com/listing/4550430528/ralph-lauren-white-polo-bear-sweater,
"Sweater patterns knitting Mohair pullover, fluffy sweater V neck, oversized knit sweater blue pattern for The Knitter,",9.9,Sweaters & Knitwear,['wool'],UA,445,6770,https://www.etsy.com/listing/1066219133/sweater-patterns-knitting-mohair,
"Trick Or Treat Halloween Cardigan, Pumpkin Cardigan, Retro Pumpkin Cardigan, Happy Fall Sweatshirt , Holiday apparel, Boo clothing",41.59,Sweaters & Knitwear,['knit'],US,102,583,https://www.etsy.com/listing/4546624771/trick-or-treat-halloween-cardigan,
Embroidered kids Sweatshirt | Personalized Baby Name Sweater | Newborn Gift | Birthday Gift For Girls Boys,28.05,Sweaters & Knitwear,['Unknown'],US,50,2233,https://www.etsy.com/listing/4439793385/embroidered-kids-sweatshirt-personalized,
"Autumn Embroidered Unisex Pullover, dog with pumpkin and leafs",45.0,Sweaters & Knitwear,['cotton'],US,289,3806,https://www.etsy.com/listing/1587245321/autumn-embroidered-unisex-pullover-dog,
Vintage Polo Bear Sweater | Ralph Lauren Navy Crewneck,169.0,Sweaters & Knitwear,['knit'],US,3,274,https://www.etsy.com/listing/4551109599/vintage-polo-bear-sweater-ralph-lauren,
Fanfiction Cardigan: Archive of Our Own Reader Sweater with Customizable Pockets,132.94,Sweaters & Knitwear,['crochet'],FR,118,798,https://www.etsy.com/listing/4543460754/fanfiction-cardigan-archive-of-our-own,
"Unisex Ribbed Crochet Sweater Pattern PDF, Easy Crochet Pullover Pattern, Beginner Friendly Cozy Sweater I Tutorial Chunky Crochet Sweater",1.99,Sweaters & Knitwear,['crochet'],PK,6,111,https://www.etsy.com/listing/4532382294/unisex-ribbed-crochet-sweater-pattern,
Pink and Blue Stripe Knit Top | Preppy Coastal Fashion | Quiet Luxury Tee | Jack and Jill Inspired,55.0,Sweaters & Knitwear,['knit'],US,109,1780,https://www.etsy.com/listing/4498548100/the-jack-and-jill-signature-stripe-knit,
"Custom Name Hand Embroidered Baby Sweater, Soft Knit Personalized Kids Holiday Jumper Gift",51.9384,Sweaters & Knitwear,['knit'],GB,22,1262,https://www.etsy.com/listing/4508309463/custom-name-hand-embroidered-baby,
"Dahlia Expert Chainstitch Embroidered Cashmere  Crewneck Sweater, Gardening and Flower Lover Gift, Women&#39;s Oatmeal Medium, Hot Pink Thread",180.0,Sweaters & Knitwear,['cashmere'],US,0,3,https://www.etsy.com/listing/4557162592/dahlia-expert-chainstitch-embroidered,
Loom Knit Brioche Cardigan Pattern + Video Tutorial,6.5,Sweaters & Knitwear,['knit'],ES,371,10599,https://www.etsy.com/listing/1186685205/loom-knit-brioche-cardigan-pattern-video,
"Women&#39;s Cable Knit Cardigan Sweater, Button Front Long Sleeve Layering Top for Fall Winter",130.0,Sweaters & Knitwear,['acrylic'],US,1,24,https://www.etsy.com/listing/4553699840/womens-cable-knit-cardigan-sweater,
Chunky Cardigan Knitting Pattern PDF — The Crossover Color Block | Beginner Friendly | All Sizes | Video Tutorial,10.036600000000002,Sweaters & Knitwear,['knit'],GB,18,317,https://www.etsy.com/listing/4515126131/chunky-cardigan-knitting-pattern-pdf-the,
"Golden wrap, gold shawl, golden bolero, beige wrap, bridesmaids, wedding shrug, golden mother of the bride, evening cape, plus size, prom",39.303999999999995,Sweaters & Knitwear,['chiffon'],ES,3524,164204,https://www.etsy.com/listing/1404058414/golden-wrap-gold-shawl-golden-bolero,
"Teacher Cardigan, School Theme Cardigan, ABC Apple Pencil Cardigan, Teacher Gift, Back to School Sweater, Elementary Teacher Outfit",11.96,Sweaters & Knitwear,['Unknown'],TH,0,0,https://www.etsy.com/listing/4557136449/teacher-cardigan-school-theme-cardigan,
"Spooky Pumpkin Cat Halloween Cardigan, Black Cat Moon Sweater, Vintage Witchy Fall Cardigan, Cute Halloween Outfit for Women",26.99,Sweaters & Knitwear,['Unknown'],US,0,0,https://www.etsy.com/listing/4557136295/spooky-pumpkin-cat-halloween-cardigan,
"White Cable Knit V-Neck Sweater, Slim Fit Long Sleeve Pullover",99.99,Sweaters & Knitwear,['knit'],TR,0,0,https://www.etsy.com/listing/4557125194/white-cable-knit-v-neck-sweater-slim-fit,
Chunky Cardigan Knitting Pattern — The Reflection Color Block | Beginner Friendly | All Sizes | Video Tutorial,10.036600000000002,Sweaters & Knitwear,['merino wool'],GB,100,3323,https://www.etsy.com/listing/4490036038/chunky-cardigan-knitting-pattern-pdf-the,
"Halloween Cardigan, Black Cat Pumpkin Cardigan, Fall V Neck Sweater, Autumn Floral Cardigan, Spooky Season Sweater, Halloween Gift for Women",11.96,Sweaters & Knitwear,['Unknown'],TH,0,0,https://www.etsy.com/listing/4557155512/halloween-cardigan-black-cat-pumpkin,
Crochet Granny Square Sweater Pattern | Boho Patchwork Pullover (PDF Pattern),19.99,Sweaters & Knitwear,['cotton'],TR,1005,9026,https://www.etsy.com/listing/1905725239/crochet-granny-square-sweater-pattern,
"Super soft chunky sweater, black and pink stripe, chunky and warm.",390.0,Sweaters & Knitwear,['wool'],GB,0,0,https://www.etsy.com/listing/4557340887/super-soft-chunky-sweater-black-and-pink,
Nordic Wolf Cardigan Hail Mary Inspired ZipUp Knit Sweater | Y2K Gothic Canadian Winter Style,90.0,Sweaters & Knitwear,['wool'],US,5,280,https://www.etsy.com/listing/4551492799/nordic-wolf-cardigan-hail-mary-inspired,
Polo Bear Navy Blue Knit Sweater by Ralph Lauren | Embroidered Crewneck Jumper | Gift for Her & Him,210.0,Sweaters & Knitwear,['wool'],PK,48,1088,https://www.etsy.com/listing/4542767776/navy-blue-bear-sweater-by-ralph-lauren,
Light grey organza wrap silver pull through wrap shawl light grey bridesmaid shawl grey organza scarf silver loop wrap woman organza shrug,30.055999999999997,Sweaters & Knitwear,['Unknown'],ES,184,20299,https://www.etsy.com/listing/767006404/light-grey-organza-wrap-silver-pull,
Ralph Lauren US Flag Knit Sweater | Vintage Old Money Crewneck Jumper,210.0,Sweaters & Knitwear,['wool'],PK,5,323,https://www.etsy.com/listing/4546313192/ralph-lauren-us-flag-knit-sweater,
Wedding Bolero Wrap Alpaca Silk Bolero Bridal Jacket Wedding Shrug Alpaca Silk Shawl Bridal Bolero Wrap Wedding Cover up,63.58,Sweaters & Knitwear,['silk'],PL,2403,59913,https://www.etsy.com/listing/1848007080/wedding-bolero-wrap-alpaca-silk-bolero,
Weave Summer Jacket,154.225,Sweaters & Knitwear,['crochet'],DK,0,0,https://www.etsy.com/listing/4556231592/weave-summer-jacket,
"High neck white floral lace jacket,long sleeves jacket with satin buttons,soft lace boleros,custom size lace topper",100.0,Sweaters & Knitwear,['satin'],US,512,13157,https://www.etsy.com/listing/4466886298/high-neck-white-floral-lace-jacketlong,
Crocheted Granny Hexagon Cardigan,46.93,Sweaters & Knitwear,['crochet'],CA,1,2,https://www.etsy.com/listing/4557117979/crocheted-granny-hexagon-cardigan,
"Wedding Lace Bolero, Bridal Cape with Sleeves, Elegant Wedding Shawl for Bride",60.0,Sweaters & Knitwear,['lace'],UA,2341,72241,https://www.etsy.com/listing/4442083498/wedding-lace-bolero-bridal-cape-with,
Womens Long Sleeve Knit Tunic Sweater with Gold Ring Zipper  Oversized Side Slit Pullover Top,69.99,Sweaters & Knitwear,['knit'],US,0,0,https://www.etsy.com/listing/4557728908/womens-long-sleeve-knit-tunic-sweater,
Silk Kimono Top,190.0,Sweaters & Knitwear,['silk'],US,0,0,https://www.etsy.com/listing/4557428351/silk-kimono-top,
"Gothic Skull Granny Square Cardigan Crochet Pattern (PDF), Alternative Clothing, 2 Styles",19.99,Sweaters & Knitwear,['crochet'],TR,552,3187,https://www.etsy.com/listing/1898699925/gothic-granny-skull-crochet-cardigan,
"Women&#39;s 100% Merino Wool Sweater,  Mock Neck Knit Pullover, Soft Warm Long Sleeve, Winter Jumper, Office Casual Knit Top, Gift For Her",127.14843999999998,Sweaters & Knitwear,['merino wool'],NL,0,0,https://www.etsy.com/listing/4557726952/womens-100-merino-wool-sweater-mock-neck,
Womens Black V Neck Knit Sweater with Silver Metallic Trim  Long Sleeve Pullover Top,49.99,Sweaters & Knitwear,['knit'],US,0,0,https://www.etsy.com/listing/4557714298/womens-black-v-neck-knit-sweater-with,
"Embroidered Star Cardigan - Folklore Inspired, Eras Tour Outfit",139.9,Sweaters & Knitwear,['Unknown'],TR,565,30621,https://www.etsy.com/listing/1788499222/embroidered-star-cardigan-folklore,
Paris Angora Cardi,545.0,Sweaters & Knitwear,['Unknown'],US,0,0,https://www.etsy.com/listing/4557690082/paris-angora-sweater,
Pink Kitty 1:1 Custom Knit Sweater,160.0,Sweaters & Knitwear,['knit'],US,2,4,https://www.etsy.com/listing/4557667911/pink-kitty-hand-sewn-sweater,
Handmade organic cotton crochet oversized brown and white striped sweater,70.0,Sweaters & Knitwear,['organic cotton'],US,0,0,https://www.etsy.com/listing/4557677808/handmade-organic-cotton-crochet,
Jojifuku Mezzo Piano Striped Cardigan Cutecore Kawaii Heisei Retro 140CM Pink White Long sleeve with bows,25.27,Sweaters & Knitwear,['Unknown'],CA,0,1,https://www.etsy.com/listing/4557678548/jojifuku-mezzo-piano-striped-cardigan,
Elegant Lace wedding boleros Long Sleeves lace bolero bridal bolero jacket Lace Wedding dress topper Romantic lace sleeves,105.0,Sweaters & Knitwear,['lace'],US,3436,120201,https://www.etsy.com/listing/4310795748/elegant-lace-wedding-boleros-long,
Pattern Only- Fall Hexagon Granny Square Cardigan,10.0,Sweaters & Knitwear,['crochet'],US,1625,21240,https://www.etsy.com/listing/1559238232/pattern-only-fall-hexagon-granny-square,
Crocheted Gold Dragonfly Garden Shrug – Caron Simply Soft Yarn,80.0,Sweaters & Knitwear,['crochet'],US,0,2,https://www.etsy.com/listing/4557641425/dragonfly-shrug,
"Oversized Crochet Granny Square Cardigan, Handmade Chunky Crochet Sweater, Boho Patchwork Jacket, Cozy Vintage Knit Cardigan for Women",168.9,Sweaters & Knitwear,['cotton'],UA,0,0,https://www.etsy.com/listing/4557558304/oversized-crochet-granny-square-cardigan,
"Mohair sweater women, Wool pullover, Chunky knit sweater, Cable knit jumper, Soft fluffy knitwear, Mohair shirt women, Brushed wool sweater",125.0,Sweaters & Knitwear,['wool'],UA,0,0,https://www.etsy.com/listing/4557640785/mohair-sweater-women-wool-pullover,
Spiderweb Mohair Sweater – Lightweight Sheer Knit Pullover,40.459999999999994,Sweaters & Knitwear,['knit'],EE,0,1,https://www.etsy.com/listing/4557638311/spiderweb-mohair-sweater-beautiful,
"Funny Christmas Snowman Sweatshirt, Humor Winter Holiday Sweater, Sarcastic Gift for Wife",12.0,Sweaters & Knitwear,['Unknown'],US,0,0,https://www.etsy.com/listing/4557632816/funny-christmas-snowman-sweatshirt-humor,
"Pink Christian Shirt, Bleached Faith Tee, Cross Heart Graphic Shirt, Bible Verse Apparel, Christian Boutique Clothing, Church Outfit",19.99,Sweaters & Knitwear,['Unknown'],US,0,0,https://www.etsy.com/listing/4557636398/pink-christian-shirt-bleached-faith-tee,
Akris Punto Ivory 100% Wool Tunic Sweater | Size Large | Minimalist Designer Knit,128.0,Sweaters & Knitwear,['wool'],US,0,0,https://www.etsy.com/listing/4557619971/akris-punto-ivory-100-wool-tunic-sweater,
Crochet Granny Square Sweater Pattern | Boho Patchwork Pullover (PDF + Video),19.99,Sweaters & Knitwear,['crochet'],TR,103,614,https://www.etsy.com/listing/4479681555/crochet-granny-square-sweater-pattern,
"I&#39;m Literally Just A Matcha Girl Sweatshirt, Matcha Lover Crewneck, Aesthetic Matcha Sweater, Winter Matcha Gift, Matcha Women Outfit",33.2,Sweaters & Knitwear,['Unknown'],US,0,0,https://www.etsy.com/listing/4557606233/im-literally-just-a-matcha-girl,
Handmade Pastel Granny Stitch Crochet Cardigan | Colourful Oversized Sweater | Boho Cottagecore Cardigan | One of a Kind Crochet Gift |,100.5,Sweaters & Knitwear,['crochet'],GB,0,1,https://www.etsy.com/listing/4557633080/handmade-pastel-granny-stitch-crochet,
"Hooded Long Cardigan, Black Which Cloak with Hood, Thumb Hole, Belt",230.46016,Sweaters & Knitwear,['Unknown'],BG,0,2,https://www.etsy.com/listing/4557625894/hooded-long-cardigan-black-which-cloak,
"Festive Reindeer Tacky Ugly Christmas Sweater  Funny Sweater,  Womens 3X  Reindeer Sweater",99.0,Sweaters & Knitwear,['Unknown'],US,0,0,https://www.etsy.com/listing/4557616136/festive-reindeer-tacky-ugly-christmas,
"Handmade Crochet Cardigan, Evil Eye Cotton Coat, Fall Clothes, Boho Chic Knit Jacket, Open Front Sweater, Long Crochet Outfit",240.0,Sweaters & Knitwear,['cotton'],TR,0,0,https://www.etsy.com/listing/4557587343/handmade-crochet-cardigan-evil-eye,
"Red Oversized Cardigan Sweater, Open Front Knit Cardigan, Women’s Cozy Long Sleeve Jumper, Casual Chunky Knit Layering Sweater",190.0,Sweaters & Knitwear,['knit'],PK,0,0,https://www.etsy.com/listing/4557595921/red-oversized-cardigan-sweater-open,
Gray Floral Cardigan with Removable Crochet Rose Brooches,250.0,Sweaters & Knitwear,['crochet'],UA,0,1,https://www.etsy.com/listing/4557587017/gray-floral-cardigan-with-removable,
"Princess Diana Black Sheep Sweater | Knitted Fabric, Red Warm Unisex Jumper",135.0,Sweaters & Knitwear,['knit'],PK,0,2,https://www.etsy.com/listing/4557593590/princess-diana-black-sheep-sweater,
"Chunky Knit  Large Turtleneck Sweater Dress, Soft Light Pink Merino Wool Pullover, Oversized High Collar Winter Tunic, Handcrafted Knitwear",249.0,Sweaters & Knitwear,['merino wool'],UA,0,6,https://www.etsy.com/listing/4557553501/chunky-knit-large-turtleneck-sweater,
Princess Diana Inspired Black Sheep Sweater: Red Knit Pullover Christmas Jumper  | Cozy Holiday Knit,150.0,Sweaters & Knitwear,['knit'],PK,0,2,https://www.etsy.com/listing/4557577578/princess-diana-inspired-black-sheep,
"Unisex Mohair Sweater, Red and Black Striped Jumper, Red Striped Pullover, Black Clothing, Men Women Punk Style Mohair Sweater Top by myAqua",55.0,Sweaters & Knitwear,['Unknown'],TR,1754,41626,https://www.etsy.com/listing/727899326/unisex-mohair-sweater-red-and-black,
"Women’s Knit Cardigan, Scalloped Button Front Sweater, Long Sleeve Lightweight Cardigan, Casual Spring Fall Layering Top",66.98660000000001,Sweaters & Knitwear,['knit'],GB,0,2,https://www.etsy.com/listing/4557544769/womens-knit-cardigan-scalloped-button,
Custom Plushy Cable Crochet Cardigan - Made to Order Braided Design,132.0,Sweaters & Knitwear,['crochet'],UA,0,0,https://www.etsy.com/listing/4557495691/custom-plushy-cable-crochet-cardigan,
Strickjacke Damen bunt – kurzer Harlekin Bolero – handgestricktes Unikat,380.32399999999996,Sweaters & Knitwear,['knit'],DE,0,2,https://www.etsy.com/listing/4557538093/colorful-womens-knit-bolero-harlequin,
"Handmade Burgundy Knit Sweater, Colorful Textured Trim, Boho Winter Pullover M-L",210.0,Sweaters & Knitwear,['knit'],TR,0,3,https://www.etsy.com/listing/4557564472/burgundy-bloom-handmade-knit-sweater,
"Polo Bear Sweater Navy Blue, Ralph Lauren Style Crewneck Knit, Preppy Vintage Inspired Pullover",340.0,Sweaters & Knitwear,['knit'],US,0,0,https://www.etsy.com/listing/4557528099/polo-bear-sweater-navy-blue-ralph-lauren,
"Women’s Color Block Sweater, Ribbed Crew Neck Long Sleeve Pullover, Soft Stretch Casual Top, Fall Winter Everyday Knitwear",53.586600000000004,Sweaters & Knitwear,['knit'],GB,0,2,https://www.etsy.com/listing/4557574084/womens-color-block-sweater-ribbed-crew,
"Set: Alpaka/Seide,Handgestrickt,Pullover mit Kragen,flauschig, leicht,warm Farbauswahl",183.80399999999997,Sweaters & Knitwear,['Unknown'],DE,0,0,https://www.etsy.com/listing/4557537465/set-alpakaseidehandgestricktpullover-mit,
"Women Chunky Knit Striped Cardigan, Oversized Open Front Sweater, Cozy Color Block Knitwear, Relaxed Fit Fall Winter Cardigan,  Gift for Her",65.0,Sweaters & Knitwear,['knit'],PK,0,0,https://www.etsy.com/listing/4557526285/women-chunky-knit-striped-cardigan,
Sky Blue Polo Bear Knit Sweater | Vintage Inspired Crewneck Jumper | Preppy Old Money Style,100.0,Sweaters & Knitwear,['knit'],PK,0,1,https://www.etsy.com/listing/4557554526/sky-blue-polo-bear-knit-sweater-vintage,
"Handmade Cashmere Merino Turtleneck Sweater, Luxury Oversized Wool Pullover, Chunky Knitwear",461.24399999999997,Sweaters & Knitwear,['merino wool'],PL,1,5,https://www.etsy.com/listing/4557538072/handmade-cashmere-merino-turtleneck,
"Colorful Alpaca Cardigan, Chunky Striped Sweater, Fluffy Mohair Jacket",319.0,Sweaters & Knitwear,['alpaca'],UA,0,0,https://www.etsy.com/listing/4557540876/colorful-alpaca-cardigan-chunky-striped,
"Women’s Light Brown Suede Leather Bolero Jacket, Cropped Western Jacket, Fitted Crop Leather Jacket, Stylish Fashion Outerwear",135.0,Sweaters & Knitwear,['leather'],PK,0,2,https://www.etsy.com/listing/4557527794/womens-light-brown-suede-leather-bolero,
"Women’s Ribbed Knit Pullover Sweater, Color Block Long Sleeve Crewneck Top, Soft Casual Fall Winter Sweater, Cozy Everyday Shirt",53.586600000000004,Sweaters & Knitwear,['knit'],GB,0,3,https://www.etsy.com/listing/4557570302/womens-ribbed-knit-pullover-sweater,
"Colorful Mohair Cardigan, Long Alpaca Duster, Oversized Striped Knit Coat, Boho Wool Outwear",389.0,Sweaters & Knitwear,['wool'],UA,0,0,https://www.etsy.com/listing/4557511741/colorful-mohair-cardigan-long-alpaca,
"Women’s Olive Green Suede Leather Bolero Jacket, Cropped Western Jacket, Fitted Crop Leather Jacket, Stylish Fashion Outerwear",135.0,Sweaters & Knitwear,['leather'],PK,0,0,https://www.etsy.com/listing/4557509789/womens-olive-green-suede-leather-bolero,
Ralph Lauren Polo Bear Knit Sweater | Vintage Old Money Crewneck Jumper,84.36,Sweaters & Knitwear,['knit'],PK,0,0,https://www.etsy.com/listing/4557498089/ralph-lauren-polo-bear-knit-sweater,
"Women Knit Cardigan Sweater with Pockets, Open Front Long Sleeve Cardigan, Cozy Casual Fall Winter Sweater, Soft Oversized Knit Top",65.0,Sweaters & Knitwear,['knit'],PK,0,0,https://www.etsy.com/listing/4557505093/women-knit-cardigan-sweater-with-pockets,
Gilet granny fait main,57.8,Sweaters & Knitwear,['Unknown'],FR,0,0,https://www.etsy.com/listing/4557511274/gilet-granny-fait-main,
Cashmere Merino Alpaca Turtleneck Sweater | Oversized Women&#39;s Pullover |  Chunky Knit Jumper,461.24399999999997,Sweaters & Knitwear,['wool'],PL,1,5,https://www.etsy.com/listing/4557480612/cashmere-merino-wool-turtleneck-sweater,
"White Mohair Lace Sweater, Oversize Pullover, Hand Knit Jumper, Boho Slouchy Loose Knit Blouse",77.0,Sweaters & Knitwear,['lace'],UA,0,0,https://www.etsy.com/listing/4557505894/white-mohair-lace-sweater-oversize,
"Barbie Cardigan with Oversized Sleeves, Gift for Wife, Handmade Wool Knit Statement Style",280.0,Sweaters & Knitwear,['wool'],UA,0,0,https://www.etsy.com/listing/4557490078/barbie-cardigan-with-oversized-sleeves,
Oversized Hand-Knit Sweater,173.39999999999998,Sweaters & Knitwear,['knit'],NL,1,19,https://www.etsy.com/listing/4557500120/oversized-hand-knit-sweater,
Iris von Arnim Cashmere Cardigan Large | Made in Italy | Cable Knit Luxury Heritage Sweater,265.0,Sweaters & Knitwear,['cashmere'],US,0,0,https://www.etsy.com/listing/4557497770/iris-von-arnim-cashmere-cardigan-large,
"Scalloped Edge Cardigan for Women, Button Front Sweater, Soft Knit Long Sleeve Cardigan, Casual Everyday Layering Top",66.98660000000001,Sweaters & Knitwear,['knit'],GB,0,2,https://www.etsy.com/listing/4557540789/scalloped-edge-cardigan-for-women-button,
"Colorful Striped Mohair Sweater, Hand Knit Alpaca Pullover, Oversized Merino wool Jumper, Handmade Women&#39;s Knitwear",250.0,Sweaters & Knitwear,['merino wool'],UA,0,0,https://www.etsy.com/listing/4557518098/colorful-striped-mohair-sweater-hand,
Gilet granny fait main,57.8,Sweaters & Knitwear,['Unknown'],FR,0,2,https://www.etsy.com/listing/4557496224/gilet-granny-fait-main,
Pumpkin Latte Sloth Cropped Sweatshirt | Fall Cozy Graphic Pullover,57.96,Sweaters & Knitwear,['fleece'],US,0,1,https://www.etsy.com/listing/4557462489/pumpkin-latte-sloth-cropped-sweatshirt,
Oversized Merino Cashmere Turtleneck Sweater | Chunky Knit Pullover | Handmade Women&#39;s Winter Jumper | Soft Luxury Knitwear,461.24399999999997,Sweaters & Knitwear,['wool'],PL,1,6,https://www.etsy.com/listing/4557449864/oversized-merino-cashmere-turtleneck,
Sky Blue Polo Bear Ralph Lauren Sweater | Vintage Crewneck Jumper | Gift for Her &Him,199.0,Sweaters & Knitwear,['wool'],PK,0,0,https://www.etsy.com/listing/4557468136/sky-blue-polo-bear-ralph-lauren-sweater,
"Pink Mohair and Merino Sweater with Bow – Bridal Knitwear, Handknit Bell Sleeve Pullover, Custom Mohair Sweater, Feminine Soft Knit Top",145.0,Sweaters & Knitwear,['lace'],UA,0,0,https://www.etsy.com/listing/4557440223/pink-mohair-and-merino-sweater-with-bow,
"Women’s Scalloped Cardigan Sweater, Button Front Knit Cardigan, Lightweight Long Sleeve Sweater, Casual Layering Top",66.98660000000001,Sweaters & Knitwear,['knit'],GB,0,4,https://www.etsy.com/listing/4557537359/womens-scalloped-cardigan-sweater-button,
"Dark Pink Mohair Bridal Bolero Shrug, Soft Sheer Bridesmaid Sweater, Fluffy Mohair Wedding Sleeves, Romantic Evening Bolero Jacket",88.0,Sweaters & Knitwear,['knit'],UA,0,0,https://www.etsy.com/listing/4557457812/dark-pink-mohair-bridal-bolero-shrug,
"Blush Pink Sequin Knit Cardigan Women, Oversized Tweed Merino Sweater, Handmade Soft Layering Top",160.0,Sweaters & Knitwear,['wool'],UA,0,1,https://www.etsy.com/listing/4557451164/blush-pink-sequin-knit-cardigan-women,
"Long Knit Cardigan for Women, Oversized Maxi Chunky Knit Sweater, Wool Blend Open Front Coat, Custom Color Soft Duster",270.0,Sweaters & Knitwear,['wool'],UA,0,1,https://www.etsy.com/listing/4557450978/long-knit-cardigan-for-women-oversized,
Granny Square Crochet Cardigan: Custom Cotton Blend Knit,347.94444,Sweaters & Knitwear,['cotton'],TR,0,0,https://www.etsy.com/listing/4557439090/granny-square-crochet-cardigan-custom,
"Sheer Beaded Sweater in Baby Alpaca & Super Kid Mohair, Soft Lightweight Purple Knit Top. Sizes S–M",150.0,Sweaters & Knitwear,['lace'],UA,0,0,https://www.etsy.com/listing/4557393558/sheer-beaded-sweater-in-baby-alpaca,
SUPERSALE - Oversized flauschiger langer Strickpullover Grobstrick - Taupe - SCHUHZWANG,69.2444,Sweaters & Knitwear,['Unknown'],DE,0,0,https://www.etsy.com/listing/4557409389/supersale-oversized-flauschiger-langer,
"Oversized Knit Cardigan for Women, Handcrafted Chunky Wool Sweater, Cozy Open Front Jacket, Gift for Her",180.0,Sweaters & Knitwear,['wool'],UA,0,2,https://www.etsy.com/listing/4557434086/oversized-knit-cardigan-for-women,
Mallard crewneck pre order,53.0,Sweaters & Knitwear,['Unknown'],US,0,0,https://www.etsy.com/listing/4557398379/mallard-crewneck-pre-order,
Womens Contrast Button Up Long Sleeve Cardigans For Winter Outings,120.0,Sweaters & Knitwear,['knit'],US,0,1,https://www.etsy.com/listing/4557415132/womens-contrast-button-up-long-sleeve,
"Barbiecore chunky cardigan with oversized sleeves, girlfriend gift for pink clothes, handmade sweater knit",280.0,Sweaters & Knitwear,['wool'],UA,0,4,https://www.etsy.com/listing/4557406078/barbiecore-chunky-cardigan-with,
Chunky Turtleneck Sweater | Hand-Knitted Gradient Jumper | Custom Size Drop-Stitch Knitwear,266.66,Sweaters & Knitwear,['wool'],GB,0,2,https://www.etsy.com/listing/4557404582/chunky-turtleneck-sweater-hand-knitted,
Women Vintage Inspired Cardigan | V Neck Button Cardigan | Whimsical Statement Sweater | Women Autumn Knitwear,214.58,Sweaters & Knitwear,['knit'],US,0,1,https://www.etsy.com/listing/4557376671/women-vintage-inspired-cardigan-v-neck,
Gilet Long Femme Chic – Cardigan Boutonné Manches Longues – Maille Légère et Élégante – Style Décontracté Automne Hiver,61.15239999999999,Sweaters & Knitwear,['Unknown'],FR,0,0,https://www.etsy.com/listing/4557365143/gilet-long-femme-chic-cardigan-boutonne,
Strickjacke * Grobstrick * Chunky * Cardigan * Gr. S/36,218.48399999999998,Sweaters & Knitwear,['Unknown'],DE,0,2,https://www.etsy.com/listing/4557366483/strickjacke-grobstrick-chunky-cardigan,
SUPERSALE - Oversized flauschiger langer Strickpullover Grobstrick - Taupe - SCHUHZWANG,69.2444,Sweaters & Knitwear,['Unknown'],DE,0,0,https://www.etsy.com/listing/4557410537/supersale-oversized-flauschiger-langer,
Womens High-Low Slit Round Neck Long Sleeve Sweater For Casual Outings,110.0,Sweaters & Knitwear,['knit'],US,0,0,https://www.etsy.com/listing/4557380387/womens-high-low-slit-round-neck-long,
Green Knit Sweater for Women | Relaxed Fit Crew Neck Top | Casual Autumn Sweater | Cozy Winter Top,150.99,Sweaters & Knitwear,['knit'],US,0,1,https://www.etsy.com/listing/4557372141/green-knit-sweater-for-women-relaxed-fit,
Strickjacke * Grobstrick * Chunky * Cardigan * Gr. S/M,218.48399999999998,Sweaters & Knitwear,['Unknown'],DE,0,3,https://www.etsy.com/listing/4557363347/strickjacke-grobstrick-chunky-cardigan,
"Biały długi kardigan, kardigan z bawełny, sweter z bawełny, długi sweter, letni sweter, ręcznie robiony, gotowy do wysyłki, damski sweter",167.61999999999998,Sweaters & Knitwear,['Unknown'],PL,0,1,https://www.etsy.com/listing/4557372780/biay-dugi-kardigan-kardigan-z-baweny,
"Women&#39;s Color Block Sweater, Ribbed Knit Pullover, Long Sleeve Crew Neck Sweater, Casual Fall Winter Top, Cozy Knit Sweater",69.99,Sweaters & Knitwear,['knit'],US,0,0,https://www.etsy.com/listing/4557339459/womens-color-block-sweater-ribbed-knit,
"Custom Childhood Drawing Sweater, A special sweater, inspired by your child&#39;s imagination",160.0,Sweaters & Knitwear,['knit'],TR,0,1,https://www.etsy.com/listing/4557344844/custom-childhood-drawing-sweater-a,
Womens Heart Graphic Open Front Cardigan with Pockets,110.0,Sweaters & Knitwear,['knit'],US,0,0,https://www.etsy.com/listing/4557351961/womens-heart-graphic-open-front-cardigan,
"Pink Mohair Sweater, Handmade Sheer Pullover, Lightweight Oversized Knit Top for Women",149.124,Sweaters & Knitwear,['knit'],LV,0,3,https://www.etsy.com/listing/4557323075/pink-mohair-sweater-handmade-sheer,
"Red Black Plaid Dirndl Dress for Women, Bavarian Oktoberfest Costume, German Folk Dress, Beer Festival Outfit, Alpine Festival Wear",75.0,Sweaters & Knitwear,['Unknown'],PK,0,4,https://www.etsy.com/listing/4557334346/red-black-plaid-dirndl-dress-for-women,
"Vintage Crown Photo Mockneck Sweatshirt, EST 2013 Crown Crewneck, Mockneck Birthday Shirt",33.32,Sweaters & Knitwear,['knit'],GB,0,0,https://www.etsy.com/listing/4557326096/vintage-crown-photo-mockneck-sweatshirt,
Personalized Sweater - Custom Embroidered Baby Sweater -  Toddler Knit Sweatshirt - Baby Name Jumper,30.016,Sweaters & Knitwear,['cotton'],GB,212,17027,https://www.etsy.com/listing/4371140306/personalized-sweater-custom-embroidered,
Women&#39;s Boho Knit Cardigan Sweater Oversized Button Front Jacket,70.0,Sweaters & Knitwear,['knit'],PK,0,2,https://www.etsy.com/listing/4557308393/womens-boho-knit-cardigan-sweater,
"Hand Knitted Angora Lace Sweater, Turquoise Openwork Pullover, Oversized Fit",75.0,Sweaters & Knitwear,['wool'],UA,0,0,https://www.etsy.com/listing/4557322728/angora-knit-sweater-openwork-lace,
Alpaca Cream Oversized Cardigan,178.0,Sweaters & Knitwear,['alpaca'],UA,0,0,https://www.etsy.com/listing/4557311671/alpaca-cream-oversized-cardigan,
"Winnie The Pooh Tigger Halloween Cardigan, Magical Kingdom Tiger Costume Sweater For Women, Spooky Pooh Bear Friend Fall Outfit",48.56,Sweaters & Knitwear,['knit'],US,1,0,https://www.etsy.com/listing/4557325426/winnie-the-pooh-tigger-halloween,
Womens Flower Round Neck Latern Sleeve Sweater Women&#39;s Floral Pullover,100.0,Sweaters & Knitwear,['knit'],US,0,0,https://www.etsy.com/listing/4557300237/womens-flower-round-neck-latern-sleeve,
"Trick or Treat Halloween Cardigan, Spooky Witch Cat Bat V-Neck Button Up Sweater, Fall Cardigan for Women, Knitted Cardigan Haunted House",65.0,Sweaters & Knitwear,['knit'],US,0,0,https://www.etsy.com/listing/4557297321/trick-or-treat-halloween-cardigan-spooky,
"Women’s Casual Ribbed Sweater, Color Block Crewneck Pullover, Long Sleeve Soft Knit Top, Cozy Fall Winter Outfit, Gift for Women",65.99,Sweaters & Knitwear,['knit'],US,0,2,https://www.etsy.com/listing/4557318786/womens-casual-ribbed-sweater-color-block,
"Gothic Skull Sweater, Skeleton Cardigan, Alternative Knitwear, Grunge Fashion, Halloween Clothing, Unisex Sweater",70.0,Sweaters & Knitwear,['knit'],DE,0,2,https://www.etsy.com/listing/4557298165/gothic-skull-sweater-skeleton-cardigan,
"Personalized Christmas Cardigan, Custom Name Holiday Sweater, Matching Couple Christmas Cardigan, Festive Knit Gift, Xmas Family Outfit",64.0,Sweaters & Knitwear,['knit'],US,0,0,https://www.etsy.com/listing/4557281038/personalized-christmas-cardigan-custom,
"Cashmere Cotton Sweater, Gray Minimalist Pullover, Soft Knit Sweater, Women’s Crew Neck Sweater, Fall Knitwear, Size 8",150.0,Sweaters & Knitwear,['cotton'],UA,0,2,https://www.etsy.com/listing/4557311520/cashmere-cotton-sweater-gray-minimalist,
"Boho Celestial Cardigan, Sun Moon Sweater, Floral Knit Cardigan, Free Spirit Sweater, Cottagecore Cardigan, Bohemian Gift for Her",12.49,Sweaters & Knitwear,['knit'],PH,0,1,https://www.etsy.com/listing/4557285933/boho-celestial-cardigan-sun-moon-sweater,
"Personalized Couple Photo Mockneck Sweatshirt, Custom Navy Names Pullover, Vintage Face Mockneck Crewneck, EST 2026 Anniversary Shirt",33.32,Sweaters & Knitwear,['knit'],GB,0,0,https://www.etsy.com/listing/4557308431/personalized-couple-photo-mockneck,
"Halloween Ghost Cardigan, Cute Spooky Fall Sweater, Pumpkin Season Cardigan, Ghost Lover Gift, Halloween Outfit for Women and Men",18.0,Sweaters & Knitwear,['Unknown'],VN,0,0,https://www.etsy.com/listing/4557307936/halloween-ghost-cardigan-cute-spooky,
"Personalized Christmas Cardigan, Snowman Sweater Women, Custom Name Holiday Knit Cardigan, Winter Sweater, Festive Gift, Cozy Xmas Outfit",64.0,Sweaters & Knitwear,['knit'],US,0,1,https://www.etsy.com/listing/4557305114/personalized-christmas-cardigan-snowman,
"Gothic Black Lace Dress, Off Shoulder Corset Mini Dress, Bell Sleeve Floral Lace Dress, Alternative Women’s A Line Party Dress",65.0,Sweaters & Knitwear,['lace'],PK,0,0,https://www.etsy.com/listing/4557278827/gothic-black-lace-dress-off-shoulder,
"Halloween Dark Blue Cardigan for Women, Ghost Moon Sweater, Spooky Cottagecore Knit Cardigan, Gothic Fall Sweater, Halloween Gift",16.019000000000002,Sweaters & Knitwear,['knit'],PH,0,1,https://www.etsy.com/listing/4557267615/halloween-dark-blue-cardigan-for-women,
"Monarch Butterfly Wing Cardigan, Oversized Boho Knitwear Crochet Sweater, Open-Front Cocoon Knit Cardigan",46.900000000000006,Sweaters & Knitwear,['acrylic'],DE,0,0,https://www.etsy.com/listing/4557289852/monarch-butterfly-wing-cardigan,
Crochet Granny Square Sweater Pattern: Colorful Motif Pullover (PDF Pattern),9.0,Sweaters & Knitwear,['cotton'],TR,1470,23772,https://www.etsy.com/listing/1451574059/crochet-granny-square-sweater-pattern,
"Color Block Knit Hooded Sweater, Cozy Textured Pullover, Casual Fall Winter Top",66.5578,Sweaters & Knitwear,['knit'],GB,0,3,https://www.etsy.com/listing/4557287172/color-block-knit-hooded-sweater-cozy,
"Custom Embroidered Baby Name Cardigan, Personalised Newborn Cardigan, Hand-Knit Toddler Outfit",66.9732,Sweaters & Knitwear,['crochet'],GB,44,1842,https://www.etsy.com/listing/4480564351/custom-embroidered-baby-name-cardigan,
"Crochet 3D White Daisy Cardigan Handmade, Bold Orange Floral Knit Jacket, Flower Applique Boho Sweater Coat, Cottagecore Y2K Outerwear",350.89,Sweaters & Knitwear,['crochet'],US,0,5,https://www.etsy.com/listing/4557261559/crochet-3d-white-daisy-cardigan-handmade,
"Personalized Moose Ugly Christmas Sweater, Custom Name and Number Unisex Pullover",45.839904000000004,Sweaters & Knitwear,['Unknown'],PH,0,0,https://www.etsy.com/listing/4557252021/personalized-moose-ugly-christmas,
"Lopapeysa icelandic sweater in pure icalandic lopi yarn, Nordkalott polar",381.48,Sweaters & Knitwear,['wool'],PL,0,1,https://www.etsy.com/listing/4557275254/lopapeysa-icelandic-sweater-in-pure,
"Hand Felted Striped Sweater: Merino Wool Fall Clothing, Crew Neck, Warm Natural Fiber",290.0,Sweaters & Knitwear,['merino wool'],UA,0,1,https://www.etsy.com/listing/4557250229/hand-felted-stripe-sweater-merino-wool,
"Christmas Gnome Ugly Sweater, Red Black Funny Xmas Gift Unisex Holiday Party Pullover",45.839904000000004,Sweaters & Knitwear,['Unknown'],PH,0,0,https://www.etsy.com/listing/4557244949/christmas-gnome-ugly-sweater-red-black,
Preppy Striped Knit Sweater for Women Sailor Collar Button Detail Loose Fit Long Sleeve Fall Winter Pullover Top,180.0,Sweaters & Knitwear,['knit'],NL,0,0,https://www.etsy.com/listing/4557266846/preppy-striped-knit-sweater-for-women,
Mesh Crochet Sweater Cream Open Knit Pullover Boho Beach Cover Up Jumper,200.98660000000004,Sweaters & Knitwear,['crochet'],GB,0,1,https://www.etsy.com/listing/4557265082/mesh-crochet-sweater-cream-open-knit,
"Ivory Bridal Bolero Jacket with Faux Fur Collar –  Wool Shrug, Wedding Cover Up & Topper",217.0,Sweaters & Knitwear,['wool'],PK,0,3,https://www.etsy.com/listing/4557257886/ivory-bridal-bolero-jacket-faux-fur,
"Halloween Ghost Cardigan, Embroidered Pumpkin Knit Sweater, Spooky Season Floral Knit Cardigan, Vintage Cottagecore Fall Button Up Coat",119.74,Sweaters & Knitwear,['knit'],ID,0,0,https://www.etsy.com/listing/4557245681/halloween-ghost-cardigan-embroidered,
"Custom Spirit Number Football Mockneck Sweatshirt, Personalized Team Name Mockneck, Checkerboard Helmet Sweatshirt, Game Day Apparel,",33.32,Sweaters & Knitwear,['knit'],GB,0,0,https://www.etsy.com/listing/4557325130/custom-spirit-number-football-mockneck,
"Christmas Cardigan Women, Snowman Christmas Sweater, Holiday Knit Cardigan, Winter Sweater, Festive Christmas Gift, Cozy Xmas Outfit",64.0,Sweaters & Knitwear,['knit'],US,0,0,https://www.etsy.com/listing/4557300526/christmas-cardigan-women-snowman,
"Halloween Blue Cardigan for Women 2026, Ghost Moon Sweater, Spooky Cottagecore Knit Cardigan, Gothic Fall Night Sky Gift",16.019000000000002,Sweaters & Knitwear,['knit'],PH,0,0,https://www.etsy.com/listing/4557266413/halloween-blue-cardigan-for-women-2026,
"Christmas Abbey Road Sweater, Funny Holiday Character Ugly Xmas Sweatshirt, Unisex Gift",45.839904000000004,Sweaters & Knitwear,['Unknown'],PH,0,0,https://www.etsy.com/listing/4557251021/christmas-abbey-road-sweater-funny,
"Ghostbusters Christmas Sweater, Stay Puft Ugly Xmas Sweater, Unisex Holiday Gift",45.839904000000004,Sweaters & Knitwear,['Unknown'],PH,0,0,https://www.etsy.com/listing/4557259986/ghostbusters-christmas-sweater-stay-puft,
"Spooky Cute Halloween Cardigan, Fall Pumpkin Black Cat Knit Sweater, Cozy Autumn Button Down Cardigan,  Witchy Aesthetic Top",118.98,Sweaters & Knitwear,['knit'],ID,0,0,https://www.etsy.com/listing/4557260942/spooky-cute-halloween-cardigan-fall,
"Funny Chicken Ugly Christmas Sweater, I Don&#39;t Fart Joke Holiday Jumper, Unisex Gift",45.839904000000004,Sweaters & Knitwear,['Unknown'],PH,0,0,https://www.etsy.com/listing/4557253550/funny-chicken-ugly-christmas-sweater-i,
"Personalized Photo Christmas Cardigan, Custom Funny Face Ugly Sweater",19.8,Sweaters & Knitwear,['Unknown'],US,0,1,https://www.etsy.com/listing/4557260150/personalized-photo-christmas-cardigan,
"Santa Duck Hunting Christmas Sweater, Funny Ugly Xmas Sweater, Unisex Duck Hunter Gift",45.839904000000004,Sweaters & Knitwear,['Unknown'],PH,0,0,https://www.etsy.com/listing/4557248268/santa-duck-hunting-christmas-sweater,
"Blue Cloud Cardigan, Star Knit Sweater, Celestial Cardigan, Cozy Oversized Sweater, Kawaii Sky Cardigan, Gift for Her",12.49,Sweaters & Knitwear,['knit'],PH,0,0,https://www.etsy.com/listing/4557253928/blue-cloud-cardigan-star-knit-sweater,
Chunky Crochet Granny Square Cardigan Pattern (PDF),8.95,Sweaters & Knitwear,['crochet'],US,269,3671,https://www.etsy.com/listing/1858905974/chunky-crochet-granny-square-cardigan,
"Skeleton Christmas Sweatshirt, Funny Ugly Xmas Sweater, Unisex Holiday Pullover Gift",45.839904000000004,Sweaters & Knitwear,['Unknown'],PH,0,1,https://www.etsy.com/listing/4557222707/skeleton-christmas-sweatshirt-funny-ugly,
"Cute Halloween Patchwork Sweater, Ghost Pumpkin Black Cat Cardigan, Spooky Fall Outfit, Witch Hat Button Up Halloween Cardigan",33.0,Sweaters & Knitwear,['Unknown'],US,0,0,https://www.etsy.com/listing/4557245556/cute-halloween-patchwork-sweater-ghost,
"Wedding bolero with embroidery and floral pattern, wedding cape made of transparent tulle, bohemian shawl, dress cape",57.620000000000005,Sweaters & Knitwear,['Unknown'],GB,0,6,https://www.etsy.com/listing/4557235460/wedding-bolero-with-embroidery-and,
"Mushroom Hand-Knit Icelandic Wool Lopapeysa Norwegian Pullover, Fair Isle Jumper, Pine Green Nordic Knitwear",335.23999999999995,Sweaters & Knitwear,['wool'],EE,2,17,https://www.etsy.com/listing/4557196515/mushroom-hand-knit-icelandic-wool,
"Navy Wool Cardigan with Fair Isle Pattern, Traditional Nordic Sweater for Women, Reindeer Icelandic Jumper, Zip-Up Wool Knit",144.5,Sweaters & Knitwear,['wool'],EE,0,6,https://www.etsy.com/listing/4557235734/navy-wool-cardigan-with-fair-isle,
Hand Knitted Wool Cardigan,625.0,Sweaters & Knitwear,['wool'],US,0,0,https://www.etsy.com/listing/4557234554/hand-knitted-wool-cardigan,
"Halloween Ghost Cardigan, Cute Witch Sweater, Fall Knitwear, Spooky Women&#39;s Outfit, Cozy Autumn Gift",10.95,Sweaters & Knitwear,['knit'],US,0,0,https://www.etsy.com/listing/4557213305/halloween-ghost-cardigan-cute-witch,
"Merino Wool Cardigan, Black fluffy jacket, Oversized Button Up Sweater, Handknitted Sweater",164.0,Sweaters & Knitwear,['merino wool'],UA,0,5,https://www.etsy.com/listing/4557195941/merino-wool-cardigan-black-fluffy-jacket,
"Elegant Short Flutter Removable Tulle Sleeves, Daisy Lace Bridal Separate Shoulder Sleeves,Off‑Shoulder Ruffle Tulle Detachable Sleeves",89.0,Sweaters & Knitwear,['lace'],US,0,0,https://www.etsy.com/listing/4557192141/elegant-short-flutter-removable-tulle,
Handknitted scrap shrug / bolero / shoulder warmer / cover up in multicoloured upcycled natural fibre qualities one size,93.0,Sweaters & Knitwear,['wool'],DK,0,0,https://www.etsy.com/listing/4557208444/handknitted-scrap-shrug-bolero-shoulder,
"Navy Football Game Day Mockneck Sweatshirt, Custom Varsity Mascot Sweatshirt, Personalized Player Name Sweater, Football Fan Gift",33.32,Sweaters & Knitwear,['knit'],GB,0,0,https://www.etsy.com/listing/4557325962/navy-football-game-day-mockneck,
"Christmas Cardigan Sweater Women, Vintage Holiday Knit Cardigan, Santa Snowman Christmas Sweater, Cozy Winter Gift, Festive Xmas Outfit",64.0,Sweaters & Knitwear,['knit'],US,0,0,https://www.etsy.com/listing/4557299186/christmas-cardigan-sweater-women-vintage,
"Christmas Deer Ugly Sweater, Funny Reindeer Holiday Jumper, Unisex Cozy Winter Gift",45.839904000000004,Sweaters & Knitwear,['Unknown'],PH,0,0,https://www.etsy.com/listing/4557265302/christmas-deer-ugly-sweater-funny,
"What The Fucculent Ugly Christmas Sweater, Funny Cactus Pullover for Men and Women",45.839904000000004,Sweaters & Knitwear,['Unknown'],PH,0,0,https://www.etsy.com/listing/4557262302/what-the-fucculent-ugly-christmas,
"Hippie Peace Sign Ugly Christmas Sweater, Groovy Holiday Pullover for Men and Women",45.839904000000004,Sweaters & Knitwear,['Unknown'],PH,0,0,https://www.etsy.com/listing/4557238033/hippie-peace-sign-ugly-christmas-sweater,
"Hanukkah Ugly Sweater, Menorah Jewish Holiday Pullover for Men and Women, Navy Blue",45.839904000000004,Sweaters & Knitwear,['Unknown'],PH,0,0,https://www.etsy.com/listing/4557233507/hanukkah-ugly-sweater-menorah-jewish,
"Red Reindeer Ugly Christmas Sweater, Nordic Holiday Pullover Unisex Men and Women",45.839904000000004,Sweaters & Knitwear,['Unknown'],PH,0,0,https://www.etsy.com/listing/4557242766/red-reindeer-ugly-christmas-sweater,
"Nature Lover Cardigan, Mountain Forest Sweater, Boho Knit Cardigan, Cozy Cottagecore Sweater, Outdoor Gift for Her",12.49,Sweaters & Knitwear,['knit'],PH,0,1,https://www.etsy.com/listing/4557232976/nature-lover-cardigan-mountain-forest,
"White Wool Cardigan with Pink Fair Isle Pattern, Traditional Nordic Sweater for Women, Reindeer Icelandic Jumper, Zip-Up Wool Knit",144.5,Sweaters & Knitwear,['wool'],EE,0,2,https://www.etsy.com/listing/4557232222/white-wool-cardigan-with-pink-fair-isle,
Air Alpaca Cardi,325.0,Sweaters & Knitwear,['alpaca'],US,0,6,https://www.etsy.com/listing/4557207339/air-alpaca-cardi,
Vintage 70s Bruce Jenner Argyle Sweater Size M Taupe Yellow Red Blue Striped,39.99,Sweaters & Knitwear,['Unknown'],US,0,0,https://www.etsy.com/listing/4557222878/vintage-70s-bruce-jenner-argyle-sweater,
"Cottagecore Fall Cardigan, Autumn Cardigan, Retro Cardigan, Happy Fall Outfit, Countryside Sweater, Holiday Apparel, Fall Leaves Clothing",17.13,Sweaters & Knitwear,['Unknown'],GB,0,0,https://www.etsy.com/listing/4557194502/cottagecore-fall-cardigan-autumn,
"Women’s Brown Suede Leather Bolero Jacket, Cropped Western Jacket, Fitted Crop Leather Jacket, Stylish Fashion Outerwear",135.0,Sweaters & Knitwear,['leather'],PK,0,5,https://www.etsy.com/listing/4557173055/womens-brown-suede-leather-bolero-jacket,
Pom-Harry Women&#39;s Cropped Fleece Pullover| Dapper Pomeranian Sweatshirt | Cute Dog in Suit Suspenders Graphic Print | Funny Dog Lover Gift,83.92,Sweaters & Knitwear,['fleece'],US,0,0,https://www.etsy.com/listing/4557191088/pom-harry-womens-cropped-fleece-pullover,
Kimono Cardigan Knitting Pattern PDF-(S–XXL),4.22,Sweaters & Knitwear,['knit'],TR,8,123,https://www.etsy.com/listing/4403623329/kimono-cardigan-knitting-pattern-pdf,
"Butterfly Knit Shawl, Hand Crocheted Acrylic Wool Wrap, Boho Cozy Cape",50.92,Sweaters & Knitwear,['wool'],GB,38,688,https://www.etsy.com/listing/4546948361/butterfly-knit-shawl-hand-crocheted,
Crochet Lace Triangle Shawl Pattern | Boho Wrap Tutorial (PDF Download),4.0,Sweaters & Knitwear,['lace'],PK,4,61,https://www.etsy.com/listing/4544352298/crochet-lace-triangle-shawl-pattern-boho,
Navy Blue Bear Sweater by Ralph Lauren | Vintage Crewneck Jumper | Gift For Her & Him,175.0,Sweaters & Knitwear,['wool'],PK,24,730,https://www.etsy.com/listing/4545533631/navy-blue-bear-sweater-by-ralph-lauren,
"Custom Player Name Mascot Football Mom Game Day Mockneck Sweater, Personalized Player Name Mascot Sweatshirt, Football Season Gift",33.32,Sweaters & Knitwear,['knit'],GB,0,0,https://www.etsy.com/listing/4557325814/custom-player-name-mascot-football-mom,
"Personalized Deer Hunting Christmas Sweater, Custom Name Number Unisex Hunter Gift",45.839904000000004,Sweaters & Knitwear,['Unknown'],PH,0,0,https://www.etsy.com/listing/4557268386/personalized-deer-hunting-christmas,
"Galactic Bounty Hunter Christmas Sweater, Sci Fi Ugly Xmas Sweatshirt, Unisex Gift",45.839904000000004,Sweaters & Knitwear,['Unknown'],PH,0,0,https://www.etsy.com/listing/4557244339/galactic-bounty-hunter-christmas-sweater,
"Funny Alien UFO Ugly Christmas Sweater, Get In Loser Unisex Sci Fi Holiday Pullover",45.839904000000004,Sweaters & Knitwear,['Unknown'],PH,0,0,https://www.etsy.com/listing/4557237715/funny-alien-ufo-ugly-christmas-sweater,
"Funny Santa Ugly Christmas Sweater, I Do It for the Ho&#39;s Unisex Xmas Gift Party Wear",45.839904000000004,Sweaters & Knitwear,['Unknown'],PH,0,0,https://www.etsy.com/listing/4557232803/funny-santa-ugly-christmas-sweater-i-do,
"Duck Hunting Christmas Sweater, Santa Mallard Ugly Xmas Pullover for Men and Women",45.839904000000004,Sweaters & Knitwear,['Unknown'],PH,0,0,https://www.etsy.com/listing/4557241924/duck-hunting-christmas-sweater-santa,
"White Wool Cardigan with Red Fair Isle Pattern, Traditional Nordic Sweater for Women, Reindeer Icelandic Jumper, Zip-Up Wool Knit",144.5,Sweaters & Knitwear,['wool'],EE,0,2,https://www.etsy.com/listing/4557214107/white-wool-cardigan-with-red-fair-isle,
"Daisy Cardigan, Floral Knit Sweater, Blue Flower Cardigan, Cottagecore Sweater, Cozy Oversized Cardigan, Spring Gift for Her",12.49,Sweaters & Knitwear,['knit'],PH,0,0,https://www.etsy.com/listing/4557207055/daisy-cardigan-floral-knit-sweater-blue,
Air Alpaca Pullover,385.0,Sweaters & Knitwear,['alpaca'],US,0,0,https://www.etsy.com/listing/4557203269/air-alpaca-pullover,
"Retro Patchwork Halloween Cardigan, Black Cat Sweater, Pumpkin Witchy Moon Bat Cardigan, Spooky Season Sweater, Fall Cardigan, Gothic Outfit",17.13,Sweaters & Knitwear,['Unknown'],GB,0,0,https://www.etsy.com/listing/4557173115/retro-patchwork-halloween-cardigan-black,
"Women&#39;s Brown Suede Leather Bolero Jacket, Full Sleeves Cropped Jacket, Stylish Leather Shrug",135.0,Sweaters & Knitwear,['leather'],PK,0,0,https://www.etsy.com/listing/4557170295/womens-brown-suede-leather-bolero-jacket,
"Cardigan Crochet PDF VIDEO Pattern, Alize Puffy Fine Cardigan, Quick Knit, Loop Yarn Pattern, Finger Knitting Loop Yarn, friendly-begginer",14.99,Sweaters & Knitwear,['crochet'],UA,45,1203,https://www.etsy.com/listing/1861690025/cardigan-crochet-pdf-video-pattern-alize,
Recycled Sweater Arm Warmer Pattern – DIY Tutorial (PDF),6.0,Sweaters & Knitwear,['wool'],US,1294,16668,https://www.etsy.com/listing/88142928/arm-warmer-pattern-great-christmas-gift,
Women’s Ribbed Turtleneck Sweater Slim Fit High Neck Knit Pullover Soft Long Sleeve Top One Size,9.99,Sweaters & Knitwear,['polyester'],US,148,5558,https://www.etsy.com/listing/4405759445/womens-ribbed-turtleneck-sweater-slim,
"Mesh Poncho Open Knit Long, Flowing, Top, Plus Size Knitted , One Size 8-18 Boho Draped Layering",67.0,Sweaters & Knitwear,['crochet'],GB,746,14340,https://www.etsy.com/listing/4374183172/mesh-poncho-open-knit-long-flowing-top,
"Сinnamon chiffon wrap bolero sleeves wedding, mother of the bride, bridesmaids, prom, copper brown evening wrap, evening dress",39.303999999999995,Sweaters & Knitwear,['chiffon'],ES,182,7634,https://www.etsy.com/listing/1359419549/copper-brown-cinnamon-chiffon-wrap,
Etola Ślubna | Narzutka Ślubna | Okrycie Ślubne | Bolerko Ślubne dla Panny Młodej | Sweterek Ślubny | Prezent na Wieczór Panieński | Ivory,73.984,Sweaters & Knitwear,['Unknown'],PL,866,37435,https://www.etsy.com/listing/1663117829/etola-lubna-o-narzutka-lubna-o-okrycie,
"Bridal topper with pearls,Wedding dress topper,Pearl wedding top,Tulle bridal topper,Bridal topper with bow,Wedding bolero,Bridal shrug bead",90.0,Sweaters & Knitwear,['Unknown'],UA,1011,60329,https://www.etsy.com/listing/4316041823/bridal-topper-with-pearlswedding-dress,
"Eyeball Granny Square Crochet Cardigan Pattern, Spooky Halloween Sweater, Witchy Boho Jacket (Digital PDF)",7.99,Sweaters & Knitwear,['crochet'],PK,2,34,https://www.etsy.com/listing/4535208236/eyeball-granny-square-crochet-cardigan,
Ralph Lauren Sky Blue Polo Bear Knit Sweater | Old Money Crewneck Jumper,199.0,Sweaters & Knitwear,['wool'],PK,75,1527,https://www.etsy.com/listing/4549671366/ralph-lauren-sky-blue-polo-bear-knit,
"Personalized Couple Photo Sweatshirt, Custom Names Yellow Mockneck Pullover, Vintage Anniversary Shirt, EST 2026 Relationship Crewneck",33.32,Sweaters & Knitwear,['knit'],GB,0,0,https://www.etsy.com/listing/4557325290/personalized-couple-photo-sweatshirt,
"Dragonfly Christmas Tree Ugly Christmas Sweater, Unisex Nature Lover Holiday Gift",45.839904000000004,Sweaters & Knitwear,['Unknown'],PH,0,0,https://www.etsy.com/listing/4557267198/dragonfly-christmas-tree-ugly-christmas,
"Back to the Future Christmas Sweater, DeLorean Ugly Xmas Unisex Gift for Men and Women",45.839904000000004,Sweaters & Knitwear,['Unknown'],PH,0,0,https://www.etsy.com/listing/4557261686/back-to-the-future-christmas-sweater,
"Ultrakill Christmas Sweater, Mankind Is Dead Ugly Xmas Gaming Gift for Men Women",45.839904000000004,Sweaters & Knitwear,['Unknown'],PH,0,0,https://www.etsy.com/listing/4557254208/ultrakill-christmas-sweater-mankind-is,
"Kansas City Chiefs Christmas Sweater, Football Gnome Ugly Holiday Unisex Pullover",45.839904000000004,Sweaters & Knitwear,['Unknown'],PH,0,0,https://www.etsy.com/listing/4557233127/kansas-city-chiefs-christmas-sweater,
"Duck Hunting Santa Ugly Christmas Sweater, Unisex Mallard Hunter Holiday Pullover",45.839904000000004,Sweaters & Knitwear,['Unknown'],PH,0,0,https://www.etsy.com/listing/4557242392/duck-hunting-santa-ugly-christmas,
"White Wool Cardigan with Blue Fair Isle Pattern, Traditional Nordic Sweater for Women, Reindeer Icelandic Jumper, Zip-Up Wool Knit",144.5,Sweaters & Knitwear,['wool'],EE,0,10,https://www.etsy.com/listing/4557227278/white-wool-cardigan-with-blue-fair-isle,
"Boho Sun Cardigan, Celestial Knit Sweater, Floral Bohemian Cardigan, Cozy Oversized Sweater, Cottagecore Fall Clothing",12.49,Sweaters & Knitwear,['knit'],PH,0,0,https://www.etsy.com/listing/4557199549/boho-sun-cardigan-celestial-knit-sweater,
Air Alpaca Cardigan,485.0,Sweaters & Knitwear,['alpaca'],US,0,12,https://www.etsy.com/listing/4557186731/air-alpaca-cardigan,
"Retro Patchwork Halloween Cardigan, Black Cat Sweater, Trick Or Treat Halloween Cardigan, Spooky Season Sweater, Witch Cardigan, Fall Outfit",17.13,Sweaters & Knitwear,['Unknown'],GB,0,0,https://www.etsy.com/listing/4557188832/retro-patchwork-halloween-cardigan-black,
La Danse Vest Knitting Pattern: Intarsia Knit Vest (PDF),11.0,Sweaters & Knitwear,['knit'],TR,534,3207,https://www.etsy.com/listing/4388005704/la-danse-vest-knitting-pattern-intarsia,
Buffalo Football Quarter Zip - Lightweight,42.99,Sweaters & Knitwear,['Unknown'],US,100,1025,https://www.etsy.com/listing/4539328373/buffalo-football-quarter-zip-lightweight,
Mosaic Crochet Motif Jacket and Pants Pattern – English PDF Pattern,6.0,Sweaters & Knitwear,['crochet'],TR,51,417,https://www.etsy.com/listing/4429691810/mosaic-crochet-motif-jacket-and-pants,
"Personalised &quot;Mrs&quot; surname, fluffy white brides cardigan, wedding cardigan.",60.970000000000006,Sweaters & Knitwear,['Unknown'],GB,126,2574,https://www.etsy.com/listing/4400173643/personalised-mrs-surname-fluffy-white,
"Vintage Halloweentown sweatshirt, Halloweentown University, Gifts for Halloween, Halloweentown 1998 sweatshirt, comfort colors sweatshirt",57.99,Sweaters & Knitwear,['Unknown'],US,2,17,https://www.etsy.com/listing/4556787191/vintage-halloweentown-sweatshirt,
Ribbed Crochet Sweater Pattern PDF – Cozy Women’s Pullover | Winter Crochet Top,6.0,Sweaters & Knitwear,['crochet'],PK,9,150,https://www.etsy.com/listing/4452784621/ribbed-crochet-sweater-pattern-pdf-cozy,
Olive wrap olive green sleeves olive shawl olive bolero green shrug sheer shrug sheer green wrap green jacket olive green wrap woman bolero,39.303999999999995,Sweaters & Knitwear,['chiffon'],ES,356,16217,https://www.etsy.com/listing/1626857609/olive-wrap-olive-green-sleeves-olive,
Pearl-Embellished Sheer Tulle Bridal Capelet,26.0,Sweaters & Knitwear,['Unknown'],CN,300,5647,https://www.etsy.com/listing/4449733043/pearl-embellished-sheer-tulle-bridal,
"Women&#39;s Button Front Cardigan, Scalloped Edge Knit Sweater, Lightweight Long Sleeve Top, Casual Chic Layering Sweater",79.99,Sweaters & Knitwear,['knit'],US,0,8,https://www.etsy.com/listing/4553173906/womens-button-front-cardigan-scalloped,
"Customized Baby Pullovers, Hand-knitted Baby Sweaters, Embroidered Toddler Sweaters, Babyhouse and Children&#39;s Supplies Gifts",4.52,Sweaters & Knitwear,['knit'],US,11,156,https://www.etsy.com/listing/4504232158/customized-baby-pullovers-hand-knitted,
BIRDS Polka Dot Mockneck Sweatshirt | Embroidered Varsity Appliqué Game Day Apparel,75.0,Sweaters & Knitwear,['Unknown'],US,33,759,https://www.etsy.com/listing/4550721056/birds-polka-dot-mockneck-sweatshirt-o,
"Personalized Knitted Baby Romper Set with Hat & Booties, Custom Embroidered Name Newborn Outfit, Coming Home Suit, Hand-Stitched Gift",13.3732,Sweaters & Knitwear,['cotton'],GB,795,31454,https://www.etsy.com/listing/4462792085/personalized-knitted-baby-romper-set,
Wolf Cardigan Hand Knit Wool Sweater Nordic Zip Up Canadian Style Knitwear,80.0,Sweaters & Knitwear,['wool'],PK,17,902,https://www.etsy.com/listing/4507112506/wolf-cardigan-hand-knit-wool-sweater,
"Teacher Name Knitted Cardigan: Back to School Teacher Cardigan, Cute Apple Cardigan for Teachers, Kindergarten Teacher Sweater",20.98,Sweaters & Knitwear,['knit'],US,17,137,https://www.etsy.com/listing/4546734046/teacher-name-knitted-cardigan-back-to,
Elegant Lace wedding boleros Long Sleeves lace bolero bridal bolero jacket Lace Wedding dress topper Romantic lace sleeves,105.0,Sweaters & Knitwear,['lace'],US,534,11607,https://www.etsy.com/listing/4469993073/elegant-lace-wedding-boleros-long,
"Hand Knit Wool Cowichan Cardigan, Big Lebowski Style",107.61,Sweaters & Knitwear,['wool'],TR,198,21897,https://www.etsy.com/listing/1656291269/dude-style-sweater-big-lebowski-cardigan,
I am an Autumn - Embroidered Fall Sweatshirt,34.84,Sweaters & Knitwear,['Unknown'],GB,162,1025,https://www.etsy.com/listing/4536955831/i-am-an-autumn-embroidered-sweatshirt,
"Luxurious Wedding Bridal Shrug, Wedding Bolero for Bride, Cover up Bridal Top, Wedding Sweater Cover Up, Women wedding shawl cape / EMMA",107.508,Sweaters & Knitwear,['Unknown'],LT,1252,42554,https://www.etsy.com/listing/1737540677/luxurious-wedding-bridal-shrug-wedding,
Long Gray Cardigan with Collar in Bouclé Fabric Knitting Pattern,4.22,Sweaters & Knitwear,['knit'],TR,6,291,https://www.etsy.com/listing/4402228138/long-gray-cardigan-with-collar-in-boucle,
"Personalized Photo Couple Pullover, Custom Pink Names Mockneck Sweatshirt, Vintage Relationship Crewneck, Cute Valentine Gift",33.32,Sweaters & Knitwear,['knit'],GB,0,0,https://www.etsy.com/listing/4557325566/personalized-photo-couple-pullover,
"Baphomet Satanic Sweater, Occult Pentagram Skull Gothic Sweatshirt, Unisex Dark Gift",45.839904000000004,Sweaters & Knitwear,['Unknown'],PH,0,0,https://www.etsy.com/listing/4557250443/baphomet-satanic-sweater-occult,
"Santa Claus Isn&#39;t Coming Jesus Christ Is Ugly Christmas Sweater, Christian Unisex Gift",45.839904000000004,Sweaters & Knitwear,['Unknown'],PH,0,0,https://www.etsy.com/listing/4557243997/santa-claus-isnt-coming-jesus-christ-is,
"Funny Otter Christmas Sweater, Vintage Jug Band Ugly Xmas Sweatshirt, Unisex Gift",45.839904000000004,Sweaters & Knitwear,['Unknown'],PH,0,0,https://www.etsy.com/listing/4557236941/funny-otter-christmas-sweater-vintage,
"Personalized Domino&#39;s Ugly Christmas Sweater, Unisex Pizza Lover Holiday Gift Shirt",45.839904000000004,Sweaters & Knitwear,['Unknown'],PH,0,0,https://www.etsy.com/listing/4557248872/personalized-dominos-ugly-christmas,
"Personalized Bowling Christmas Sweater, Custom Name Ugly Xmas Sweater, Unisex Gift",45.839904000000004,Sweaters & Knitwear,['Unknown'],PH,0,0,https://www.etsy.com/listing/4557241486/personalized-bowling-christmas-sweater,
"Scarecrow Pumpkin Patchwork Cardigan, Fall Harvest Sweater, Halloween Cardigan, Autumn Cardigan, Spooky Cardigan, Halloween Plaid Sweater",17.13,Sweaters & Knitwear,['Unknown'],GB,0,0,https://www.etsy.com/listing/4557176103/scarecrow-pumpkin-patchwork-cardigan,
Mosaic Crochet Pattern – Crochet Jacket and Pants PDF,6.0,Sweaters & Knitwear,['crochet'],TR,27,452,https://www.etsy.com/listing/4422282679/mosaic-crochet-pattern-crochet-jacket,
"Trick Or Treat Halloween Cardigan, Pumpkin Knit Cardigan, Retro Pumpkin Cardigan, Fall Holiday Sweatshirt, Halloween Knit Sweater, Fall Gift",20.98,Sweaters & Knitwear,['knit'],US,86,769,https://www.etsy.com/listing/4536992665/trick-or-treat-halloween-cardigan,
"Pink fuchsia Chiffon wrap shawl bolero sleeves bridesmaids wedding shrug Raspberry pink, mother of the bride, evening cape",39.303999999999995,Sweaters & Knitwear,['chiffon'],ES,111,7119,https://www.etsy.com/listing/1214680608/pink-fuchsia-chiffon-wrap-shawl-bolero,
"Winnie the Pooh Cardigan Wool Sweater, Hundred Acre Wood Storybook Knitwear, Vintage Pooh Bear Fall Apparel, Cozy Magic Kingdom Bound Outfit",22.3,Sweaters & Knitwear,['wool'],US,213,2178,https://www.etsy.com/listing/4541347939/winnie-the-pooh-cardigan-wool-sweater,
"Personalized Baby Sweater – Custom Name Knit Jumper, Handmade Toddler Sweatshirt, Baby Shower Gift",34.8132,Sweaters & Knitwear,['cotton'],GB,1,118,https://www.etsy.com/listing/4384522571/personalized-baby-sweater-custom,
Custom Personalized Team Shirt Equestrian Ladies Quarter-Zip Horse Show Riding Lesson Shirt Lightweight Athletic Top Gift for Horse Lover,56.22,Sweaters & Knitwear,['Unknown'],US,259,5777,https://www.etsy.com/listing/4311152924/custom-personalized-team-shirt,
Ralph Lauren Polo Bear Sweater White | Luxury Knit Crewneck Jumper | Gift for Her,169.0,Sweaters & Knitwear,['knit'],US,1,87,https://www.etsy.com/listing/4553322177/ralph-lauren-polo-bear-sweater-white,
"Custom Fox Knit Cardigan Handmade, Chunky Wool Sweater, Oversized Knit Jacket, Statement Animal Sweater, Cozy Fall Winter Cardigan, Gift",389.98,Sweaters & Knitwear,['wool'],UA,282,6080,https://www.etsy.com/listing/4494654994/custom-fox-knit-cardigan-handmade-chunky,
Maxi Crochet Cardigan Women Boho Beach Cover Up Long Sleeve Open Front Tie Beige See Through Summer 49-53in,71.79,Sweaters & Knitwear,['crochet'],US,70,1865,https://www.etsy.com/listing/4496292494/maxi-crochet-cardigan-women-boho-beach,
"Crochet shrug pattern, crochet summer mesh shrug pattern , bolero sleeve shrug pattern, made to measure, PDF download, MelodyYarnTinka, boho",4.95,Sweaters & Knitwear,['crochet'],US,31,665,https://www.etsy.com/listing/4487540920/crochet-shrug-pattern-crochet-summer,
"Personalized Grandma Halloween Ghost Sweater, Custom Grandkids Names Fall Outfit",11.32,Sweaters & Knitwear,['Unknown'],PH,0,11,https://www.etsy.com/listing/4555653579/personalized-grandma-grandpa-halloween,
"Waterfall Mesh Cardigan Jacket Open Knit Long, Flowing, Holiday Beach Top, Plus Size Knitted , One Size 8-18 Boho Long Sleeve Open front",69.68,Sweaters & Knitwear,['crochet'],GB,411,21885,https://www.etsy.com/listing/4359909555/waterfall-mesh-cardigan-jacket-open-knit,
"Custom Logo Ugly Christmas Sweater For Brand, Unique Logo Christmas Sweater, Custom Xmas Sweater With Logo",29.95,Sweaters & Knitwear,['polyester'],US,8,715,https://www.etsy.com/listing/4386687643/custom-logo-ugly-christmas-sweater-for,
"Custom Photo Official Teenager Mockneck Sweatshirt, Personalized 13th Birthday Pullover, EST 2013 Vintage Black Crewneck",33.32,Sweaters & Knitwear,['knit'],GB,0,0,https://www.etsy.com/listing/4557325682/custom-photo-official-teenager-mockneck,
"Personalized Black Cat Christmas Sweater, Custom Name Ugly Sweatshirt, Unisex Cat Gift",45.839904000000004,Sweaters & Knitwear,['Unknown'],PH,0,2,https://www.etsy.com/listing/4557249437/personalized-black-cat-christmas-sweater,
"Funny Bank Account Christmas Sweater, Ugly Holiday Sweatshirt, Unisex Secret Santa Gift",45.839904000000004,Sweaters & Knitwear,['Unknown'],PH,0,0,https://www.etsy.com/listing/4557260402/funny-bank-account-christmas-sweater,
"Funny Christmas Tree Car Sweater, Ugly Holiday Sweatshirt, Unisex Family Vacation Gift",45.839904000000004,Sweaters & Knitwear,['Unknown'],PH,1,0,https://www.etsy.com/listing/4557235827/funny-christmas-tree-car-sweater-ugly,
"Baphomet Ugly Christmas Sweater, Satanic Occult Gothic Holiday Jumper, Unisex Gift",45.839904000000004,Sweaters & Knitwear,['Unknown'],PH,0,0,https://www.etsy.com/listing/4557232179/baphomet-ugly-christmas-sweater-satanic,
"Archery Ugly Christmas Sweater, Bow Hunter Reindeer Knit, Unisex Holiday Party Gift",45.839904000000004,Sweaters & Knitwear,['knit'],PH,0,0,https://www.etsy.com/listing/4557241010/archery-ugly-christmas-sweater-bow,
"Vintage Halloween Cardigan, Pumpkins, Candy Corn Cardigan, Spooky Ghost Sweater, Fall Cardigan, Spooky Season Sweater, Trick Or Treat Outfit",17.13,Sweaters & Knitwear,['Unknown'],GB,0,0,https://www.etsy.com/listing/4557183482/vintage-halloween-cardigan-pumpkins,
"Personalized Baby Sweater With Name,Custom Toddler Sweaters,Hand embroidered baby sweater,Gift for Niece or Granddaughter or Daughter",19.5,Sweaters & Knitwear,['knit'],US,88,2776,https://www.etsy.com/listing/4535564988/personalized-baby-sweater-with,
"Relaxed Cardigan Women, Fluffy Luxe V-Neck Button Sweater, Soft Cosy Autumn Winter Knit",116.081,Sweaters & Knitwear,['velvet'],AU,53,1083,https://www.etsy.com/listing/4504305563/relaxed-cardigan-women-fluffy-luxe-v,
Hand Embroidered Bridal Cardigan | Personalised “Mrs” Wedding Knit | Custom Name Jacket,67.0,Sweaters & Knitwear,['knit'],GB,171,2170,https://www.etsy.com/listing/4490993075/hand-embroidered-bridal-cardigan-o,
"Handmade Colorful Patchwork Cardigan, Chunky Smiley Knit Oversized Sweater",120.0,Sweaters & Knitwear,['knit'],US,4,83,https://www.etsy.com/listing/4536250117/handmade-colorful-patchwork-cardigan,
2026 Christmas Personalized Christmas Stocking - Custom Name Knit Stocking - Toddler Knit Stocking - Christmas Stocking Day,24.093200000000003,Sweaters & Knitwear,['cotton'],GB,283,14529,https://www.etsy.com/listing/4390000038/2025-christmas-personalized-christmas,
Fluffy Personalised Bridal Cardigan Just Married Hand Knitted Embroidery Bride Mrs Cardigan Wedding,53.586600000000004,Sweaters & Knitwear,['knit'],GB,149,3106,https://www.etsy.com/listing/4510396754/fluffy-personalised-bridal-cardigan-just,
"Beginner Crochet Sweater Pattern PDF, Textured Pullover, Oversized Cozy Knit (Digital Download)",8.0,Sweaters & Knitwear,['crochet'],PK,8,98,https://www.etsy.com/listing/4526971303/beginner-crochet-sweater-pattern-pdf,
"Polo Ralph Lauren Unisex Slim Fit Cable Knit Cardigan, Button Up Long Sleeve Sweater",116.65,Sweaters & Knitwear,['cotton'],US,11,537,https://www.etsy.com/listing/4551693043/polo-ralph-lauren-unisex-slim-fit-cable,
"Custom Checkerboard Football Mockneck Sweatshirt, Personalized Team Name and Number Mockneck, Retro Gameday Apparel",33.32,Sweaters & Knitwear,['knit'],GB,0,0,https://www.etsy.com/listing/4557308897/custom-checkerboard-football-mockneck,
"Personalized 22nd Birthday Mockneck Sweatshirt, Custom Vintage Photo Birthday Pullover, Look Who&#39;s 22 Shirt,  Birthday Gift",33.32,Sweaters & Knitwear,['knit'],GB,0,0,https://www.etsy.com/listing/4557283049/personalized-22nd-birthday-mockneck,
"Personalized Photo Birthday Girl Mockneck Sweatshirt, Custom Face Mockneck Pullover, Custom Name Party Crewneck, Unique Gift",33.32,Sweaters & Knitwear,['knit'],GB,0,0,https://www.etsy.com/listing/4557299178/personalized-photo-birthday-girl,
"Custom Photo Look Who Is Getting Married Mockneck Sweatshirt, Personalized Face Bridal Shower Pullover, Bachelorette Party",33.32,Sweaters & Knitwear,['knit'],GB,0,0,https://www.etsy.com/listing/4557299034/custom-photo-look-who-is-getting-married,
"Grey Personalized Face Mockneck Sweatshirt, Birthday Picture Shirt, Custom Name Crewneck, Birthday Outfit",33.32,Sweaters & Knitwear,['knit'],GB,0,0,https://www.etsy.com/listing/4557282745/grey-personalized-face-mockneck,
"Custom Name & Photo Birthday Girl Mockneck Sweatshirt, Grey Personalized Face Pullover, Green Birthday Picture Shirt, Party Gift",33.32,Sweaters & Knitwear,['knit'],GB,0,0,https://www.etsy.com/listing/4557282043/custom-name-photo-birthday-girl-mockneck,
"Personalized Photo And Name Birthday Girl Mockneck Sweatshirt, Yellow Personalized Face Pullover, Birthday Picture Shirt",33.32,Sweaters & Knitwear,['knit'],GB,0,0,https://www.etsy.com/listing/4557282865/personalized-photo-and-name-birthday,
"Personalized Bride Look Who Is Getting Married Mockneck Sweatshirt, Custom Photo Pink Bridal Shower Pullover, Wedding Gift Top",33.32,Sweaters & Knitwear,['knit'],GB,0,0,https://www.etsy.com/listing/4557298780/personalized-bride-look-who-is-getting,
"T-Rex Christmas Sweater, Funny Dinosaur Ugly Xmas Sweatshirt, Unisex Holiday Gift",45.839904000000004,Sweaters & Knitwear,['Unknown'],PH,0,0,https://www.etsy.com/listing/4557265662/t-rex-christmas-sweater-funny-dinosaur,
"Death Metal Unicorn Christmas Sweater, Funny Ugly Xmas Sweatshirt, Unisex Goth Gift",45.839904000000004,Sweaters & Knitwear,['Unknown'],PH,0,0,https://www.etsy.com/listing/4557259636/death-metal-unicorn-christmas-sweater,
"All I Want for Christmas Is You Ugly Christmas Sweater, Funny Santa Unisex Shirt",45.839904000000004,Sweaters & Knitwear,['Unknown'],PH,0,0,https://www.etsy.com/listing/4557236203/all-i-want-for-christmas-is-you-ugly,
"Hanukkah Christmas Ugly Sweater, Funny Chrismukkah Sweatshirt, Unisex Holiday Gift",45.839904000000004,Sweaters & Knitwear,['Unknown'],PH,0,0,https://www.etsy.com/listing/4557249552/hanukkah-christmas-ugly-sweater-funny,
"I Prefer Halloween Ugly Christmas Sweater, Skull Santa Unisex Halloween Sweatshirt",45.839904000000004,Sweaters & Knitwear,['Unknown'],PH,0,0,https://www.etsy.com/listing/4557223709/i-prefer-halloween-ugly-christmas,
"Disneyland Halloween Cardigan, Mickey Pumpkin Sweater, Disney Cardigan, Disney Family Costume Sweater, WDW TripOutfits, Halloween Apparel",17.13,Sweaters & Knitwear,['Unknown'],GB,0,0,https://www.etsy.com/listing/4557165637/disneyland-halloween-cardigan-mickey,
"Custom Picture Birthday Girl Sweatshirt, Personalized Face Mockneck Pullover, Party Picture Shirt, Cute Birthday Gift",33.32,Sweaters & Knitwear,['knit'],GB,0,0,https://www.etsy.com/listing/4557300248/custom-picture-birthday-girl-sweatshirt,
"Custom Photo Birthday Girl Mockneck Sweatshirt, Personalized Face Mockneck Pullover, Custom Name Crewneck, Party Gift",33.32,Sweaters & Knitwear,['knit'],GB,0,0,https://www.etsy.com/listing/4557299976/custom-photo-birthday-girl-mockneck,
"Personalized Photo Birthday Girl Mockneck Sweatshirt, Custom Face Mockneck Pullover, Custom Name Party Crewneck, Unique Gift",33.32,Sweaters & Knitwear,['knit'],GB,0,0,https://www.etsy.com/listing/4557283377/personalized-photo-birthday-girl,
"Custom Photo Couple Mockneck Sweatshirt, Personalized Vintage Names Pullover, Custom Face Mockneck Crewneck, Relationship Gift",33.32,Sweaters & Knitwear,['knit'],GB,0,0,https://www.etsy.com/listing/4557283669/custom-photo-couple-mockneck-sweatshirt,
"Custom Photo Look Who&#39;s 22 Mockneck Sweatshirt, Personalized Vintage Birthday Pullover, EST 2004 Birthday Shirt, Birthday Gift",33.32,Sweaters & Knitwear,['knit'],GB,0,0,https://www.etsy.com/listing/4557299332/custom-photo-look-whos-22-mockneck,
"Kidnap the Sandy Claws Christmas Sweater, Halloween Ugly Xmas Sweater, Unisex Gift",45.839904000000004,Sweaters & Knitwear,['Unknown'],PH,0,0,https://www.etsy.com/listing/4557248899/kidnap-the-sandy-claws-christmas-sweater,
"Clever Girl Dinosaur Ugly Christmas Sweater, Raptor Science Xmas Jumper Unisex Gift",45.839904000000004,Sweaters & Knitwear,['Unknown'],PH,0,0,https://www.etsy.com/listing/4557259272/clever-girl-dinosaur-ugly-christmas,
"Funny Grinch Christmas Sweater, Green Ugly Xmas Sweater, Unisex Holiday Party Gift",45.839904000000004,Sweaters & Knitwear,['Unknown'],PH,0,0,https://www.etsy.com/listing/4557252474/funny-grinch-christmas-sweater-green,
"San Francisco Football Christmas Sweater, Ugly Holiday Sweatshirt, Unisex Fan Gift",45.839904000000004,Sweaters & Knitwear,['Unknown'],PH,0,0,https://www.etsy.com/listing/4557231605/san-francisco-football-christmas-sweater,
"Personalized Bowling Christmas Sweater, Custom Name Ugly Holiday Sweatshirt, Unisex Gift",45.839904000000004,Sweaters & Knitwear,['Unknown'],PH,0,0,https://www.etsy.com/listing/4557240378/personalized-bowling-christmas-sweater,
"Vintage Patchwork Fall Cardigan, Autumn Flowers Sweater, Cozy Autumn Cardigan, Thanksgiving Outfit, Fall Floral Cardigan, Fall Plaid Sweater",17.13,Sweaters & Knitwear,['Unknown'],GB,0,0,https://www.etsy.com/listing/4557181336/vintage-patchwork-fall-cardigan-autumn,
"Pink Doll Christmas Sweater, Personalized Name Ugly Xmas Sweatshirt, Unisex Gift",45.839904000000004,Sweaters & Knitwear,['Unknown'],PH,0,0,https://www.etsy.com/listing/4557252178/pink-doll-christmas-sweater-personalized,
"Fantasy Wizard and Fire Demon Ugly Christmas Sweater, Unisex Epic Movie Fan Gift",45.839904000000004,Sweaters & Knitwear,['Unknown'],PH,0,0,https://www.etsy.com/listing/4557234851/fantasy-wizard-and-fire-demon-ugly,
"Santa Hunting Ugly Christmas Sweater, Duck Hunter Xmas Jumper, Unisex Holiday Gift",45.839904000000004,Sweaters & Knitwear,['Unknown'],PH,0,0,https://www.etsy.com/listing/4557247584/santa-hunting-ugly-christmas-sweater,
"Deer Skull Christmas Sweatshirt, Ugly Xmas Sweater, Unisex Hunter Christmas Gift",45.839904000000004,Sweaters & Knitwear,['Unknown'],PH,0,0,https://www.etsy.com/listing/4557230937/deer-skull-christmas-sweatshirt-ugly,
"Dancing Skeleton Christmas Sweater, Funny Black Ugly Xmas Sweater, Unisex Holiday Gift",45.839904000000004,Sweaters & Knitwear,['Unknown'],PH,0,0,https://www.etsy.com/listing/4557240036/dancing-skeleton-christmas-sweater-funny,
"Dead Inside But Jolly AF Ugly Christmas Sweater, Funny Skull Xmas Jumper Unisex Gift",45.839904000000004,Sweaters & Knitwear,['Unknown'],PH,0,0,https://www.etsy.com/listing/4557239490/dead-inside-but-jolly-af-ugly-christmas,
"Vintage Patchwork Pumpkin Cardigan, Spooky Ghost Sweater, Fall Cardigan, Halloween Cardigan, Spooky Season Sweater, Trick Or Treat Outfit",17.13,Sweaters & Knitwear,['Unknown'],GB,0,0,https://www.etsy.com/listing/4557178518/vintage-patchwork-pumpkin-cardigan,
"Vintage Patchwork Pumpkin Cardigan, Spooky Cat Bat Sweater, Fall Cardigan, Halloween Cardigan, Spooky Season Sweater, Trick Or Treat Outfit",17.13,Sweaters & Knitwear,['Unknown'],GB,1,0,https://www.etsy.com/listing/4557161107/vintage-patchwork-pumpkin-cardigan,
"SpiderMan Suit Costume Cardigan, Spider Man Miles Morales Ghost Spider Outfit, Spidey & Amazing Friends Cosplay Cardigan, Superhero Cardigan",17.13,Sweaters & Knitwear,['Unknown'],GB,0,0,https://www.etsy.com/listing/4557159843/spiderman-suit-costume-cardigan-spider,
"SpiderMan Suit Costume Cardigan, Spidey & Amazing Friends Cosplay Cardigan, Spider Man Miles Morales Ghost Spider Outfit, Superhero Cardigan",17.13,Sweaters & Knitwear,['Unknown'],GB,0,3,https://www.etsy.com/listing/4557158609/spiderman-suit-costume-cardigan-spidey,
"Mens Crochet Duster Granny Square Kimono, Boho Festival Fringe Cardigan Long Crochet Sweater, Burning Man Outfit Mens Tassel Knit Kimono",379.0,Sweaters & Knitwear,['crochet'],TR,17,421,https://www.etsy.com/listing/4529670131/mens-crochet-duster-granny-square-kimono,
Long Sleeve Bolero Hijab | Shoulder Cover & Arm Sleeves for Women | Islamic Hijab Accessory for Women | Under Hijab Muslim Clothing,16.0,Sweaters & Knitwear,['viscose'],TR,154,4845,https://www.etsy.com/listing/1807672787/long-sleeve-bolero-hijab-shoulder-cover,
"Long lace bridal sleeves,Wedding Chantilly lace sleeves,Fingerless lace bridal gloves,lace boleros,custom size,wedding arm covers",50.0,Sweaters & Knitwear,['lace'],US,413,17079,https://www.etsy.com/listing/4422203088/long-lace-bridal-sleeveswedding,
"Maglione  in mohair , merino, seta",167.61999999999998,Sweaters & Knitwear,['Unknown'],IT,1631,81335,https://www.etsy.com/listing/1482579284/maglione-in-mohair-merino-seta,
STRICKANLEITUNG &quot;Chiara&quot;- Basic Raglan Sweater - Pullover - Pulli - nahtlos stricken - von oben - 8 Größen - sofortiger PDF Download,8.0342,Sweaters & Knitwear,['Unknown'],DE,30,1222,https://www.etsy.com/listing/1468463495/strickanleitung-chiara-basic-raglan,
Customization / Add a Belt to the Cloak,8.091999999999999,Sweaters & Knitwear,['cotton'],BG,355,10851,https://www.etsy.com/listing/1309043791/customization-add-a-belt-to-the-cloak,
"Crochet Shrug Pattern, Granny Stripe Shrug, Easy and Simple, Beginner friendly, PDF instant download with video tutorial, MelodyYarnTinka",4.95,Sweaters & Knitwear,['crochet'],US,29,424,https://www.etsy.com/listing/4500498828/crochet-shrug-pattern-granny-stripe,
Luxury Bright Green Chiffon sleeves wrap shawl bolero Winter wedding shrug elegant accessory size unique dark green deep green peacock green,39.303999999999995,Sweaters & Knitwear,['chiffon'],ES,1120,46503,https://www.etsy.com/listing/1431591344/luxury-bright-green-chiffon-sleeves-wrap,
"Summer Cardigan For Women, Long Knit Sweater, Boho Cardigan, Oversized Crochet Cardigan, Beach Cover Up, Lightweight Cardigan",42.8666,Sweaters & Knitwear,['crochet'],GB,55,1653,https://www.etsy.com/listing/4520318943/summer-cardigan-for-women-long-knit,
Bügelaufkleber für Deine Jeansjacke zur Hochzeit- Mit Bügelaufkleber Deine besondere Hochzeitsjacke gestalten,6.8204,Sweaters & Knitwear,['Unknown'],DE,21,945,https://www.etsy.com/listing/1764473436/bugelaufkleber-fur-deine-jeansjacke-zur,
Women’s Thick Turtleneck Sweater | Winter Warm Fleece-Lined Pullover Top | Soft Stretchy Long Sleeve Knit | Cozy Base Layer & Inner Wear,48.89,Sweaters & Knitwear,['fleece'],US,16,373,https://www.etsy.com/listing/4409894619/womens-thick-turtleneck-sweater-o-winter,
Hot Cocoa Mug Blanket Pattern (Hand-Knit & Crochet) - PDF PATTERN ONLY,2.99,Sweaters & Knitwear,['crochet'],US,6,107,https://www.etsy.com/listing/4494955113/hot-cocoa-mug-blanket-pattern-hand-knit,
"Nordic Fair Isle Oversized Knit Sweater, Scandinavian Cozy Pullover",38.86,Sweaters & Knitwear,['knit'],DE,43,750,https://www.etsy.com/listing/4542329039/nordic-fair-isle-oversized-knit-sweater,
"Personalized Pittsburgh Team Cardigan, Custom Name Number Pittsburgh Knit Cardigan, School Spirit Button Sweater, Custom Sports Gift",48.25,Sweaters & Knitwear,['jersey'],UA,5,223,https://www.etsy.com/listing/4546677658/personalized-pittsburgh-team-cardigan,
ORIGAMI roses Floral Lace Cardigan Duster: Shabby Chic Cover Up (SM-4X) western Bohemian,112.49,Sweaters & Knitwear,['lace'],US,7,99,https://www.etsy.com/listing/4553523102/origami-roses-floral-lace-cardigan,
"Crochet Lounge Set Pattern PDF, Cozy Sweater and Shorts Tutorial (Digital Download)",10.45,Sweaters & Knitwear,['crochet'],PK,8,97,https://www.etsy.com/listing/4510188717/crochet-lounge-set-pattern-pdf-cozy,
"Crochet Octopus Pattern PDF • Amigurumi Plush Tutorial, Curly Tentacles (Digital Download)",2.99,Sweaters & Knitwear,['crochet'],US,7,92,https://www.etsy.com/listing/4509516556/crochet-octopus-pattern-pdf-amigurumi,
"Personalized Varsity Cardigan with Name and Number, Custom Letterman Sweater, Striped College Cardigan Gift for Him or Her",12.0,Sweaters & Knitwear,['jersey'],US,16,464,https://www.etsy.com/listing/4550152948/personalized-varsity-cardigan-with-name,
Waffle Stitch Lounge Cardigan Crochet Pattern: Oversized Cozy Sweater (PDF Download),5.4,Sweaters & Knitwear,['crochet'],US,1,42,https://www.etsy.com/listing/4534012313/waffle-stitch-lounge-cardigan-crochet,
"Navy Blue Bolero Shrug – Merino Wool & Mohair Bridal Cape, Puff Sleeve Knit Shrug with High Cuffs, Handmade Wedding Dress Topper",98.0,Sweaters & Knitwear,['merino wool'],UA,68,1739,https://www.etsy.com/listing/4440658188/navy-blue-bolero-shrug-merino-wool,
"custom mrs wedding jacket transfer, custom iron on patch, custom denim jacket, bride jacket, custom mrs jacket, personalised jean jacket",10.346199999999998,Sweaters & Knitwear,['denim'],LV,320,13327,https://www.etsy.com/listing/747078668/custom-mrs-wedding-jacket-transfer,
Women Summer Shrug | Open Front Top |Chiffon Short Sleeve Cardigan | Lightweight Sheer Coat For Summer,39.98,Sweaters & Knitwear,['polyester'],PK,40,1953,https://www.etsy.com/listing/4460298757/women-summer-shrug-chiffon-short-sleeve,
Bridal Sleeves: Detachable Elastic Chiffon Wedding Dress Straps Off-Shoulder Sleeves,33.0,Sweaters & Knitwear,['chiffon'],IN,733,11905,https://www.etsy.com/listing/4470080285/bridal-sleeves-detachable-elastic,
"Sheer summer bolero, Hand knit dolman sleeve shrug, Short open front cardigan, Plus size bolero shrug",57.8,Sweaters & Knitwear,['cotton'],BG,1129,51553,https://www.etsy.com/listing/1212894731/sheer-summer-bolero-hand-knit-dolman,
"Long Witch Cloak, Knitted Fantasy Cloak, Wool Womens Cape, Boho Plus Size Hoodie, Goth Fall Clothing",156.06,Sweaters & Knitwear,['cotton'],BG,16930,235101,https://www.etsy.com/listing/1082481459/long-witch-cloak-knitted-fantasy-cloak,
"Halloween Spiderman Suit Costume Cardigan, Spidey and Amazing Friends Costume Cosplay, Spidey Miles Morales Ghost Spider Cardigan Matching",7.13,Sweaters & Knitwear,['knit'],US,1,27,https://www.etsy.com/listing/4554413521/halloween-spiderman-suit-costume,
Mulberry Silk Sweater Womens | Cashmere Wool Quality Pullover Jumper | Luxury Soft Knitwear | One Size For All,174.41899999999998,Sweaters & Knitwear,['merino wool'],AU,35,711,https://www.etsy.com/listing/4513649729/womens-mulberry-silk-sweater-cashmere,
"Vintage Halloween Knit Cardigan, Practical Magic Inspired Sweater, Cat Ghost Witch Cardigan, Cozy Fall Holiday Outfit, Spooky Season Gift",8.64,Sweaters & Knitwear,['knit'],GB,7,122,https://www.etsy.com/listing/4553102274/vintage-halloween-knit-cardigan,
Custom Knit Sweater Order: Handmade Cardigans & More,40.0,Sweaters & Knitwear,['organic cotton'],TR,60,4269,https://www.etsy.com/listing/4299869672/custom-knit-sweater-order-handmade,
"Kurt Cobain Sweater Striped Grunge Green Jumper, Oversized Unisex Sweater, Chunky Nirvana Style Pullover",75.0,Sweaters & Knitwear,['Unknown'],US,10,862,https://www.etsy.com/listing/4418844697/kurt-cobain-sweater-striped-grunge-green,
Vintage Ralph Lauren Polo Bear Sweater | Sky Blue Crewneck Knit Jumper | Unisex,169.0,Sweaters & Knitwear,['cotton'],US,2,118,https://www.etsy.com/listing/4551677915/vintage-ralph-lauren-polo-bear-sweater,
Personalized Sweater - Custom Embroidered Baby Sweater -  Toddler Knit Sweatshirt - Baby Name Jumper,29.453200000000002,Sweaters & Knitwear,['cotton'],GB,7,539,https://www.etsy.com/listing/4432836655/personalized-sweater-custom-embroidered,
"Christian Floral Cross Sweatshirt, God Is Still Writing Your Story Crewneck",34.99,Sweaters & Knitwear,['Unknown'],US,0,1,https://www.etsy.com/listing/4545354385/christian-floral-cross-sweatshirt-god-is,
"Winnie The Pooh Halloween Cardigan Wool Sweater, Hundred Acre Wood Spooky Season Knitwear, Vintage Pooh Bear Fall Apparel, Storybook Outfit",22.3,Sweaters & Knitwear,['wool'],US,14,153,https://www.etsy.com/listing/4548922719/winnie-the-pooh-halloween-cardigan-wool,
"Granny Square Crochet Cardigan Pattern, Boho Vintage Jacket Tutorial (PDF Download)",5.0,Sweaters & Knitwear,['crochet'],US,3,113,https://www.etsy.com/listing/4500440727/granny-square-crochet-cardigan-pattern,
Handmade Fluffy Mohair Cardigan: Chunky Knit Open Front,148.0,Sweaters & Knitwear,['wool'],UA,265,6509,https://www.etsy.com/listing/1875200885/handmade-fluffy-mohair-cardigan-chunky,
Just Married Wedding Cardigan | Bridal cardigan | Wedding cardigan | Knit cardigan | Personalised cardigan,46.900000000000006,Sweaters & Knitwear,['crochet'],GB,283,7305,https://www.etsy.com/listing/4405865278/just-married-wedding-cardigan-bridal,
Auguste Sweater Knitting Pattern | Oversized Cable Knit Sweater PDF | Top Down Raglan Jumper Knitting Pattern Sweater PDF |,13.266000000000002,Sweaters & Knitwear,['knit'],PK,8,155,https://www.etsy.com/listing/4510779355/auguste-sweater-knitting-pattern,
"Handmade Personalized Wool Sweater: Custom Letter Monogram Jumper, Weasley Christmas Sweater",45.365,Sweaters & Knitwear,['wool'],TR,486,18090,https://www.etsy.com/listing/1801258844/handmade-personalized-wool-sweater,
"Chunky Cardigan Knitting Pattern • Heart Back Motif, Oversized Roving (PDF Download)",10.036600000000002,Sweaters & Knitwear,['knit'],GB,6,237,https://www.etsy.com/listing/4508931226/chunky-cardigan-knitting-pattern-heart,
Dream Sweater Knitting Pattern PDF | Oversized Drop Shoulder Sweater | Beginner Friendly Knit Oversized Knit Sweater Pattern,13.292800000000002,Sweaters & Knitwear,['knit'],PK,1,101,https://www.etsy.com/listing/4510030322/dream-sweater-knitting-pattern-pdf,
Monarch Butterfly Wing Knit Cardigan – Oversized Boho Cocoon Sweater,45.56,Sweaters & Knitwear,['knit'],DE,106,1916,https://www.etsy.com/listing/4527451366/monarch-butterfly-wing-knit-cardigan,
Red Princess Diana Black Sheep Sweater: Unisex Holiday Jumper,85.0,Sweaters & Knitwear,['Unknown'],TR,356,13902,https://www.etsy.com/listing/1610392562/red-princess-diana-black-sheep-sweater,
"100% Organic Cotton Bell Sleeve Crop Sweater, Mabel Boho Cottage Core Style Sweater, Hippie Boho Organic Clothing, Oversized Sweater Top,",85.6,Sweaters & Knitwear,['organic cotton'],US,786,6065,https://www.etsy.com/listing/4303418436/100-organic-cotton-bell-sleeve-crop,
Ivory Chiffon Wedding Shawl Bridal Shoulder Cape Evening Wrap Veil Capelet,45.0,Sweaters & Knitwear,['chiffon'],IN,93,4438,https://www.etsy.com/listing/4472226180/ivory-chiffon-wedding-shawl-bridal,
Oversized Knit Cardigan – Lightweight Open Front Batwing Sleeve Cardigan for Women,106.05,Sweaters & Knitwear,['knit'],US,45,461,https://www.etsy.com/listing/4542689327/oversized-knit-cardigan-lightweight-open,
Colorblock Crewneck Sweatshirt: Gildan 18000 Blank Pullover for DIY,23.0,Sweaters & Knitwear,['Unknown'],US,354,19342,https://www.etsy.com/listing/4357299853/colorblock-crewneck-sweatshirt-gildan,
Handmade Crochet  Cardigan PATTERN,6.0,Sweaters & Knitwear,['crochet'],TR,2,134,https://www.etsy.com/listing/4426968281/handmade-crochet-cardigan-pattern,
Personalized Sweater - Custom Embroidered Baby Sweater -  Toddler Knit Sweatshirt - Baby Name Jumper,22.753200000000003,Sweaters & Knitwear,['cotton'],GB,54,3589,https://www.etsy.com/listing/4403331179/personalized-sweater-custom-embroidered,
"White Lace Cape,Bridal Shawl,Fairy Off White Lace Cape,White Lace Cape,Elegant Princess Style Cape",70.0,Sweaters & Knitwear,['lace'],US,434,5080,https://www.etsy.com/listing/4481154615/white-lace-capebridal-shawlfairy-off,
KNITTING PATTERN: Sandra sweater,7.95,Sweaters & Knitwear,['knit'],NO,549,11657,https://www.etsy.com/listing/805282258/knitting-pattern-sandra-sweater,
"Silver Sequin Mesh Shrug with Tassels, Wedding Bolero",42.26,Sweaters & Knitwear,['Unknown'],CN,1753,78625,https://www.etsy.com/listing/1548357239/silver-sequin-mesh-shrug-with-tassels,
Mohair Sweater Wedding Jacket White Sweater Bridal Pullover White Jacket Wedding Wrap Bridal Cover up,80.91999999999999,Sweaters & Knitwear,['Unknown'],PL,501,26372,https://www.etsy.com/listing/4440423752/mohair-sweater-wedding-jacket-white,
2025 Christmas Personalized Christmas Stocking - Custom Name Knit Stocking - Toddler Knit Stocking - Christmas Stocking Day,24.093200000000003,Sweaters & Knitwear,['cotton'],GB,5031,224099,https://www.etsy.com/listing/4385171738/2025-christmas-personalized-christmas,
Princess Diana Black Sheep Sweater: Unisex Holiday Jumper,85.0,Sweaters & Knitwear,['Unknown'],TR,597,23368,https://www.etsy.com/listing/1729610104/princess-diana-black-sheep-sweater,
"Chiffon Bridal Scarf floor length, Soft Crepe Wedding Neck Wrap, Minimalist Long Scarf",31.78,Sweaters & Knitwear,['silk'],UA,24,1274,https://www.etsy.com/listing/4499122981/chiffon-bridal-scarf-floor-length-soft,
"Red Ohio Sweatshirt Cardigan, Oversized Game Day Tee, State Pride",37.99,Sweaters & Knitwear,['Unknown'],US,88,3495,https://www.etsy.com/listing/4372487864/red-ohio-sweatshirt-cardigan-oversized,
Knit cardigan PDF Pattern .Easy knitting tutorial,10.55,Sweaters & Knitwear,['crochet'],GB,29,727,https://www.etsy.com/listing/4394740560/knit-cardigan-pdf-pattern-easy-knitting,
"Crochet shrug PATTERN, mushroom toadstool, granny square sweater pattern, PDF download, easy sleeves, cottagecore, whimsical, grandma core",4.95,Sweaters & Knitwear,['crochet'],US,84,653,https://www.etsy.com/listing/4459719191/crochet-shrug-pattern-mushroom-toadstool,
"White Lobster Knit Sweater, Nautical Crewneck Jumper, Coastal Pullover, Women&#39;s Casual Relaxed Fit Top",41.0,Sweaters & Knitwear,['knit'],AE,57,628,https://www.etsy.com/listing/4516325592/white-lobster-knit-sweater-nautical,
Men’s Slim Fit Ribbed Turtleneck Sweater Warm Thick Knit Pullover Long Sleeve Casual Winter Outdoor Top,35.05,Sweaters & Knitwear,['knit'],US,41,831,https://www.etsy.com/listing/4424273073/mens-slim-fit-ribbed-turtleneck-sweater,
Light ivory detachable sleeves off shoulder long sleeves for your wedding dress,89.99,Sweaters & Knitwear,['lace'],US,199,4371,https://www.etsy.com/listing/4464413482/light-ivory-detachable-sleeves-off,
Custom Soft Chantilly Lace wedding boleros Long Sleeves lace bolero bridal bolero jacket Lace Wedding dress topper Romantic lace sleeves,85.0,Sweaters & Knitwear,['lace'],US,1735,41937,https://www.etsy.com/listing/4351241540/custom-soft-chantilly-lace-wedding,
Hexagon Cardigan | Tunisian Crochet | Modern Design | Pattern PDF | Instant Download | Maya Cardigan,7.49,Sweaters & Knitwear,['crochet'],AU,148,2460,https://www.etsy.com/listing/1756306818/hexagon-cardigan-tunisian-crochet-modern,
Women&#39;s Elegant Long Sleeve Tweed Jacket with Pearl Buttons,80.0,Sweaters & Knitwear,['Unknown'],ID,6,586,https://www.etsy.com/listing/4531968488/womens-elegant-long-sleeve-tweed-jacket,
"AMI Paris Heart Knit Sweater, Women&#39;s Cozy Crewneck Pullover",140.0,Sweaters & Knitwear,['knit'],PK,2,68,https://www.etsy.com/listing/4555353811/ami-paris-heart-knit-sweater-womens-cozy,
"New To The Club Golf Baby Embroidered Sweatshirt, Baby Newborn Sweatshirt, Newborn Baby Gifts, Golf Birthday Outfit",29.99,Sweaters & Knitwear,['Unknown'],US,135,5863,https://www.etsy.com/listing/4324806417/new-to-the-club-golf-baby-embroidered,
"Personalized Baby Sweater – Custom Name Knit Jumper, Handmade Toddler Sweatshirt, Baby Shower Gift",34.8132,Sweaters & Knitwear,['cotton'],GB,10,627,https://www.etsy.com/listing/4371715122/personalized-baby-sweater-custom,
"Tulle wedding dress overlay, Tulle top with pearls, Pearl wedding dress topper, Open back wedding topper, Pearl bridal top, Bridal cover up",58.0,Sweaters & Knitwear,['Unknown'],UA,61,1181,https://www.etsy.com/listing/4548483623/tulle-wedding-dress-overlay-tulle-top,
Italian Style Crochet Cotton Cardigan | Open Front Single Button Lace Knit Top,30.8066,Sweaters & Knitwear,['cotton'],GB,90,3723,https://www.etsy.com/listing/4502449049/italian-style-crochet-cotton-cardigan,
Hand Knit Wool V-Neck Sweater: Oversized Slouchy Cream Knit,98.0,Sweaters & Knitwear,['wool'],US,3477,84222,https://www.etsy.com/listing/566900573/hand-knit-wool-v-neck-sweater-oversized,
Handmade Crochet Rosebud Ruffle Scrunchie,1.98,Sweaters & Knitwear,['crochet'],US,3,70,https://www.etsy.com/listing/4505718561/handmade-crochet-rosebud-ruffle,
Polo Ralph Lauren The Iconic American Flag Sweater Crewneck Knit Jumper,190.0,Sweaters & Knitwear,['knit'],PK,0,46,https://www.etsy.com/listing/4550221018/polo-ralph-lauren-the-iconic-american,
Personalized Sweater - Custom Embroidered Baby Sweater -  Toddler Knit Sweatshirt - Baby Name Jumper,22.753200000000003,Sweaters & Knitwear,['crochet'],GB,16,909,https://www.etsy.com/listing/4492712867/personalized-sweater-custom-embroidered,
Sunflower Hoodie Dress Plus Size Woman Handmade Patchwork Sweater Tunic Upcycled Knit Bohemian Clothing Artisan Sustainable Wearable Art,169.0,Sweaters & Knitwear,['knit'],US,0,2,https://www.etsy.com/listing/4557050309/sunflower-hoodie-dress-plus-size-woman,
"Organza bolero jacket, Sheer bridal jacket, Organza wedding bolero, Sheer bridal bolero, Organza wedding dress cover, Elegant bridal bolero",48.0,Sweaters & Knitwear,['Unknown'],UA,77,1371,https://www.etsy.com/listing/4546830609/organza-bolero-jacket-sheer-bridal,
"Custom Hand-Knitted Letter Sweater | Personalized Wizard Style Pullover | Baby, Kids & Adult Sizes (Family Matching)",52.75,Sweaters & Knitwear,['acrylic'],TR,26,1595,https://www.etsy.com/listing/4413077580/custom-hand-knitted-letter-sweater,
"cardigan mockup, strickjacke mockup, PSD mit Smart-Objekt, Model Mockup, womens cardigan, Clothing Mockup, für Social Media & Web",4.4852799999999995,Sweaters & Knitwear,['Unknown'],DE,1,2,https://www.etsy.com/listing/4524255176/cardigan-mockup-strickjacke-mockup-psd,
"Organic Boho Chic Moondance Hand Dyed Duster Kimono, Open Front Tie Dye Cardigan, Hippie Flower Kimono Robe Jacket, Gift for her, Handmade",85.6,Sweaters & Knitwear,['Unknown'],US,161,1894,https://www.etsy.com/listing/4490855880/organic-boho-chic-moondance-hand-dyed,
Roy Keane Praising Santa For doing his job | Christmas Jumper | Kids & Adults Sizes | Great Gift For Football Fans | Forest Utd,26.7866,Sweaters & Knitwear,['cotton'],GB,103,24724,https://www.etsy.com/listing/1807330771/roy-keane-praising-santa-for-doing-his,
"Cinderella All-Over Print Knitted Cardigan, Fairy Tale Sweater, Blue Button Knit",12.49,Sweaters & Knitwear,['knit'],PH,0,16,https://www.etsy.com/listing/4551467595/cinderella-all-over-print-knitted,
Personalized Weasley unisex Christmas sweater wizard and witch. Monogram Christmas magic handmade.,196.51999999999998,Sweaters & Knitwear,['wool'],ES,15335,433154,https://www.etsy.com/listing/565210058/personalized-unisex-christmas-sweater,
"Pleated Tulle Bridal Wrap, Off-the-Shoulder Wedding Stole, Ivory Shawl Button Closure",1.0,Sweaters & Knitwear,['Unknown'],US,13,423,https://www.etsy.com/listing/4519437200/pleated-tulle-bridal-wrap-off-the,
"White Lace Crochet Bolero – Summer Openwork Shrug Top, Cotton Blend Layering Piece",55.04,Sweaters & Knitwear,['cotton'],US,32,2313,https://www.etsy.com/listing/4507641079/white-lace-crochet-bolero-summer,
"Airy Mohair Wrap Jacket Knitting Pattern PDF, Soft Bridal Cardigan Tutorial, Fluffy Ballet Sweater DIY, Beginner Friendly Mohair Jacket",5.0,Sweaters & Knitwear,['lace'],UA,20,179,https://www.etsy.com/listing/4501436663/airy-mohair-wrap-jacket-knitting-pattern,
Burgundy chiffon wrap burgundy wine wrap sheer wine wrap burgundy sheer scarf burgundy sheer shawl wine shawl burgundy shrug woman scarf,31.096399999999996,Sweaters & Knitwear,['chiffon'],ES,132,7689,https://www.etsy.com/listing/1044351648/burgundy-chiffon-wrap-burgundy-wine-wrap,
"Beige Lace Kimono with Fringe, Floral Lace Cover Up, Boho Open Front Fringe Cardigan, Lightweight Beach Cover Up, Festival Layering Outfit",39.9,Sweaters & Knitwear,['lace'],US,41,616,https://www.etsy.com/listing/4541630490/beige-lace-kimono-with-fringe-floral,
10 Crochet Cardigan Patterns Bundle | PDF Sweater Designs (Digital Download),5.0,Sweaters & Knitwear,['crochet'],PK,5,65,https://www.etsy.com/listing/4543082883/10-crochet-cardigan-patterns-bundle-pdf,
"Minnie And Friends Knit Sweater, Minnie Donald Goofy Pluto Graphic Cardigan, Cartoon Character Sweater, Vintage Knit",10.0,Sweaters & Knitwear,['knit'],US,2,265,https://www.etsy.com/listing/4538128874/minnie-and-friends-knit-sweater-minnie,
Just married Bridal Cardigan | Bride Sweater | Embroidered Wedding | Sage green wedding | Pearl Button Bridal Knit | Bride Gift sizes 8 - 18,52.260000000000005,Sweaters & Knitwear,['acrylic'],GB,48,829,https://www.etsy.com/listing/4472973279/just-married-bridal-cardigan-bride,
Szary melanż / limonkowy kardigan zrobiony ręcznie na drutach,358.35999999999996,Sweaters & Knitwear,['Unknown'],PL,0,68,https://www.etsy.com/listing/4514147102/szary-melan-limonkowy-kardigan-zrobiony,
"Personalized Teacher Name Knitted Cardigan: School Teacher Cardigan, Teacher Appreciation Gift, School Supplies Print Cardigan, Teacher Gift",20.98,Sweaters & Knitwear,['knit'],US,268,3101,https://www.etsy.com/listing/4536996554/personalized-teacher-name-knitted,
Butterfly Crochet Cardigan Statement Handmade Style,1.1,Sweaters & Knitwear,['crochet'],US,11,809,https://www.etsy.com/listing/4489707684/butterfly-crochet-cardigan-statement,
Crochet Bolero Pattern PDF | Instant Download | Summer Bolero,3.6855,Sweaters & Knitwear,['crochet'],US,12,131,https://www.etsy.com/listing/4514780944/crochet-bolero-pattern-pdf-instant,
"Light Ivory Lace Bridal Bolero , Soft Chantilly Lace Wedding Bolero, Long Sleeve Bridal Bolero Jacket, Romantic Lace Wedding Dress Topper",187.6,Sweaters & Knitwear,['lace'],AU,156,2312,https://www.etsy.com/listing/4541938186/light-ivory-lace-bridal-bolero-soft,
"Boho GOTS Certified Organic Cotton Sweater, Oversized Cozy Chic Cardigan, Thick Cotton Undyed Natural Organic Shawl, Hippie Cottage Core",146.4,Sweaters & Knitwear,['organic cotton'],US,2113,23835,https://www.etsy.com/listing/1700218906/boho-gots-certified-organic-cotton,
Etola Ślubna | Narzutka Ślubna | Okrycie Ślubne | Bolerko Ślubne dla Panny Młodej | Sweterek Ślubny | Prezent na Wieczór Panieński | Biały,73.984,Sweaters & Knitwear,['Unknown'],PL,2733,170228,https://www.etsy.com/listing/1525018065/etola-lubna-o-narzutka-lubna-o-okrycie,
Pull doux et chaud col rond en alpaga tricoté à la main,104.03999999999999,Sweaters & Knitwear,['jersey'],FR,466,15665,https://www.etsy.com/listing/1371790954/pull-doux-et-chaud-col-rond-en-alpaga,
"Dungeons and Dragons Sweater, Dungeon Master Hoodie, DND Shirts, D and D Gifts for Men,  TH1049",50.54,Sweaters & Knitwear,['cotton'],CA,50,1418,https://www.etsy.com/listing/1611733108/dungeons-and-dragons-sweater-dungeon,
"Winter Cloak with Hood, Long Hooded Cape, Wool Sweater Cape Coat, Oversized Cardigan",156.06,Sweaters & Knitwear,['cotton'],BG,10084,181550,https://www.etsy.com/listing/900171217/winter-cloak-with-hood-long-hooded-cape,
Black Lives Matter Sweater,49.95,Sweaters & Knitwear,['acrylic'],US,3195,40513,https://www.etsy.com/listing/858766026/black-lives-matter-sweater,
"Cottagecore Fall Cardigan, Autumn Cardigan, Retro Cardigan,Happy Fall Vintage Countryside Sweatshirt , Holiday apparel, Fall Leaves clothing",41.59,Sweaters & Knitwear,['knit'],US,92,866,https://www.etsy.com/listing/4547259850/cottagecore-fall-cardigan-autumn,
"Personalized Knitted Baby Romper Set with Hat & Booties, Custom Embroidered Name Newborn Outfit, Coming Home Suit, Hand-Stitched Gift",16.0532,Sweaters & Knitwear,['knit'],GB,22,832,https://www.etsy.com/listing/4484982980/personalized-knitted-baby-romper-set,
"Organza wedding cape,  Organza wedding dress topper, Organza bridal capelet, Sheer bridal capelt, Short bridal cape, Wedding dress cover",38.0,Sweaters & Knitwear,['Unknown'],UA,40,597,https://www.etsy.com/listing/4549292935/organza-wedding-cape-organza-wedding,
A detailed master class on knitting an openwork jumper from kid mohair,9.0,Sweaters & Knitwear,['alpaca'],UA,4,93,https://www.etsy.com/listing/4476856362/a-detailed-master-class-on-knitting-an,
Organic Cotton Knit Oversized  Bolero - Pullover Sweater – Loose Knit Tunic Top,84.99,Sweaters & Knitwear,['organic cotton'],US,0,19,https://www.etsy.com/listing/4550986746/organic-cotton-knit-oversized-bolero,
Butterfly Wings Crochet Cardigan – Cozy Handmade For Women,210.0,Sweaters & Knitwear,['crochet'],US,311,7807,https://www.etsy.com/listing/4477679768/butterfly-wings-crochet-cardigan-cozy,
"Polo Ralph Lauren Women&#39;s Cotton Knit Bear Sweater, Embroidered Winter Pullover, Long Sleeve Jumper",148.55,Sweaters & Knitwear,['cotton'],GB,45,1531,https://www.etsy.com/listing/4535178274/polo-ralph-lauren-womens-cotton-knit,
"Personalized Teacher Cardigan, Custom Name Sweater, Back to School Gift for Teacher, Teacher Appreciation",16.24,Sweaters & Knitwear,['knit'],PH,3,33,https://www.etsy.com/listing/4539938856/personalized-teacher-cardigan-custom,
Crochet Mesh Cardigan,22.0,Sweaters & Knitwear,['crochet'],US,0,0,https://www.etsy.com/listing/4554289416/crochet-mesh-cardigan,
"Crochet Knit Top, Long Sleeve Crop Sweater, Beach Cover Up, Boho Bikini Swimsuit Cover, Summer Vacation Outfit, Women&#39;s Wool One Size",40.1866,Sweaters & Knitwear,['wool'],GB,1,32,https://www.etsy.com/listing/4555167518/crochet-knit-top-long-sleeve-crop,
"Cross Stitch Hearts Sweater, Hmong Paj Ntaub DTF Sweater, Hmong Crewneck Sweater, Hmong, Adult Unisex Size, Gildan G180",30.0,Sweaters & Knitwear,['Unknown'],US,0,22,https://www.etsy.com/listing/4554921519/cross-stitch-hearts-sweater-hmong-paj,
"Bridal Organza Bolero, Wedding Organza Jacket, Sheer Organza Shrug, Bridal Sheer Bolero, Wedding Sheer Jacket, Organza Bridal Cover Up",84.0,Sweaters & Knitwear,['Unknown'],UA,586,18530,https://www.etsy.com/listing/4416311221/bridal-organza-bolero-wedding-organza,
Spooky sweater,130.0,Sweaters & Knitwear,['Unknown'],US,1,137,https://www.etsy.com/listing/4556411059/spooky-sweater,
"Nordic Fair Isle Knit Sweater, Cozy Oversized Pullover, Cream Blue Grey Knitwear",52.018800000000006,Sweaters & Knitwear,['knit'],GB,201,3019,https://www.etsy.com/listing/4520387193/nordic-fair-isle-knit-sweater-cozy,
Embroidered Teacher Quarter Zip Pullover | Back to School Apparel,35.0,Sweaters & Knitwear,['Unknown'],US,4,54,https://www.etsy.com/listing/4554060169/embroidered-teacher-quarter-zip-pullover,
Gonaku Cable Knit Sweater,21.3521,Sweaters & Knitwear,['knit'],ID,0,11,https://www.etsy.com/listing/4547196289/gonaku-cable-knit-sweater,
Linen Bolero knitted Jacket summer Cover up handmade vest Violet wrap,42.772,Sweaters & Knitwear,['linen'],LV,528,17519,https://www.etsy.com/listing/675574834/linen-bolero-knitted-jacket-summer-cover,
"Custom Face Christmas Cardigan, Personalized Ugly Sweater Gift",32.48,Sweaters & Knitwear,['Unknown'],CN,39,1552,https://www.etsy.com/listing/4395116889/custom-face-christmas-cardigan,
Crochet Sparrow Organizer Pattern – Amigurumi Blrd Sewing Case -Needle Thread Pin Holder (PDF Pattern),1.99,Sweaters & Knitwear,['crochet'],US,18,455,https://www.etsy.com/listing/4494952612/crochet-sparrow-organizer-pattern,
Mohair pattern knitting V-neck sweater knitting pattern,9.5,Sweaters & Knitwear,['wool'],UA,161,2575,https://www.etsy.com/listing/1289310099/mohair-pattern-knitting-v-neck-sweater,
Hot Girls Have Granny Hobbies Mockneck - PLEASE READ DESCRIPTION,85.0,Sweaters & Knitwear,['Unknown'],US,428,6687,https://www.etsy.com/listing/4490461044/preorder-hot-girls-have-granny-hobbies,
"Loose Goose Seance Club Sweatshirt, Funny Witchy Goose Crewneck Sweater, Vintage Halloween Pullover, Spooky Season Silly Goose Lover Gift",48.99,Sweaters & Knitwear,['Unknown'],US,0,0,https://www.etsy.com/listing/4540667935/loose-goose-seance-club-sweatshirt-funny,
"Personalized Halloween Black Cat Knitted Cardigan, Custom Witchy Spooky Fall Cardigan, Gothic Halloween Gift For Her",15.01644,Sweaters & Knitwear,['knit'],DE,20,260,https://www.etsy.com/listing/4545300525/personalized-halloween-black-cat-knitted,
"Handmade Butterfly Wing Cardigan Sweater, Fairycore Batwing Wrap, Monarch Wings",76.0,Sweaters & Knitwear,['Unknown'],PK,13,292,https://www.etsy.com/listing/4544266375/hand-made-monarch-butterfly-wing,
"Gengar Pokem0n Cardigan, Purple Knit Sweater, Ghost Type Anime Cardigan, Cute Gengar Haunter Gastly Sweater, Spooky Gift, Christmas Gift",10.0,Sweaters & Knitwear,['knit'],US,17,71,https://www.etsy.com/listing/4538173523/gengar-pokem0n-cardigan-purple-knit,
Alpaca Shrug Bolero Wedding Cover Up Alpaca Shawl Bolero Bridal Bolero Wrap,63.58,Sweaters & Knitwear,['wool'],PL,9479,448346,https://www.etsy.com/listing/1513397581/alpaca-shrug-bolero-wedding-cover-up,
"Crochet Kimono Cardigan Pattern, Boho Lace Beach Cover Up, Beginner Shawl Tutorial (PDF Download)",7.23,Sweaters & Knitwear,['lace'],PK,19,168,https://www.etsy.com/listing/4522122233/crochet-kimono-cardigan-pattern-boho,
"Blush Pink Mohair Alpaca Silk Bridal Bolero Wrap, Off Shoulder Wedding Sweater",63.58,Sweaters & Knitwear,['silk'],PL,44,1056,https://www.etsy.com/listing/4499146332/blush-pink-mohair-alpaca-silk-bridal,
"Handwoven Alpaca Nordic Sweater – 100% Alpaca Wool, Unisex Peruvian Knit, Warm Winter Pullover",170.0,Sweaters & Knitwear,['wool'],PE,6,544,https://www.etsy.com/listing/4434573609/handwoven-alpaca-nordic-sweater-100,
"Winnie The Pooh Custom Name Cardigan, Personalized Pooh Bear Wool Sweater, Vintage Hundred Acre Wood Knitwear, Storybook Fall Apparel",22.3,Sweaters & Knitwear,['wool'],US,4,52,https://www.etsy.com/listing/4554400076/winnie-the-pooh-custom-name-cardigan,
Latina Power Dad Hat,34.0,Sweaters & Knitwear,['Unknown'],US,60,1582,https://www.etsy.com/listing/1302885629/latina-power-dad-hat,
Tulle bolero Shoulder cover-up Wedding wrap,50.0,Sweaters & Knitwear,['Unknown'],UA,52,2210,https://www.etsy.com/listing/1853582592/tulle-bolero-shoulder-cover-up-wedding,
Christmas sweater knitting Pattern PDF -Holiday jumper tutorial -digital download -Chirstmas sweater,7.5538,Sweaters & Knitwear,['knit'],GB,0,44,https://www.etsy.com/listing/4416964081/christmas-sweater-knitting-pattern-pdf,
Romantic lace sleeves French Eyelash Stretch Lace sleeves Soft chantilly lace wedding sleeves Long Sleeves lace bolero bridal bolero,65.0,Sweaters & Knitwear,['lace'],US,522,14913,https://www.etsy.com/listing/4331503537/romantic-lace-sleeves-french-eyelash,
"Personalized Halloween Club Cardigan, School Spirit Varsity Sweater, Student Club Name Number Logo, College Group Fall Gift",16.019000000000002,Sweaters & Knitwear,['Unknown'],PH,0,18,https://www.etsy.com/listing/4555063722/personalized-halloween-club-cardigan,
Amigurumi Butterfly Crochet Pattern | Kawaii Plush Animal PDF Download,1.99,Sweaters & Knitwear,['crochet'],US,2,16,https://www.etsy.com/listing/4505155506/amigurumi-butterfly-crochet-pattern,
"The Pigeon Has To Go To School Knit Cardigan, Pigeon Teacher Cardigan, Teacher Life Storybook Reading Outfit, Kindergarten Cardigan",10.0,Sweaters & Knitwear,['knit'],US,7,222,https://www.etsy.com/listing/4537586187/the-pigeon-has-to-go-to-school-knit,
Pearl Chiffon wrap shawl bolero sleeves bridesmaids wedding shrug mother of the bride evening cape silver sleeves pearl,39.303999999999995,Sweaters & Knitwear,['chiffon'],ES,618,15303,https://www.etsy.com/listing/1744656251/pearl-chiffon-wrap-shawl-bolero-sleeves,
"Beaded lace bridal gloves,Sparkling lace bridal sleeves,Wedding floral lace sleeves,custom size,wedding arm covers",80.0,Sweaters & Knitwear,['lace'],US,42,1131,https://www.etsy.com/listing/4477885474/beaded-lace-bridal-glovessparkling-lace,
Wolf Graphic Knit Cardigan – Nordic Style Winter Zip Sweater,48.24,Sweaters & Knitwear,['wool'],GB,6,111,https://www.etsy.com/listing/4554625834/wolf-graphic-knit-cardigan-nordic-style,
Mikkeli Nordic Sweater Knitting Pattern Scandinavian Fair Isle Pullover for Fly Fishing Outdoor Unisex Digital PDF Download,5.7915,Sweaters & Knitwear,['wool'],MA,4,88,https://www.etsy.com/listing/4493463557/mikkeli-nordic-sweater-knitting-pattern,
"Long Knit Cardigan, Wool Hooded Cape, Plus Size Womens Cloak, Asymmetrical Hoodie",156.06,Sweaters & Knitwear,['cotton'],BG,780,14010,https://www.etsy.com/listing/1106653759/long-knit-cardigan-wool-hooded-cape-plus,
"Western Graphic Knit Sweater, Cowboy Skull Print Pullover, Southwestern Cowgirl Top",89.0,Sweaters & Knitwear,['alpaca'],US,2,26,https://www.etsy.com/listing/4554031885/western-graphic-knit-sweater-cowboy,
Loom Knit Winter Sweater Pattern + Video Tutorial,6.5,Sweaters & Knitwear,['knit'],ES,376,10488,https://www.etsy.com/listing/911900630/loom-knit-winter-sweater-pattern-video,
"Boho Crochet Fringe Tank Top, Granny Square Knit Cami, Colorful Festival Beach Cover-Up",27.2154,Sweaters & Knitwear,['crochet'],GB,1,62,https://www.etsy.com/listing/4547405206/boho-crochet-fringe-tank-top-granny,
Dark brown Chiffon sleeves wrap shawl bolero Winter wedding shrug elegant accessory size unique dark brown,39.303999999999995,Sweaters & Knitwear,['chiffon'],ES,305,19148,https://www.etsy.com/listing/1403391640/dark-brown-chiffon-sleeves-wrap-shawl,
Crochet Dragon PDF Pattern | Adorable Amigurumi Dragon Plush,4.49,Sweaters & Knitwear,['crochet'],US,4,47,https://www.etsy.com/listing/4505173343/crochet-dragon-pdf-pattern-adorable,
"I Am No Man sweatshirt, Fantasy Merch, Reading Fandom sweatshirt, Book Lover sweatshirt, Comfort Colors, fantasy book shirt, Fantasy Reader",38.99,Sweaters & Knitwear,['cotton'],US,328,4803,https://www.etsy.com/listing/1721568433/i-am-no-man-sweatshirt-fantasy-merch,
Cosmic Witch Crop Jumper,60.27667100000001,Sweaters & Knitwear,['Unknown'],SG,0,25,https://www.etsy.com/listing/4549022278/cosmic-witch-crop-jumper,
"Lace Bridal Capelet, Sheer White Wedding Shawl, Beaded Tulle Bolero Topper for Bride, Elegant Shoulder Cover Up for Formal Evening Dress",45.0,Sweaters & Knitwear,['lace'],US,53,1266,https://www.etsy.com/listing/4535190535/lace-bridal-capelet-sheer-white-wedding,
"Beauty and the Beast Knit Sweater Cardigan, Belle Princess Gift for Her Cardigan, Princess Belle Graphic Cardigan, Teacher Gift",10.0,Sweaters & Knitwear,['knit'],US,17,300,https://www.etsy.com/listing/4538128880/beauty-and-the-beast-knit-sweater,
"Wool Cloak, Hooded Wool Coat, Long Knit Cardigan, Kimono Cardigan",156.06,Sweaters & Knitwear,['cotton'],BG,1945,42894,https://www.etsy.com/listing/721686796/wool-cloak-hooded-wool-coat-long-knit,
"Organza bridal bolero, Wedding dress topper with sleeves, Wedding bolero jacket,Sheer bridal jacket,Wedding dress cover,Organza dress topper",48.0,Sweaters & Knitwear,['Unknown'],UA,8,139,https://www.etsy.com/listing/4548491374/organza-bridal-bolero-wedding-dress,
"Personalized Knitted Baby Romper Set with Hat & Booties, Custom Embroidered Name Newborn Outfit, Coming Home Suit, Hand-Stitched Gift",26.773200000000003,Sweaters & Knitwear,['cotton'],GB,13,628,https://www.etsy.com/listing/4473719645/personalized-knitted-baby-romper-set,
"Cropped Crochet Top, Open Knit Jumper Shrug, Festival Sweater, Plus Size Knitted Jumper, One Size Loose Boho",69.68,Sweaters & Knitwear,['crochet'],GB,527,24208,https://www.etsy.com/listing/1430419463/cropped-crochet-top-open-knit-jumper,
"Kurt Cobain Sweater Striped Grunge Jumper, Oversized Unisex Sweater, Chunky Nirvana Style Pullover",76.0,Sweaters & Knitwear,['Unknown'],US,60,2100,https://www.etsy.com/listing/4408723572/kurt-cobain-sweater-striped-grunge,
Hunger Games Inspired Crochet Cowl: Katniss Everdeen Sweater Vest Woodland Archer Textured,45.0,Sweaters & Knitwear,['crochet'],US,2769,47067,https://www.etsy.com/listing/676247531/hunger-games-inspired-crochet-cowl,
"Boo-Jee Ghost Halloween Cardigan, Coquette Pink Ghost Sweater, Spooky Season Knit",9.0,Sweaters & Knitwear,['knit'],KR,2,33,https://www.etsy.com/listing/4549604941/boo-jee-ghost-halloween-cardigan,
"Personalized Black Cat Autumn Cardigan, Custom Name Fall Sweater, Moon Floral Knit",9.0,Sweaters & Knitwear,['knit'],KR,9,176,https://www.etsy.com/listing/4549503314/personalized-black-cat-autumn-cardigan,
"Handmade Alpaca Silk Bridal Shrug, Luxury Wedding Bolero Cover Up",63.58,Sweaters & Knitwear,['silk'],PL,513,12038,https://www.etsy.com/listing/4493545756/handmade-alpaca-silk-bridal-shrug-luxury,
"WDW Mickey And Friends Signature Cardigan, Mickey Mouse Donald Duck Goofy Jacket, Magic Kingdom Summer Trip Button Shirt",13.876839999999998,Sweaters & Knitwear,['Unknown'],US,0,30,https://www.etsy.com/listing/4549079608/wdw-mickey-and-friends-signature,
"Ruffle Collar Bridal Bolero, Lace Wedding Jacket, Cropped Sheer Lace Shrug, 3/4 Sleeve Wedding Dress Topper, Bridal Cover Up White or Black",80.0,Sweaters & Knitwear,['lace'],US,0,9,https://www.etsy.com/listing/4556612364/ruffle-collar-bridal-bolero-lace-wedding,
The Sheep Jumper: a PDF pattern for an intarsia knit design by Theodora Goes Wild,8.71,Sweaters & Knitwear,['wool'],GB,982,13454,https://www.etsy.com/listing/1013020212/the-sheep-jumper-a-pdf-pattern-for-an,
"Halloween Black Cat Ghost Pumpkin Cardigan, Vintage Halloween Sweater, Retro Witchy Button Cardigan, Fall Holiday Outfit, Spooky Season Gift",12.24,Sweaters & Knitwear,['knit'],US,1,15,https://www.etsy.com/listing/4550191862/halloween-black-cat-ghost-pumpkin,
"Beautiful Icelandic Sweater, Fluffy Nordic Jumper, Oversized Mohair Turtleneck, Lopapeysa Women Jumper, Fair Isle Sweater, Handknit Pullover",266.16,Sweaters & Knitwear,['knit'],BG,3269,172962,https://www.etsy.com/listing/1174244427/beautiful-icelandic-sweater-fluffy,
"Hand-Knitted Merino Wool Chunky Cardigan, Pastel Oversized Knit, One-of-a-Kind UK Made",335.0,Sweaters & Knitwear,['merino wool'],GB,9,1196,https://www.etsy.com/listing/4523938389/hand-knitted-merino-wool-chunky-cardigan,
AMI Paris Heart Logo Knit Sweater Women Crewneck Cozy Winter Pullover Top,65.0,Sweaters & Knitwear,['knit'],PK,3,114,https://www.etsy.com/listing/4526648295/ami-paris-heart-logo-knit-sweater-women,
Cotton Gauze Blouse Women | Oversized Muslin Top | Cottagecore Shirt | Loose Fit Boho Blouse | Minimalist Summer Clothing,35.99,Sweaters & Knitwear,['cotton'],TH,11,196,https://www.etsy.com/listing/4548560647/cotton-gauze-blouse-women-oversized,
Braut Jacke Ärmel Aufbügler personalisiert – Jeansjacke Hochzeit Datum Initialen – DIY Brautjacke – Wedding Jacket Iron On Sleeve,6.8204,Sweaters & Knitwear,['Unknown'],DE,4,134,https://www.etsy.com/listing/4481743683/braut-jacke-armel-aufbugler,
"Personalized Baby Sweater – Custom Embroidered Name Knit Jumper, Handmade Toddler Sweatshirt, Baby Shower Gift",26.773200000000003,Sweaters & Knitwear,['cotton'],GB,6,214,https://www.etsy.com/listing/4426097986/personalized-baby-sweater-custom,
"Embroidered Halloween Sweatshirt, Spooky Season Crewneck, Cute Ghost Pumpkin Sweater, Fall Embroidered Shirt, Halloween Gift",12.99,Sweaters & Knitwear,['Unknown'],US,41,286,https://www.etsy.com/listing/4546489977/embroidered-halloween-sweatshirt-spooky,
Bridal Shawl Alpaca Silk Shrug Wedding Wrap White Bolero Bridal Cover up Alpaca Silk Shawl Bridal Shrug Wedding Stole Alpaca Wrap Bolero,57.8,Sweaters & Knitwear,['wool'],PL,570,17678,https://www.etsy.com/listing/1837177341/bridal-shawl-alpaca-silk-shrug-wedding,
Hand-knitted wedding cardigan made of mohair and silk — wedding bolero,82.49216,Sweaters & Knitwear,['silk'],LT,328,8416,https://www.etsy.com/listing/1280568690/hand-knitted-mohair-silk-wedding,
"Comfort Colors Tis The Season Shirt, Ghost Football Game Day Sweater, Spooky Season Graphic Tee, Cute Halloween Gift, Football Fan Clothes",30.98,Sweaters & Knitwear,['Unknown'],TR,33,533,https://www.etsy.com/listing/4526201635/comfort-colors-tis-the-season-shirt,
"Custom Name Trick Or Treat Halloween Cardigan, Pumpkin Knit Cardigan, Retro Pumpkin Cardigan, Fall Holiday Sweatshirt,Halloween Knit Sweater",20.98,Sweaters & Knitwear,['knit'],US,66,782,https://www.etsy.com/listing/4537010724/custom-name-trick-or-treat-halloween,
"Personalized Embroidered Cardigan Sweater, Custom Game Day College Football Apparel",44.99,Sweaters & Knitwear,['Unknown'],US,23,225,https://www.etsy.com/listing/4555148528/personalized-embroidered-cardigan,
"Chunky Knit Sweater Women, Oversized Balloon Sleeve, Cottagecore Pullover Jumper",79.04660000000001,Sweaters & Knitwear,['knit'],GB,149,1435,https://www.etsy.com/listing/4517179542/chunky-knit-sweater-women-oversized,
Championships 2026 White Knitted Zipper Front Jacket - Tennis Inspired Smart Casual Outerwear,128.57,Sweaters & Knitwear,['knit'],PK,0,319,https://www.etsy.com/listing/4538710423/championships-2026-white-knitted-zipper,
"Oversized Chunky Knit Cardigan, Cozy Handknitted Sweater, Handmade Knitwear, Fall Winter Sweater",79.764,Sweaters & Knitwear,['knit'],RO,12,188,https://www.etsy.com/listing/4553374008/oversized-chunky-knit-cardigan-cozy,
"Monarch Butterfly Wing Cardigan, Oversized Boho Knit Sweater, Cocoon Style, Fall Winter Warm Cardigan",38.75,Sweaters & Knitwear,['knit'],DE,7,134,https://www.etsy.com/listing/4549947606/monarch-butterfly-wing-cardigan,
"Showgirl Cardigans, Showgirl Sweaters",96.0,Sweaters & Knitwear,['Unknown'],TH,42,2690,https://www.etsy.com/listing/4395197024/showgirl-cardigans-showgirl-sweaters,
Chunky Knitting Pattern PDF — The Patchwork Colourwork Cardigan | All Sizes | Instant Download | Video Masterclass,10.036600000000002,Sweaters & Knitwear,['knit'],GB,19,387,https://www.etsy.com/listing/4487301533/chunky-cardigan-pattern-finger-knitted,
"Elegant Black Lace Wedding Bolero, Floral Lace Long Sleeves Bridal Cover Up",95.0,Sweaters & Knitwear,['lace'],US,199,2444,https://www.etsy.com/listing/4413311221/elegant-black-lace-wedding-bolero-floral,
Dusty rose pink mauve Chiffon wrap shawl bolero sleeves bridesmaids gift wedding gift shrug mother of the bride outfit evening cape jacket,39.303999999999995,Sweaters & Knitwear,['chiffon'],ES,362,17205,https://www.etsy.com/listing/1315231038/dusty-rose-pink-mauve-chiffon-wrap-shawl,
"Personalized Teacher Name Cardigan, Custom School Icons Knitted Sweater, Kindergarten Educator Gift, Cute Back To School Classroom Outfit",22.3,Sweaters & Knitwear,['knit'],US,20,279,https://www.etsy.com/listing/4540751066/personalized-teacher-name-cardigan,
"Haunted Mansion Cardigan, Foolish Mortals Spooky Wool Sweater, Hitchhiking Ghosts Knitwear, Madame Leota Autumn Aesthetic, Halloween Apparel",22.3,Sweaters & Knitwear,['wool'],US,80,554,https://www.etsy.com/listing/4539861632/haunted-mansion-cardigan-foolish-mortals,
5 Cantonas Eric Cantona Red Christmas Jumper | Kids & Adults Sizes |  Manchester Man | Great Gift For United Fans | Printed In The UK,33.4866,Sweaters & Knitwear,['cotton'],GB,52,7920,https://www.etsy.com/listing/1793123288/5-cantonas-eric-cantona-red-christmas,
"Pumpkin cardigan for women, cream knit, embroidered pumpkins sweater",126.69,Sweaters & Knitwear,['knit'],US,51,286,https://www.etsy.com/listing/4548883322/pumpkin-cardigan-for-women-cream-knit,
Mossy Oak Bottomland Mock Neck-pre order will be here November,69.0,Sweaters & Knitwear,['Unknown'],US,8,226,https://www.etsy.com/listing/4556637452/mossy-oak-bottomland-mock-neck,
Vintage Patchwork Halloween Ghost Pumpkin Knitted Cardigan Haunted House Oversized V-Neck Button Up Sweater Spooky Unisex Gift,51.15,Sweaters & Knitwear,['knit'],US,34,561,https://www.etsy.com/listing/4538116743/vintage-patchwork-halloween-ghost,
"Strawberry Knit Cardigan, pink embroidered fruit print sweater",68.74,Sweaters & Knitwear,['knit'],US,2,45,https://www.etsy.com/listing/4546830325/strawberry-knit-cardigan-pink,
Filipiniana Kimona with Modern Puff Sleeves - JS306,62.3,Sweaters & Knitwear,['Unknown'],US,380,26304,https://www.etsy.com/listing/1815375667/filipiniana-kimona-with-modern-puff,
"Knitted Bridal Shrug, Wedding Cover Up, Sage Green Reversible Wedding Bolero",112.13199999999999,Sweaters & Knitwear,['knit'],LV,2704,144768,https://www.etsy.com/listing/1214874626/sage-green-wedding-shrug-convertible,
Personalized Sweater - Custom Embroidered Baby Sweater -  Toddler Knit Sweatshirt - Baby Name Jumper,22.753200000000003,Sweaters & Knitwear,['crochet'],GB,5,296,https://www.etsy.com/listing/4493380212/personalized-sweater-custom-embroidered,
"Tribal Beige Hooded Cardigan, Handwoven Cotton Hooded Jacket, Boho Festival Hoodie, Natural Clothing",63.568439999999995,Sweaters & Knitwear,['cotton'],PT,50,396,https://www.etsy.com/listing/4536244602/tribal-beige-hooded-cardigan-handwoven,
"KNITTING PATTERN *the Two Tone* Jumper Pattern, Knitted Jumper, Double Wool & Balloon Sleeves",6.365,Sweaters & Knitwear,['wool'],GB,258,4383,https://www.etsy.com/listing/1184555471/knitting-pattern-the-two-tone-jumper,
"Vintage Crochet Granny Square Cardigan, Boho Y2K Patchwork Sweater",105.0,Sweaters & Knitwear,['crochet'],US,7,142,https://www.etsy.com/listing/4554982156/vintage-crochet-granny-square-cardigan,
Vintage Navy Blue Polo Bear Sweater | Ralph Lauren Crewneck Jumper | Gift For Her & Him,69.99,Sweaters & Knitwear,['knit'],PK,1,42,https://www.etsy.com/listing/4554025412/vintage-navy-blue-polo-bear-sweater,
Elegant Lace wedding boleros Short Sleeves lace bolero bridal bolero jacket Lace Wedding dress topper Romantic lace sleeves,90.0,Sweaters & Knitwear,['lace'],US,2,35,https://www.etsy.com/listing/4554375532/elegant-lace-wedding-boleros-short,
"Trick Or Treat Halloween Cardigan: Spooky Pumpkin Knit Sweater,Spooky Season Halloween Cardigan, Boo Cardigan, Fall Holiday Pumpkin Cardigan",20.98,Sweaters & Knitwear,['knit'],US,6,58,https://www.etsy.com/listing/4540401938/trick-or-treat-halloween-cardigan-spooky,
"Hold On Partner Im Overstimulated, Monochromatic  Sweatshirt, Unhinged  Sweatshirt, Weird core Clothing,  Weird Stuff Funny Sweatshirt",38.99,Sweaters & Knitwear,['cotton'],US,901,12557,https://www.etsy.com/listing/1823263016/hold-on-partner-im-overstimulated,
Willow Tree Crochet Shrug Mesh Sweater Wisteria Shrug,130.0,Sweaters & Knitwear,['cotton'],UA,1581,15299,https://www.etsy.com/listing/4463402180/willow-tree-crochet-shrug-mesh-sweater,
"Men&#39;s Hand Knit Wool Wolf Cardigan, project hail mary, Vintage Nordic Canadian Sweater",90.0,Sweaters & Knitwear,['wool'],PK,9,881,https://www.etsy.com/listing/4548411632/mens-hand-knit-wool-wolf-cardigan,
"Mohair Strickjacke, Mohair cardigan, Mohair Jacke Handgestrickt Handmade ONE SIZE beige",298.248,Sweaters & Knitwear,['Unknown'],DE,469,35677,https://www.etsy.com/listing/4315298785/mohair-strickjacke-mohair-cardigan,
"Mickey Halloween Cardigan, Neon Minnie Witch Sweater, Spooky Vampire Pumpkin Knitwear, Not So Scary Trip Outfit, Fall 2026 Party Apparel",22.3,Sweaters & Knitwear,['knit'],US,11,112,https://www.etsy.com/listing/4540756518/mickey-halloween-cardigan-neon-minnie,
"Women&#39;s Aztec Patchwork Sweatshirt, Boho Bubble Sleeve Pullover Sweater",89.06,Sweaters & Knitwear,['Unknown'],US,0,17,https://www.etsy.com/listing/4554054388/womens-aztec-patchwork-sweatshirt-boho,
"Personalized Grandma Ghost Halloween Ugly Sweater, Custom Grandchildren Names Fall Jumper",11.32,Sweaters & Knitwear,['Unknown'],PH,0,6,https://www.etsy.com/listing/4555672804/grandma-ghost-halloween-ugly-sweater,
"Retro Mahjong Cardigan Wool Sweater, Chinoiserie Tile Pattern Knitwear, Asian Art Game Night Outfit, Aesthetic Pink Mahjong Lover Gift",22.3,Sweaters & Knitwear,['wool'],US,7,88,https://www.etsy.com/listing/4550885242/retro-mahjong-cardigan-wool-sweater,
Bridal Shawl Wrap Wedding Stole Alpaca Wool Scarf Bridal Cover up White Shawl Wrap Bridal Shrug Bolero Wedding Shawl,63.58,Sweaters & Knitwear,['wool'],PL,193,12816,https://www.etsy.com/listing/4440419078/bridal-shawl-wrap-wedding-stole-alpaca,
Custom Angora Bridal Sweater | Ivory Wedding Shrug | Romantic Long Sleeve Bridal Cover Up | Made to Order Wedding Sweater,238.0,Sweaters & Knitwear,['knit'],UA,0,14,https://www.etsy.com/listing/4556988454/custom-angora-bridal-sweater-ivory,
"Halloween Raccoon Sweatshirt, Time to Stir the Pot Comfort Colors Tee, Witchy Trash Panda Graphic Shirt, Funny Spooky Season Sweater for Her",30.98,Sweaters & Knitwear,['Unknown'],TR,0,1,https://www.etsy.com/listing/4556047258/halloween-raccoon-sweatshirt-time-to,
"Halloween Nurse Shirt, Cute Medical Characters Comfort Colors Tee, Spooky Season Nursing Top, Healthcare Worker Sweatshirt, Fall Graphic Tee",30.98,Sweaters & Knitwear,['Unknown'],TR,0,6,https://www.etsy.com/listing/4556032715/halloween-nurse-shirt-cute-medical,
"Vampire Cat Shirt, Vintage Halloween Comfort Colors Tee, Vampurr Bites Again Graphic Top, Funny Dracula Kitty Sweater for Cat Lovers",30.98,Sweaters & Knitwear,['Unknown'],TR,0,2,https://www.etsy.com/listing/4556037333/vampire-cat-shirt-vintage-halloween,
"Spooky Season Sweatshirt, Patchwork Ghost Comfort Colors Tee, Neutral Halloween Graphic Top, Trendy Leopard Camo Checker Ghost Shirt for Her",30.98,Sweaters & Knitwear,['Unknown'],TR,0,3,https://www.etsy.com/listing/4556048772/spooky-season-sweatshirt-patchwork-ghost,
"Halloween Plant Sweatshirt, Spooky Succulent Comfort Colors Tee, Cute Witchy Houseplant Graphic Top, Plant Lover Shirt, Botanical Fall Tee",30.98,Sweaters & Knitwear,['Unknown'],TR,0,6,https://www.etsy.com/listing/4556044786/halloween-plant-sweatshirt-spooky,
"Horror halloween character hoodie sublimated tie dye sweater, hockey mask goth decor horror graphic t-shirt",50.0,Sweaters & Knitwear,['polyester'],US,6043,87479,https://www.etsy.com/listing/1300459699/horror-halloween-character-hoodie,
Handmade Crochet Butterfly Cardigan Peach Monarch Wing Shrug Crop Bolero Fairycore Festival Jacket Boho Summer Cover Up,134.9,Sweaters & Knitwear,['crochet'],TR,1704,17128,https://www.etsy.com/listing/4444848587/handmade-crochet-butterfly-cardigan,
Custom Sparkle beaded lace wedding boleros Long Sleeves lace bolero bridal bolero jacket Lace Wedding dress topper Romantic lace sleeves,208.0,Sweaters & Knitwear,['lace'],US,419,12612,https://www.etsy.com/listing/4387260523/custom-sparkle-beaded-lace-wedding,
Belted Women&#39;s Jacket Pattern with Lining (PDF Pattern),8.091999999999999,Sweaters & Knitwear,['Unknown'],NL,16,99,https://www.etsy.com/listing/4346138142/belted-womens-jacket-pattern-with-lining,
Project Hail Mary Inspired Wolf Cardigan | Hand Knit Style Zip-Up Sweater | Fox Cardigan,40.0,Sweaters & Knitwear,['knit'],US,87,5927,https://www.etsy.com/listing/4521314726/project-hail-mary-inspired-wolf-cardigan,
"Wildflower Black Cat Pumpkin Design Halloween Knit Cardigan, Cat Lovers Autumn Sweater Gift, Cozy Fall Cardigan, Halloween Outfit Apparel",10.47,Sweaters & Knitwear,['knit'],GB,0,11,https://www.etsy.com/listing/4554232222/wildflower-black-cat-pumpkin-design,
Elegant Crochet Cardigan for Women | Vintage Hollow Out Summer Sweater Loose Batwing Sleeve Knit Outerwear  Boho Casual V Neck Cardigans,42.0,Sweaters & Knitwear,['alpaca'],PK,7,289,https://www.etsy.com/listing/4533423712/elegant-crochet-cardigan-for-women,
Mohair Bridal Bolero Wedding Bolero Pink cover up Knitted Shrug Bridal sweater Bridal jacket sweater loose cardigan bride knit cardigan,64.0,Sweaters & Knitwear,['merino wool'],UA,1199,22980,https://www.etsy.com/listing/1566336808/mohair-bridal-bolero-wedding-bolero-pink,
"Light ivory wedding dress topper, Lace bolero jacket, Bridal Bolero, Wedding jacket, wedding bolero, bridal jacket, V-neck Alencon lace",159.99,Sweaters & Knitwear,['lace'],US,573,15593,https://www.etsy.com/listing/1682975560/light-ivory-wedding-dress-topper-lace,
"Custom Halloween Varsity Cardigan, School Spirit Sweater, Custom Logo & Name Number, Fall Spirit Wear, Halloween Team Gift",16.019000000000002,Sweaters & Knitwear,['Unknown'],PH,0,21,https://www.etsy.com/listing/4554871589/custom-halloween-varsity-cardigan-school,
"Custom Girl Cardigan, Embroidered Name Knit Sweater, Gift for Little Boy,Personalization Kids Jumper, Maximum size 8T",67.0,Sweaters & Knitwear,['cotton'],GB,10,633,https://www.etsy.com/listing/4470721096/custom-girl-cardigan-embroidered-name,
"Lace Cape Bridal Top, Wedding Shawl Wrap, High Neck Design, Satin Buttons, Custom Length",105.0,Sweaters & Knitwear,['satin'],US,22,332,https://www.etsy.com/listing/4519958316/lace-cape-bridal-top-wedding-shawl-wrap,
"Lace Bridal Cape with Train, Sheer Wedding Cape, Floral Lace Bridal Cover Up, Bridal Topper, Romantic Wedding Wrap",120.0,Sweaters & Knitwear,['lace'],UA,77,1799,https://www.etsy.com/listing/4526006908/lace-bridal-cape-with-train-sheer,
"Personalized Teacher Name Cardigan: School Teacher Cardigan, Teacher Appreciation Gift, School Supplies Print Cardigan, Back to school Gift",20.98,Sweaters & Knitwear,['Unknown'],US,0,18,https://www.etsy.com/listing/4542700942/personalized-teacher-name-cardigan,
"Minnie Mouse Cardigan, Magic Kingdom Castle Cardigan, Apparel Gift For Her, Fall Sweater Gift For Her 01",10.0,Sweaters & Knitwear,['knit'],US,9,111,https://www.etsy.com/listing/4535457098/minnie-mouse-cardigan-magic-kingdom,
"Witch Halloween Cardigan, Retro Practical Magic Inspired Cardigan, Happy Fall Sweatshirt , Witchy Aesthetic Holiday apparel, Cozy Witch Gift",41.59,Sweaters & Knitwear,['knit'],US,2,68,https://www.etsy.com/listing/4546679764/witch-halloween-cardigan-retro-practical,
"Handmade Alpaca Sweater | Peruvian Knit, Unisex Jumper",139.0,Sweaters & Knitwear,['wool'],PE,2,169,https://www.etsy.com/listing/4418002771/handmade-alpaca-sweater-peruvian-knit,
"Custom Logo And Brand Name Ugly Christmas Sweater, Personalized Logo Ugly Christmas Sweater, Custom Logo Ugly Christmas Sweater For Company",29.95,Sweaters & Knitwear,['polyester'],US,2,349,https://www.etsy.com/listing/4387318280/custom-logo-and-brand-name-ugly,
Cozy Purple Cardigan Crochet Pattern,2.99,Sweaters & Knitwear,['crochet'],US,26,579,https://www.etsy.com/listing/1183886795/cozy-purple-cardigan-crochet-pattern,
Alpaca women openwork  sweater. White alpaca wedding sweater. Sweater for women. Wedding sweater. Bridal sweater,150.0,Sweaters & Knitwear,['merino wool'],UA,809,16247,https://www.etsy.com/listing/652161275/alpaca-women-openwork-sweater-white,
"Women Lace Bolero Shrug, Black White Floral Lace Cardigan, Sheer 3/4 Sleeve Crop Jacket, Elegant Bridal Evening Cover Up",66.0,Sweaters & Knitwear,['lace'],US,5,157,https://www.etsy.com/listing/4543470535/women-lace-bolero-shrug-black-white,
Light ivory Lace wedding dress topper mandarin collar keyhole back,119.99,Sweaters & Knitwear,['satin'],US,461,9566,https://www.etsy.com/listing/4462850651/light-ivory-lace-wedding-dress-topper,
Sage wrap green wrap sage green shawl sage bolero sheer shrug light green wrap sage green jacket sheer jacket sheer bolero sage green bolero,39.303999999999995,Sweaters & Knitwear,['chiffon'],ES,1328,56389,https://www.etsy.com/listing/1445802867/sage-wrap-green-wrap-sage-green-shawl,
"Chunky Knit Hooded Cardigan Sweater, Oversized Handmade Women’s Cozy Winter Boho Outerwear Jacket",115.0,Sweaters & Knitwear,['knit'],AE,14,300,https://www.etsy.com/listing/4510182858/chunky-knit-hooded-cardigan-sweater,
Bridal Sleeves: Detachable Tulle Wedding Dress Straps Off-Shoulder Sleeves,33.99,Sweaters & Knitwear,['Unknown'],IN,1061,46742,https://www.etsy.com/listing/4303749430/bridal-sleeves-detachable-tulle-wedding,
Teal Blue wrap Peacock wrap green sleeves green wrap green bolero wedding shrug bridesmaids green wrap woman jacket sleeves prom jacket,39.303999999999995,Sweaters & Knitwear,['chiffon'],ES,515,27438,https://www.etsy.com/listing/1214671548/teal-blue-wrap-peacock-wrap-green,
Alpaca Bolero Wedding Cardigan Bridal Bolero Jacket Alpaca Sweater Wedding Jacket Alpaca Silk Bolero Wedding Cover up,63.58,Sweaters & Knitwear,['silk'],PL,1406,48413,https://www.etsy.com/listing/1823445050/alpaca-bolero-wedding-cardigan-bridal,
"Halloween Wool Cardigan, Minnie and Friends Sweater, Minnie Witch Knit, Trip Family Costume Cardigan, Gift for Her 20",10.0,Sweaters & Knitwear,['wool'],US,8,181,https://www.etsy.com/listing/4536999257/halloween-wool-cardigan-minnie-and,
Cardigan Étole Femme Châle Wrap Écharpe Brillante 1.80 X 1.20 cm Cérémonies Soirée Fêtes Mariage Cocktail Bal de Promo Doré Pailletée,52.019999999999996,Sweaters & Knitwear,['polyester'],FR,55,2596,https://www.etsy.com/listing/4383367432/cardigan-etole-femme-chale-wrap-echarpe,
"Lace Tulle Bridal Bolero, Ivory Long Sleeve Wedding Dress Topper, Sheer Floral Lace Cover Up,Button Back Bridal Jacket,Elegant Wedding Shrug",57.13,Sweaters & Knitwear,['lace'],UA,49,1078,https://www.etsy.com/listing/4541706023/lace-tulle-bridal-bolero-ivory-long,
"Vintage Ghost Halloween Knit Cardigan, Retro Spooky Season Button Sweater, Fall Holiday Apparel, Halloween Lover Gift, Cozy Pumpkin Outfit",14.99,Sweaters & Knitwear,['knit'],US,2,48,https://www.etsy.com/listing/4542107909/vintage-ghost-halloween-knit-cardigan,
Chinon Suit Set with Embroidered Top & Printed Dupatta,108.28,Sweaters & Knitwear,['Unknown'],US,4,303,https://www.etsy.com/listing/4521256030/chinon-suit-set-with-embroidered-top,
"Preppy School Cardigan for Women, Academia Varsity Sweater, Back to School Knit Cardigan, College Student Gift, Campus Outfit",12.49,Sweaters & Knitwear,['knit'],PH,0,4,https://www.etsy.com/listing/4553652908/preppy-school-cardigan-for-women,
"Color Block Knit Cardigan, Oversized V-Neck Lantern Sleeve Sweater, Cozy Fall Winter Knitwear",60.0,Sweaters & Knitwear,['knit'],PK,4,59,https://www.etsy.com/listing/4551715291/color-block-knit-cardigan-oversized-v,
Nepal Handmade Multicolor Wool Crochet Cardigan – Boho Hippie Fall Fashion Sweater,109.82,Sweaters & Knitwear,['wool'],NL,5,102,https://www.etsy.com/listing/4535475668/handmade-sweater-for-women-chunky-button,
"Scarf with Sleeves, Boho Shrug Cardigan, Wrap Sweater Women, Boho Wedding Shawl",173.39999999999998,Sweaters & Knitwear,['knit'],ES,226,4002,https://www.etsy.com/listing/4497640122/scarf-with-sleeves-boho-shrug-cardigan,
YEMAK Women&#39;s Cropped Bolero Cardigan – 3/4 Sleeve V-Neck Basic Classic Casual Button Down Knit Soft Sweater Top (S-3XL),23.5,Sweaters & Knitwear,['nylon'],US,368,9872,https://www.etsy.com/listing/1309421311/yemak-womens-cropped-bolero-cardigan-34,
"Wedding Bolero - Pearl Embellished Bridal Cloak, Short-Front Long-Back Cape Wrap for Evening Gowns & Wedding Dresses",55.0,Sweaters & Knitwear,['Unknown'],US,15,577,https://www.etsy.com/listing/4519427738/wedding-bolero-pearl-embellished-bridal,
Wedding Jacket Alpaca Sweater White Jacket Bridal Cover up Alpaca Wool Jacket White Cardigan Wedding Cape Openwork Sweater Wedding Wrap,92.47999999999999,Sweaters & Knitwear,['wool'],PL,319,9477,https://www.etsy.com/listing/4440423926/wedding-jacket-mohair-cardigan-white,
Make up the difference as well as CUSTOM Sweater listing,209.99,Sweaters & Knitwear,['merino wool'],CN,3,309,https://www.etsy.com/listing/821341940/make-up-the-difference-listing,
"Red Black Punk Crochet Sweater, Grunge Striped Jumper, Alternative Goth Clothing, Rock and Roll Streetwear",420.0,Sweaters & Knitwear,['crochet'],GB,0,1,https://www.etsy.com/listing/4552176503/red-black-punk-crochet-sweater-grunge,
Hand Knit Mohair Sweater &quot;Meltwater&quot; | Mint Green Lace Knit Pullover | Premium Lana Gatto Mohair & Lambswool Jumper | One of a Kind,130.0,Sweaters & Knitwear,['wool'],UA,0,20,https://www.etsy.com/listing/4556724229/hand-knit-mohair-sweater-meltwater-mint,
"Crochet Knit Tank Top, Hollow Out Boho Summer Vest, Sleeveless Beach Cami",37.52,Sweaters & Knitwear,['crochet'],GB,2,68,https://www.etsy.com/listing/4545500025/crochet-knit-tank-top-hollow-out-boho,
"Organza Wedding Cape, Bridal Organza Cape, Sheer Wedding Cape,Wedding Capelet Bride,Bridal Shoulder Cape,Dress Cape Overlay,Lightweight Cape",53.0,Sweaters & Knitwear,['Unknown'],UA,381,7137,https://www.etsy.com/listing/4424854130/organza-wedding-cape-bridal-organza-cape,
"Ivory wedding bolero, lace bolero, bridal bolero jacket, Ivory bolero, 3/4 sleeve lace bolero, alencon lace",119.99,Sweaters & Knitwear,['lace'],US,1872,24815,https://www.etsy.com/listing/76784724/ivory-wedding-bolero-lace-bolero-bridal,
"Summer cardigan knitted teal green, Boho dress jacket lightweight, Asymmetrical cardigan 3/4 sleeve, Versatile wrap for summer evenings",48.552,Sweaters & Knitwear,['knit'],ES,35,1059,https://www.etsy.com/listing/1638284200/summer-cardigan-knitted-teal-green-boho,
"Halloween Cardigan Sweater, Black Cat Ghost Pumpkin Spooky Knit Cozy Fall Apparel",9.0,Sweaters & Knitwear,['knit'],KR,1,44,https://www.etsy.com/listing/4549604315/halloween-cardigan-sweater-black-cat,
"Fluffy Blue Eyed Cat Cardigan, Vintage Persian Cat Knit Sweater, Coquette Aesthetic Clothes, Cute Cottagecore Sweater, Soft Girl Knitwear",12.0,Sweaters & Knitwear,['knit'],US,2,34,https://www.etsy.com/listing/4543780494/fluffy-blue-eyed-cat-cardigan-vintage,
Slim Fit Ribbed Turtleneck Women Soft Knit Long Sleeve Pullover One Size Minimalist Fall Top,9.99,Sweaters & Knitwear,['polyester'],US,0,83,https://www.etsy.com/listing/4477075102/slim-fit-ribbed-turtleneck-women-soft,
Handmade italian alpaca knit sweater Sheer fuzzy mohair style navy blue pullover Oversized light open hand knit jumper Cozy gift for her,60.0,Sweaters & Knitwear,['alpaca'],UA,1,13,https://www.etsy.com/listing/4555686919/handmade-italian-alpaca-knit-sweater,
Polo Bear Knit Sweater | Ralph Lauren Beige & Black sweatshirt | Old Money Crewneck Jumper | Gift For Her and Him,112.0,Sweaters & Knitwear,['knit'],CN,0,27,https://www.etsy.com/listing/4554340122/ralph-lauren-beige-black-polo-bear-knit,
Men&#39;s Turtleneck Fleece Sweater Warm Pullover Slim Fit Casual Winter Knit Jumper,39.39,Sweaters & Knitwear,['fleece'],US,3,25,https://www.etsy.com/listing/4542902047/mens-turtleneck-fleece-sweater-warm,
"Vintage Gothic Halloween Cardigan for Women, Raven Moon Haunted House Knitted Sweater, Dark Academia Spooky Fall Clothing, Witchy Outfit",33.32,Sweaters & Knitwear,['knit'],US,26,189,https://www.etsy.com/listing/4539988106/vintage-gothic-halloween-cardigan-for,
"Invisible Mending Sweater Repair Service, Knitwear Hole Fix, Moth Damage Restoration",50.0,Sweaters & Knitwear,['knit'],US,31,26355,https://www.etsy.com/listing/4476014269/invisible-mending-sweater-repair-service,
"Personalised Embroidered Flower Girl Cardigan, Matching, Wedding, Keepsake, Photos",26.8,Sweaters & Knitwear,['Unknown'],GB,165,6651,https://www.etsy.com/listing/4347502903/personalised-embroidered-flower-girl,
"Light ivory long sleeve wedding dress topper, buttoned back, lace bolero, wedding bolero, wedding jacket, bridal bolero",109.99,Sweaters & Knitwear,['lace'],US,6729,402075,https://www.etsy.com/listing/783088632/light-ivory-long-sleeve-wedding-dress,
Soft Off white Chantilly Lace wedding boleros Long Sleeves lace bolero bridal bolero jacket Lace Wedding dress topper Romantic lace sleeves,85.0,Sweaters & Knitwear,['lace'],US,935,24816,https://www.etsy.com/listing/4364014677/soft-off-white-chantilly-lace-wedding,
"Digital Circus Knitted Cardigan, TADC Sweater Womens, Aesthetic TADC  Womens Knitwear, TADC Fan Gift, Anime outfit 86",10.0,Sweaters & Knitwear,['knit'],US,26,535,https://www.etsy.com/listing/4536919710/digital-circus-knitted-cardigan-tadc,
Handmade Granny Square Cardigan | Boho Crochet Jacket Women | Black Multicolor Patchwork Coat | Artisan Festival Sweater Gift for Her,150.0,Sweaters & Knitwear,['crochet'],US,80,898,https://www.etsy.com/listing/4541170203/handmade-granny-square-cardigan-boho,
"Highland Cow Halloween Sweatshirt, Witch, Ghost, Mummy Costume Gift, Spooky Farm Animal Hoodie",12.0,Sweaters & Knitwear,['Unknown'],US,1,17,https://www.etsy.com/listing/4545782860/highland-cow-halloween-sweatshirt-witch,
Bridal Sleeves: Detachable Tulle Wedding Dress Straps Off-Shoulder Sleeves,32.99,Sweaters & Knitwear,['satin'],IN,194,3653,https://www.etsy.com/listing/4471946925/bridal-sleeves-detachable-tulle-wedding,
"Bridal Shrug Overlay,Wedding Dress Overlay,Tulle Bridal Wrap,Sheer Wedding Shrug,Off Shoulder Bridal Wrap,Bridal Tulle Shawl,Wedding sleeves",45.0,Sweaters & Knitwear,['Unknown'],UA,460,10623,https://www.etsy.com/listing/4415527071/bridal-shrug-overlaywedding-dress,
Luxury Oversized Alpaca Sweater – Soft Handmade Knitwear,220.0,Sweaters & Knitwear,['wool'],UA,165,2604,https://www.etsy.com/listing/4435633415/luxury-oversized-alpaca-sweater-soft,
Modern Batik Kimono Set with Wrap Skirt | Elegant Women&#39;s Outfit,38.13,Sweaters & Knitwear,['Unknown'],ID,3,92,https://www.etsy.com/listing/4540721784/modern-batik-kimono-set-with-wrap-skirt,
"Alpaca Wool Sweater, Handmade Alpaca Pullover, Soft Round Neck Crewneck Sweater, Warm Natural Wool Knit, Luxury Winter Gift",78.9,Sweaters & Knitwear,['wool'],PE,0,3,https://www.etsy.com/listing/4555519794/alpaca-wool-sweater-handmade-alpaca,
"White Mohair Bolero Jacket: Fluffy Knit Bridal Shrug, Long Sleeve Wedding Cover Up",50.0,Sweaters & Knitwear,['knit'],UA,13,267,https://www.etsy.com/listing/4528334452/white-mohair-bolero-jacket-fluffy-knit,
Ivory Off-Shoulder Alencon Lace bolero jacket Bridal Bolero Wedding jacket wedding bolero bridal shrug bridal jacket,129.99,Sweaters & Knitwear,['lace'],US,6802,118969,https://www.etsy.com/listing/96687359/ivory-off-shoulder-alencon-lace-bolero,
Crochet Cocoon Shrug: Grey Vegan Wool Boho Cardigan,161.83999999999997,Sweaters & Knitwear,['wool'],ES,82,3176,https://www.etsy.com/listing/1742229663/crochet-cocoon-shrug-grey-vegan-wool,
Handknit Linen Blend Bolero Shrug: Ivory White Summer Cardigan,93.81340000000002,Sweaters & Knitwear,['cotton'],GB,245,8166,https://www.etsy.com/listing/1897147003/handknit-linen-blend-bolero-shrug-ivory,
Ecru Linen Cotton Knit Bolero Shrug - Cropped Cardigan,93.81340000000002,Sweaters & Knitwear,['cotton'],GB,189,10886,https://www.etsy.com/listing/1892008889/ecru-linen-cotton-knit-bolero-shrug,
"Xaden Riorson Wingleader sweatshirt, Bookish Sweatshirt, Violent Little Thing Sweatshirt, Xaden Riorson Sweatshirt, Gift For Readers",38.99,Sweaters & Knitwear,['Unknown'],US,941,11791,https://www.etsy.com/listing/1849278372/xaden-riorson-wingleader-sweatshirt,
Women&#39;s Monarch Butterfly Wing Cardigan Knit Sweater Jacket,65.0,Sweaters & Knitwear,['knit'],US,6,351,https://www.etsy.com/listing/4508305796/womens-monarch-butterfly-wing-cardigan,
Ivory Pearl Bridal Shoulder Veil Shawl Tulle Wedding Bolero Shrug Cover Up Cape for Bride Elegant Pearl Mantilla Wrap Sleeveless Bridal Gift,119.0,Sweaters & Knitwear,['Unknown'],US,32,8601,https://www.etsy.com/listing/4512480816/ivory-pearl-bridal-shoulder-veil-shawl,
"Personalized Teacher Name Cardigan: School Teacher Cardigan, Teacher Appreciation Gift, School Supplies Print Cardigan, Back To School Gift",20.98,Sweaters & Knitwear,['Unknown'],US,18,189,https://www.etsy.com/listing/4541334648/personalized-teacher-name-cardigan,
"Personalized Baby Name Sweater, Hand-Embroidered 100% Cotton Pullover",20.0,Sweaters & Knitwear,['cotton'],US,7,473,https://www.etsy.com/listing/4528828076/personalized-baby-name-sweater-hand,
Chunky Cardigan Pattern Finger Knitted - Multicolor colossal sweater giant yarn Colorful | Video Masterclass,10.036600000000002,Sweaters & Knitwear,['merino wool'],GB,20,349,https://www.etsy.com/listing/4491488030/chunky-cardigan-pattern-finger-knitted,
Hand knit oversize woman Hoodie sweater chunky slouchy Cream wool cable knit cardigan,179.0,Sweaters & Knitwear,['cotton'],US,979,22127,https://www.etsy.com/listing/777001256/hand-knit-oversize-woman-hoodie-sweater,
"Off the Shoulder Wedding Bolero with Long Sleeves, Luxury English Tulle Bridal Shrug",59.0,Sweaters & Knitwear,['Unknown'],UA,219,1991,https://www.etsy.com/listing/4509078181/off-the-shoulder-wedding-bolero-with,
"Villain Halloween Cardigan, Maleficent Halloween Sweater Cardigan, Dark Fantasy Cardigan, Gothic Villain Cardigan 30",10.0,Sweaters & Knitwear,['knit'],US,2,69,https://www.etsy.com/listing/4535581383/villain-halloween-cardigan-maleficent,
Elegant Hollow Lace Knit Cardigan Women’s Short Sleeve Sheer Shrug Top,34.0,Sweaters & Knitwear,['lace'],PK,0,50,https://www.etsy.com/listing/4545398006/elegant-hollow-lace-knit-cardigan-womens,
ADD A DESIGN or letter to a custom embroidered sweater,5.0,Sweaters & Knitwear,['Unknown'],US,95,8303,https://www.etsy.com/listing/1376475368/add-a-design-or-letter-to-a-custom,
Mei Pajama Sweater,50.0,Sweaters & Knitwear,['cotton'],Unknown,518,10046,https://www.etsy.com/listing/650393621/mei-pajama-sweater,
"Bridal Sheer Bolero, Wedding Dress Cover Up, Bridal Shrug Jacket,Sheer Bridal Jacket,Bridal Tulle Bolero,Wedding Bolero Wrap,Bridal Cover Up",64.0,Sweaters & Knitwear,['Unknown'],UA,133,3878,https://www.etsy.com/listing/4455555633/bridal-sheer-bolero-wedding-dress-cover,
"Cute Scalloped Cardigan for Women, Button Front Knit Sweater, Long Sleeve Casual Cardigan, Everyday Outfit Layering Top",99.0,Sweaters & Knitwear,['knit'],US,1,6,https://www.etsy.com/listing/4553795518/cute-scalloped-cardigan-for-women-button,
Bridal Sleeves: Detachable Tulle Wedding Dress Straps Off-Shoulder Pleated Sleeves,32.99,Sweaters & Knitwear,['satin'],IN,88,1597,https://www.etsy.com/listing/4538239513/bridal-sleeves-detachable-tulle-wedding,
"Boho White Crochet Kimono Poncho, Open Front Fringe Cardigan, Lightweight Beach Cover Up, Festival Layering Outfit",39.9,Sweaters & Knitwear,['lace'],US,62,660,https://www.etsy.com/listing/4535892691/boho-white-crochet-kimono-poncho-open,
Crochet Back to School Cardigan PATTERN with VIDEO (Child & Adult Sizes),8.0,Sweaters & Knitwear,['crochet'],US,114,915,https://www.etsy.com/listing/4321081992/back-to-school-crochet-cardigan-pattern,
Bleach Designed Sweaters & Hoodies,40.0,Sweaters & Knitwear,['Unknown'],US,4,203,https://www.etsy.com/listing/4533647371/bleach-designed-sweaters-hoodies,
"Personalized Dallas Team Cardigan, Custom Name Number Cowboys Knit Cardigan, School Spirit Button Sweater, Custom Sports Gift",48.25,Sweaters & Knitwear,['jersey'],UA,28,386,https://www.etsy.com/listing/4544694744/personalized-dallas-team-cardigan-custom,
Cream Crochet Tank Top | Handmade Square Neck Cropped Summer Boho Knit,64.39999999999999,Sweaters & Knitwear,['crochet'],US,54,1286,https://www.etsy.com/listing/4504757672/cream-crochet-tank-top-handmade-square,
"Crochet Cardigan for Women, Tie Front Cardigan, Boho Knit Cover Up, Lightweight Summer Cardigan, One Size UK 8-14",29.4666,Sweaters & Knitwear,['cotton'],GB,40,1367,https://www.etsy.com/listing/4517350429/crochet-cardigan-for-women-tie-front,
"Disney Park Cardigan, Disney Castle Cardigan, Magic Kingdom Sweater, Disney Inspired Cardigan, Unisex Knit Cardigan, Disney Fan Gift",12.49,Sweaters & Knitwear,['knit'],PH,1,9,https://www.etsy.com/listing/4551942183/disney-park-cardigan-disney-castle,
"Crochet Striped Raglan Sweater – Handmade Cozy Knit Pullover, Soft Winter Top",6.0,Sweaters & Knitwear,['crochet'],PK,1,66,https://www.etsy.com/listing/4456032758/crochet-striped-raglan-sweater-handmade,
YEMAK Women&#39;s Cropped Bolero Cardigan – Short Sleeve Crewneck Basic Classic Casual Button Down Knit Soft Sweater Knitted Top (S-L),21.5,Sweaters & Knitwear,['nylon'],US,198,6363,https://www.etsy.com/listing/1551730954/yemak-womens-cropped-bolero-cardigan,
Hunger Games Inspired Crochet Hooded Cowl: Katniss Everdeen Sweater Vest Woodland Archer Textured,70.0,Sweaters & Knitwear,['crochet'],US,729,10646,https://www.etsy.com/listing/1142182874/crochet-cowl-hooded-vest-hunger-games,
"Personalized Baby Name Sweater, Hand-Embroidered 100% Cotton Pullover",20.0,Sweaters & Knitwear,['cotton'],US,1,103,https://www.etsy.com/listing/4539340036/personalized-baby-name-sweater-hand,
"Oversized Cable Knit Hooded Sweater, Chunky Knit Pullover, Boho Hoodie Sweater, Cozy Fall Sweater, Slouchy Knit Top, Women’s Winter Sweater",88.0,Sweaters & Knitwear,['cotton'],US,4,36,https://www.etsy.com/listing/4554392940/oversized-cable-knit-hooded-sweater,
"Halloween Black Cat Pumpkin Cardigan, Cute Halloween Knit Sweater, Cozy Fall Button Up Cardigan, Spooky Autumn Gift for Women,Halloween Gift",20.98,Sweaters & Knitwear,['knit'],US,11,130,https://www.etsy.com/listing/4541314853/halloween-black-cat-pumpkin-cardigan,
Cottagecore Witchy Mushroom Pumpkin Magic Potion Knitted Cardigan Oversized V-Neck Button Up Sweater Sage Green Fall Unisex Gift,51.15,Sweaters & Knitwear,['knit'],US,6,34,https://www.etsy.com/listing/4553685899/cottagecore-witchy-mushroom-pumpkin,
"Halloween Black Cat Patchwork Knit Cardigan, Vintage Pumpkin Ghost Sweater, Witchy Moon Cardigan, Fall Holiday Outfit, Spooky Season Gift",12.24,Sweaters & Knitwear,['knit'],US,1,27,https://www.etsy.com/listing/4553123928/halloween-black-cat-patchwork-knit,
Indonesian Batik Tunic Top for Women | Modern Ethnic Fashion,39.81,Sweaters & Knitwear,['Unknown'],ID,3,49,https://www.etsy.com/listing/4540203727/indonesian-batik-tunic-top-for-women,
Oversized Angora Maxi Cardigan | Soft Cozy Long Cardigan | Minimalist Women’s Knitwear,141.0,Sweaters & Knitwear,['knit'],UA,105,1450,https://www.etsy.com/listing/4483535734/oversized-angora-maxi-cardigan-o-soft,
"Cardigan For Women, Lightweight Open Front Long Sleeve, Plus Size S-3XL",41.13,Sweaters & Knitwear,['cotton'],US,859,47286,https://www.etsy.com/listing/1174604352/womens-casual-cardigan-lightweight-open,
"Purple Tulle Wedding Jacket, Puff Sleeve Mesh Cover Up, Custom Color",51.0,Sweaters & Knitwear,['Unknown'],TR,4648,133556,https://www.etsy.com/listing/579119232/tulle-wedding-jacket-puff-sleeve-mesh,
Nova Luna Shrug,17.5,Sweaters & Knitwear,['crochet'],AU,9,265,https://www.etsy.com/listing/4512051597/nova-luna-shrug,
"School Cardigan for Women, Preppy Varsity Sweater, Academia Knit Cardigan, Back to School Outfit, College Student Gift",12.49,Sweaters & Knitwear,['knit'],PH,0,12,https://www.etsy.com/listing/4553740217/school-cardigan-for-women-preppy-varsity,
"Hand-Knitted Colorful Striped Cardigan: Cotton Mohair Blend, Oversized Fit",150.0,Sweaters & Knitwear,['cotton'],TR,1857,68225,https://www.etsy.com/listing/1828583471/hand-knitted-cotton-mohair-cardigan,
"Abnehmbare Chiffon-Satin Elfenbein Ärmel mit Neckholder, Elegantes Brautaccessoire für Hochzeit & Events, Maßgeschneiderte Schulterärmel",90.0524,Sweaters & Knitwear,['satin'],DE,1513,26420,https://www.etsy.com/listing/4322965793/abnehmbare-chiffon-satin-elfenbein-armel,
Project Hail Mary Ryan Gosling Wolf Cardigan,99.0,Sweaters & Knitwear,['Unknown'],GB,65,5851,https://www.etsy.com/listing/4482669699/project-hail-mary-ryan-gosling-wolf,
"Halloween Patchwork Cardigan, Vintage Quilt Sweater, Pumpkin Haunted House Knit, Spooky Autumn Apparel",9.0,Sweaters & Knitwear,['knit'],KR,15,183,https://www.etsy.com/listing/4550173911/halloween-patchwork-cardigan-vintage,
"Wine Sheer Shawl Scarf, Dark Red Wrap, Elegant Prom Evening Scarf, Lightweight Bridal Shrug, Gift",31.096399999999996,Sweaters & Knitwear,['chiffon'],ES,172,5950,https://www.etsy.com/listing/1163145186/burgundy-red-scarf-wine-scarf-sheer,
"Retro Black Cat Bookshelf Cardigan Sweater, Vintage Library Book Cardigan, Gift for Book Lovers, Reader Sweater, Cat Mom Cardigan, Bookworm",31.98,Sweaters & Knitwear,['knit'],VN,3,161,https://www.etsy.com/listing/4545956052/retro-black-cat-bookshelf-cardigan,
YEMAK Women&#39;s Cropped Bolero Cardigan – Short Sleeve V-Neck Basic Classic Casual Button Down Knit Soft Sweater Top (S-3XL),20.95,Sweaters & Knitwear,['nylon'],US,86,2715,https://www.etsy.com/listing/1566003731/yemak-womens-cropped-bolero-cardigan,
Women&#39;s Button-Up Sweater Oversized Casual Cardigan,65.0,Sweaters & Knitwear,['Unknown'],PK,1,135,https://www.etsy.com/listing/4547304772/womens-button-up-sweater-oversized,
"Vintage Halloween Patchwork Cardigan, Trick or Treat Halloween Knitwear, Ghost Pumpkin Button Sweater, Retro Fall Outfit, Spooky Season Gift",8.64,Sweaters & Knitwear,['knit'],GB,0,2,https://www.etsy.com/listing/4553584190/vintage-halloween-patchwork-cardigan,
Mosaic crochet pattern-Granny Square Pattern Crochet Set,6.0,Sweaters & Knitwear,['crochet'],TR,5,105,https://www.etsy.com/listing/4424472985/mosaic-crochet-pattern-granny-square,
Marilyn Sweater: Hand Knit Wool Cardigan - Iconic Mexican Style,265.0,Sweaters & Knitwear,['wool'],US,2057,61135,https://www.etsy.com/listing/250766446/marilyn-sweater-hand-knit-wool-cardigan,
"Vintage Autumn Leaves Knit Cardigan, Cozy Fall Pumpkin Sweater, Coffee Lover Cardigan, Book Lover Gift, Cottagecore Fall Sweater",12.84,Sweaters & Knitwear,['knit'],US,0,55,https://www.etsy.com/listing/4545451351/vintage-autumn-leaves-knit-cardigan-cozy,
Bügelaufkleber für Deinen Morgenmantel zum Getting Ready der Hochzeit oder zum JGA - Mit Bügelaufkleber selbst gestalten,6.8204,Sweaters & Knitwear,['Unknown'],DE,34,2245,https://www.etsy.com/listing/1359926112/bugelaufkleber-fur-deinen-morgenmantel,
"Polo American Flag Sweater, Cotton Knit Pullover, Vintage Retro Crewneck, Unisex Winter Sweater",133.31,Sweaters & Knitwear,['cotton'],US,0,24,https://www.etsy.com/listing/4555116597/polo-american-flag-sweater-cotton-knit,
"Vintage Halloween Patchwork Cardigan, Ghost Pumpkin Button Sweater, Retro Witch Moon Knitwear, Cottagecore Fall Outfit, Spooky Season Gift",8.64,Sweaters & Knitwear,['knit'],GB,0,22,https://www.etsy.com/listing/4549564921/vintage-halloween-patchwork-cardigan,
Merino and Alpaca Furry Sweater. Hand-Knitted Colorful striped sweater.,156.06,Sweaters & Knitwear,['alpaca'],ES,130,2435,https://www.etsy.com/listing/1793535592/merino-and-alpaca-furry-sweater-hand,
"DN Mickey & Friends Signature Black Cardigan, Minnie Goofy Donald Daisy Pluto Button Shirt, DN Halloween Christmas Trip Sweater",13.876839999999998,Sweaters & Knitwear,['Unknown'],US,0,39,https://www.etsy.com/listing/4553020476/dn-mickey-friends-signature-black,
"Ralph Lauren Sky Blue Polo Bear Knit Sweater, Embroidered Crewneck Jumper, Vintage Cotton Unisex",130.99,Sweaters & Knitwear,['cotton'],US,2,95,https://www.etsy.com/listing/4553769620/ralph-lauren-sky-blue-polo-bear-knit,
"Ghost Cat Halloween Shirt, Pumpkin Spice Coffee Comfort Colors Tee, Cute Spooky Graphic, Black Cat Lover Tee, Fall Halloween Outfit",30.98,Sweaters & Knitwear,['Unknown'],TR,0,17,https://www.etsy.com/listing/4541329988/ghost-cat-halloween-shirt-pumpkin-spice,
"Oversized Fall Knitted Sweater, Brown Wool Winter Bohemian Style",130.628,Sweaters & Knitwear,['wool'],BG,8,91,https://www.etsy.com/listing/4552176499/oversized-fall-knitted-sweater-brown,
"Embroidered Baseball Cap for Women, Starfish Hat, Seashell Beach Cap, Coastal Ocean Hat, Sea Life Cap, Beach Lover Gift for Her",34.5,Sweaters & Knitwear,['cotton'],US,0,0,https://www.etsy.com/listing/4552236986/embroidered-baseball-cap-for-women,
Boho Lounge Harem Trousers | Soft Lightweight Mandala Print Pants | One Size UK 8–16,24.1066,Sweaters & Knitwear,['Unknown'],GB,88,1991,https://www.etsy.com/listing/4499387155/boho-lounge-harem-trousers-o-soft,
"Preppy School Cardigan for Women, Varsity Academia Sweater, Back to School Knit Cardigan, College Campus Outfit, Student Gift",12.49,Sweaters & Knitwear,['knit'],PH,1,2,https://www.etsy.com/listing/4553777018/preppy-school-cardigan-for-women-varsity,
"Black Skeleton Halloween Cardigan Jacket, Dancing Witch Bones, Ghost Pumpkin Plaid Night Print",39.19,Sweaters & Knitwear,['Unknown'],US,1,8,https://www.etsy.com/listing/4550831733/black-skeleton-halloween-cardigan-jacket,
"Personalized Practical Magic Cardigan, Witchy Celestial Knit Sweater, Moon Phase Occult Button Up, Dark Academia Cottagecore Gift",12.0,Sweaters & Knitwear,['knit'],US,27,187,https://www.etsy.com/listing/4550183968/personalized-practical-magic-cardigan,
"Mohair Sweater Knitting Pattern, Fluffy Cable Knit Sweater Pattern, Oversized Knit Pullover, Chunky Mohair Jumper Pattern, Women Knit PDF",9.9,Sweaters & Knitwear,['wool'],UA,5,69,https://www.etsy.com/listing/4469746200/mohair-sweater-knitting-pattern-fluffy,
Sweater weather cardigans | Cloud cardigan | Cute cardigan | Kawaii apparel (Please read description),86.64,Sweaters & Knitwear,['cotton'],CA,9503,104771,https://www.etsy.com/listing/1414201280/sweater-weather-cardigans-cloud-cardigan,
Layering Shrug. Bolero. Arm Cover,20.1,Sweaters & Knitwear,['acrylic'],GB,206,10506,https://www.etsy.com/listing/1669426735/layering-shrug-bolero-arm-cover,
Lauren Ralph Lauren Cable Knit Cotton Cardigan | Women&#39;s Button Front Sweater,118.55,Sweaters & Knitwear,['cotton'],PK,16,1857,https://www.etsy.com/listing/4513770219/lauren-ralph-lauren-cable-knit-cotton,
"Halloween Black Cat Pumpkin Cardigan, Cute Jack O Lantern Sweater, Spooky Bat Moon Fall Outfit, Halloween Knit Cardigan Women Gift",19.99,Sweaters & Knitwear,['knit'],UA,5,39,https://www.etsy.com/listing/4545398841/halloween-black-cat-pumpkin-cardigan,
Women’s Floral Pointelle Cotton Long-Sleeve Button-Up Shirt: Breathable Organic Cardigan Top,54.78,Sweaters & Knitwear,['cotton'],UA,32,339,https://www.etsy.com/listing/4532122679/womens-floral-pointelle-cotton-long,
Wedding Bolero Bridal bolero Bridesmaid Shrug Handmade Mohair Silk Knit Jacket Mauve Cover Up,57.8,Sweaters & Knitwear,['silk'],LV,1016,34243,https://www.etsy.com/listing/734605395/wedding-bolero-bridal-bolero-bridesmaid,
Personalized Sweater - Custom Embroidered Baby Sweater -  Toddler Knit Sweatshirt - Baby Name Jumper,29.453200000000002,Sweaters & Knitwear,['cotton'],GB,39,2098,https://www.etsy.com/listing/4432960985/personalized-sweater-custom-embroidered,
Chunky Cable Knit Merino Wool Sweater | Cream Oversized Pullover Jumper,240.0,Sweaters & Knitwear,['merino wool'],CN,662,19673,https://www.etsy.com/listing/1785396302/hand-knitted-cream-white-merino-wool,
Butterfly Wing Sweater Handmade Crochet Cardigan Cozy Oversized Knitwear,74.99,Sweaters & Knitwear,['crochet'],DE,169,3209,https://www.etsy.com/listing/4531514696/butterfly-wing-sweater-handmade-crochet,
"Floral Lace Bridal Capelet Wedding Dress Cover Up, Elegant Lace Bolero Shawl Wrap, Formal Bridal Shrug, Bridal Accessories, Gift for Bride",70.0,Sweaters & Knitwear,['lace'],US,27,369,https://www.etsy.com/listing/4544060904/floral-lace-bridal-capelet-wedding-dress,
"Winnie the Pooh Cardigan, Pooh and Friends Knit Cardigan, Hundred Acre Wood Apparel, Bound Outfit, Gift for Her 11",10.0,Sweaters & Knitwear,['knit'],US,20,274,https://www.etsy.com/listing/4538126646/winnie-the-pooh-cardigan-pooh-and,
Long sleeve lace topper | light ivory bridal lace topper | bridal lace jacket | bridal separates,159.99,Sweaters & Knitwear,['lace'],US,2793,79356,https://www.etsy.com/listing/739592966/long-sleeve-lace-topper-light-ivory,
Bridal Sleeves: Detachable Elastic Chiffon Wedding Dress Straps Off-Shoulder Sleeves,33.0,Sweaters & Knitwear,['chiffon'],IN,114,1049,https://www.etsy.com/listing/4538250022/bridal-sleeves-detachable-elastic,
"Boho Crochet Kimono Cardigan for Women, Lightweight Open Knit Summer Cover Up, Beach Kimono, Bohemian Crochet Wrap,",37.55,Sweaters & Knitwear,['crochet'],CN,3,91,https://www.etsy.com/listing/4550159522/boho-crochet-kimono-cardigan-for-women,
"Halloween Cardigan, Cottagecore Witchy Knit Sweater, Vintage Pumpkin Moon Ghost Cardigan, Autumn Woodland Outfit, Cozy Fall Gift for Her",12.24,Sweaters & Knitwear,['knit'],US,3,30,https://www.etsy.com/listing/4553700774/halloween-cardigan-cottagecore-witchy,
"Neon Trick Or Treat Halloween Cardigan, Spooky Haunted House Witch Sweater, Ugly Pumpkin Black Cat Knitwear, Retro Fall Holiday Outfit",22.3,Sweaters & Knitwear,['knit'],US,3,29,https://www.etsy.com/listing/4544786438/neon-trick-or-treat-halloween-cardigan,
"Patchwork Floral Teacher Wool Cardigan, Cottagecore Duck Bow Sweater , Cute Spring Fashion, Kawaii Coquette Floral Cardigan, Teacher Gift",15.99,Sweaters & Knitwear,['wool'],VN,0,4,https://www.etsy.com/listing/4555517034/patchwork-floral-teacher-wool-cardigan,
"Personalized Varsity Cardigan with Custom Name Number and Letter, College Style Knit Sweater Gift",12.0,Sweaters & Knitwear,['knit'],US,1,44,https://www.etsy.com/listing/4555585200/personalized-varsity-cardigan-with,
Lace Trim Maxi Cardigan | Sleeveless Open Front Vest,26.7866,Sweaters & Knitwear,['lace'],GB,19,3309,https://www.etsy.com/listing/4321577470/lace-trim-maxi-cardigan-sleeveless-open,
"Tangled Knit Sweater, Tangled Rapunzel Flynn Rider Cardigan, Princess Sweater, Cardigan Gift 12",10.0,Sweaters & Knitwear,['knit'],US,2,19,https://www.etsy.com/listing/4538128934/tangled-knit-sweater-tangled-rapunzel,
"School Cardigan for Women, Preppy Varsity Sweater, Back to School Cardigan, Academia Knit Sweater, College Student Gift",12.49,Sweaters & Knitwear,['knit'],PH,0,50,https://www.etsy.com/listing/4553055899/school-cardigan-for-women-preppy-varsity,
"Coastal Cropped Sweatshirt for Women, Vintage Washed Beach Crewneck, Sun & Ocean Graphic Pullover, Oversized Coastal Sweater",38.0,Sweaters & Knitwear,['Unknown'],US,28,252,https://www.etsy.com/listing/4528565110/coastal-cropped-sweatshirt-for-women,
"Nordic Fair Isle Knit Sweater, Cozy Oversized Scandinavian Pullover, Women&#39;s Winter Jumper",45.56,Sweaters & Knitwear,['knit'],GB,0,75,https://www.etsy.com/listing/4549100426/nordic-fair-isle-knit-sweater-cozy,
"Multicolor 3D Floral Granny Square Crochet Cardigan, Handmade Boho Hippie Open Front Knit Sweater Jacket, Retro Patchwork Flower Coat",420.89,Sweaters & Knitwear,['crochet'],US,1,50,https://www.etsy.com/listing/4555026863/multicolor-3d-floral-granny-square,
Statement Raglan Sweater Knitting Pattern | Top Down Oversized Sweater | Seamless Raglan | Beginner Friendly PDF Pattern,7.5,Sweaters & Knitwear,['knit'],UA,3,72,https://www.etsy.com/listing/4488479484/statement-raglan-sweater-knitting,
"Winter Black Cloak, Hooded Gothic Cape, Long Asymmetric Coat, Womens Witch Cloak, Medieval Cloak",156.06,Sweaters & Knitwear,['cotton'],BG,2753,44628,https://www.etsy.com/listing/1086244195/winter-black-cloak-hooded-gothic-cape,
Boho Tassel Shawl Sparkly Sequin Cape Beach Cover Up Fringe Wrap Summer Resort Wear Festival Cardigan European American Two Way Poncho,49.0,Sweaters & Knitwear,['crochet'],PK,1,34,https://www.etsy.com/listing/4543791075/boho-tassel-shawl-sparkly-sequin-cape,
"Women’s Scalloped Cardigan Sweater, Button Front Knit Cardigan, Lightweight Long Sleeve Sweater, Casual Layering Top",79.99,Sweaters & Knitwear,['knit'],US,0,12,https://www.etsy.com/listing/4553288155/womens-scalloped-cardigan-sweater-button,
"Personalized Mama Glitter Applique Sweatshirt, Custom Name Sleeve Halloween Crewneck, Bat Spider Web Spooky Season Mama Sweatshirt Gift",41.0,Sweaters & Knitwear,['Unknown'],US,1,19,https://www.etsy.com/listing/4554486276/personalized-mama-glitter-applique,
"Halloween Cardigan Sweater, Spooky Ghosts, Pumpkins, Black Cats, Witch Print",9.0,Sweaters & Knitwear,['knit'],KR,0,15,https://www.etsy.com/listing/4549616464/halloween-cardigan-sweater-spooky-ghosts,
"Merino Wool Rollkragen Top, Biella Yarn Wool Baselayer, 100% Kammgarn-Merinowolle, weiches figurbetontes Layering Top für Damen",95.948,Sweaters & Knitwear,['merino wool'],DE,325,2963,https://www.etsy.com/listing/4481921568/merino-wool-rollkragen-top-biella-yarn,
"Cozy Christmas Reindeer Sweater for Family,Knit Matching Sweater,Reindeer Christmas fluffy Snowflake sweater,autumn winter sweater xmas Gift",9.071545,Sweaters & Knitwear,['knit'],ID,1,797,https://www.etsy.com/listing/4398482896/cozy-christmas-reindeer-sweater-for,
"Preppy School Cardigan for Women, Varsity Academia Sweater, Back to School Knit Cardigan, College Campus Outfit, Student Gift",12.49,Sweaters & Knitwear,['knit'],PH,1,17,https://www.etsy.com/listing/4553703441/preppy-school-cardigan-for-women-varsity,
"Colorful Alpaca Hooded Sweater, Boho Ethnic Llama Jacket, Peruvian Knit Cardigan Handmade",94.0,Sweaters & Knitwear,['wool'],PE,6,134,https://www.etsy.com/listing/4486377817/colorful-alpaca-hooded-sweater-boho,
"Baby First Birthday One Sweater,Hand-knitted Baby Birthday Sweater,Fall/Winter Baby Outfit,Custom Baby 1st Birthday, Custom Boy/Girl Outfit",20.89,Sweaters & Knitwear,['cotton'],US,100,6151,https://www.etsy.com/listing/1856097601/baby-first-birthday-one-sweaterhand,
"Chunky Knit Cardigan Pattern, Finger Knitting Cardigan Pattern, Oversized Cardigan PDF, Alize Puffy Fine Pattern",20.23,Sweaters & Knitwear,['knit'],UA,11,282,https://www.etsy.com/listing/1866737430/chunky-knit-cardigan-knitting-pattern,
Dusty Rose Pakistani Bridal Gown | Luxury Embroidered Anarkali Dress with Dupatta | Wedding Lehenga Gown | Reception Party Wear,350.0,Outerwear & Coats,['Unknown'],IN,32,2919,https://www.etsy.com/listing/4535721268/dusty-rose-pakistani-bridal-gown-luxury,
Delta Sigma Theta Blazer,80.0,Outerwear & Coats,['Unknown'],US,363,6733,https://www.etsy.com/listing/4462849149/delta-sigma-theta-blazer,
"Grey Linen Maxi Dress, V-Neck Sleeveless, Pockets, Cotton Stretch Summer Casual Fit",70.0,Outerwear & Coats,['cotton'],US,6,142,https://www.etsy.com/listing/4551893367/grey-linen-maxi-dress-v-neck-sleeveless,
Women&#39;s Minimalist Stylish Wool Blazer - Classic Single Button Coat For Women - Handmade  Camel Wool Casual Outerwear Coat - Gift For Her,279.98,Outerwear & Coats,['wool'],US,7,312,https://www.etsy.com/listing/4531540921/womens-minimalist-stylish-wool-blazer,
Hand Block Print Kurta Set | Indian Rayon Salwar Kameez with Dupatta,64.976,Outerwear & Coats,['cotton'],IN,73,4490,https://www.etsy.com/listing/4533837057/hand-block-print-kurta-set-indian-rayon,
"Civil Wedding Suit for Bride, Courthouse Wedding Outfit, Bridal Pantsuit, True to Size",197.5,Outerwear & Coats,['Unknown'],US,343,43245,https://www.etsy.com/listing/4386620636/minimalist-wedding-outfit-for-modern,
"Pink Embroidered Lehenga Choli Set | Chinon Silk Indian Wedding Wear | Bridal, Mehendi, Sangeet and Reception Outfit",46.10152,Outerwear & Coats,['silk'],IN,138,5903,https://www.etsy.com/listing/4533361145/pink-embroidered-lehenga-choli-set,
"Beautiful Indian Designer Off White Salwar kameez with Dupatta for women, Ethnic Regular wear Women Kurti Dress for women 3Pc Women Dresses",43.55,Outerwear & Coats,['cotton'],IN,22,1375,https://www.etsy.com/listing/4533247843/beautiful-indian-designer-off-white,
Cotton Floral Print Kurta Salwar Set with Dupatta – Ethnic Punjabi Outfit,57.51,Outerwear & Coats,['cotton'],IN,30,1232,https://www.etsy.com/listing/4546451775/cotton-floral-print-kurta-salwar-set,
Hand Block Print Cotton Kurta Set with Dupatta | Women&#39;s Ethnic Indian Suit,76.0,Outerwear & Coats,['cotton'],IN,80,7259,https://www.etsy.com/listing/4510735257/hand-block-print-cotton-kurta-set-with,
"Hand Block Print Ethnic Cotton Anarkali Kurta Set for Women | Viscose Rayon, Chanderi Dupatta",91.99,Outerwear & Coats,['cotton'],IN,145,8038,https://www.etsy.com/listing/4486642052/hand-block-print-cotton-anarkali-kurti,
ALFAENTERPRISE Women&#39;s Rust Orange Embroidered Cotton Anarkali Kurta Set with Dupatta & Pants | Ethnic Wear,82.792,Outerwear & Coats,['cotton'],IN,9,766,https://www.etsy.com/listing/4549164276/alfaenterprise-womens-rust-orange,
"Designer Crepe Silk Salwar Suit – Multicolor Mirror Work Kurta, Palazzo, Wedding Wear",99.99,Outerwear & Coats,['silk'],US,123,6534,https://www.etsy.com/listing/4455458811/multicolor-natural-crepe-silk-salwar,
"Aqua Blue Ombre Sharara Suit, Sequins Embroidered Pakistani Dress",76.06,Outerwear & Coats,['silk'],IN,314,13409,https://www.etsy.com/listing/4423717862/aqua-blue-ombre-sharara-suit-sequins,
"Hooded Waterproof Maxi Raincoat, Eco Leather Belt – Plus Size Trench Oversized Style",167.61999999999998,Outerwear & Coats,['leather'],BG,3707,116578,https://www.etsy.com/listing/267570594/hooded-waterproof-maxi-raincoat-eco,
Embroidered Party Wear Designer Chiffon Long Kurta Suit - 4 Piece (with Potli bag),138.0,Outerwear & Coats,['chiffon'],US,29,4676,https://www.etsy.com/listing/4513484322/embroidered-party-wear-designer-chiffon,
Embroidered Cotton Kurta Pant Set for Women | Indian Ethnic Wear | Summer Cotton Outfit,47.149519999999995,Outerwear & Coats,['cotton'],IN,28,1425,https://www.etsy.com/listing/4535519392/embroidered-cotton-kurta-pant-set-for,
"Art Silk Pattu Half Saree Lehenga Davani, Zari Woven Traditional Wedding Outfit",72.30152,Outerwear & Coats,['silk'],IN,28,1312,https://www.etsy.com/listing/4548041550/art-silk-pattu-half-saree-lehenga-davani,
"Kotn houndstooth double-breasted blazer made with Manteco Italian wool blend, size L.",150.0,Outerwear & Coats,['wool'],US,0,0,https://www.etsy.com/listing/4445665888/kotn-houndstooth-double-breasted-blazer,
"Bandhani Anarkali Dress | Indian Flared Maxi Gown, Festive Ethnic Wear",28.99,Outerwear & Coats,['Unknown'],IN,0,10,https://www.etsy.com/listing/4557361511/red-floral-cotton-maxi-dress-tiered-puff,
"heavy Satin  Silk Patiala Set with Floral Embroidery, Pakistani Designer Suit Indian Festive Wear 3p Salwar Kameez  Elegant Party Outfit",23.85,Outerwear & Coats,['silk'],IN,66,3643,https://www.etsy.com/listing/4501917395/heavy-satin-silk-patiala-set-with-floral,
Khadi Cotton Co-ord Set | Schiffli Embroidered Kurta & Farsi Pants,184.0,Outerwear & Coats,['cotton'],IN,0,0,https://www.etsy.com/listing/4557157288/khadi-cotton-co-ord-set-schiffli,
Harry Styles Themed “Cherry” Blazer,100.0,Outerwear & Coats,['Unknown'],US,0,6,https://www.etsy.com/listing/4557115690/harry-styles-themed-cherry-blazer,
Junya Watanabe for Comme des Garçons 100% wool women&#39;s blazer size L,350.0,Outerwear & Coats,['wool'],US,0,0,https://www.etsy.com/listing/4447731274/junya-watanabe-for-comme-des-garcons-100,
Printed Cotton Kurta Set with Dupatta Indian Ethnic Suit,50.1,Outerwear & Coats,['cotton'],IN,54,2998,https://www.etsy.com/listing/4455740465/indian-kurta-set-with-dupatta-cotton,
Harry Styles Themed “Sign of the Times” Blazer,100.0,Outerwear & Coats,['Unknown'],US,0,4,https://www.etsy.com/listing/4557114214/harry-styles-themed-sign-of-the-times,
Festival Kimono Cardigan blazer Hippie Gypsy Bohemian Boho Rave outfit Peacock Paisley Top Cover Summer plus size Burning man women men gold,23.5,Outerwear & Coats,['cotton'],TH,3431,71175,https://www.etsy.com/listing/1216418253/festival-kimono-cardigan-blazer-hippie,
"Designer Green  Women Kurta Sharara Set for wedding, Salwar Kameez for women, Pakistani suit for women, Ethnic Dress,Women Top sharara Set",68.12,Outerwear & Coats,['Unknown'],IN,64,2953,https://www.etsy.com/listing/4497861399/designer-green-women-kurta-sharara-set,
Hand Block Print Cotton Anarkali Kurti Set | Indian Ethnic Long Kurta Dupatta,56.50816,Outerwear & Coats,['cotton'],IN,50,3111,https://www.etsy.com/listing/4498135190/hand-block-print-cotton-anarkali-kurti,
"Beautiful Pink Designer Heavy Sequence with Embroidered Salwar Kameez With Dupatta, Ombre Salwar Kameez, Party Wear sharara, Suits for Eid",54.0,Outerwear & Coats,['silk'],IN,119,6920,https://www.etsy.com/listing/4453457538/beautiful-pink-designer-heavy-sequence,
"Plus Size Designer Kurta Pant Set, Indian Designer Kurtis & Kurtas Set, 3 Piece Suit, White Salwar Kameez Readymade Suit Set, Palazzo Kurta",67.072,Outerwear & Coats,['Unknown'],IN,412,23203,https://www.etsy.com/listing/4401773974/plus-size-designer-kurta-pant-set-indian,
Women’s Lime Green One Shoulder Asymmetrical Ethnic Co-ord Set with Wide Leg Pants,41.90952,Outerwear & Coats,['Unknown'],IN,0,0,https://www.etsy.com/listing/4557139345/womens-lime-green-one-shoulder,
Women&#39;s Black Two Piece Outfit with Tie Front Tank and Drawstring Pants,134.99,Outerwear & Coats,['Unknown'],TR,0,0,https://www.etsy.com/listing/4557710441/womens-black-two-piece-outfit-with-tie,
90’s dreamy kurti’s . (Hand Embriodered),101.728,Outerwear & Coats,['Unknown'],NL,1095,46638,https://www.etsy.com/listing/4404845031/90s-dreamy-kurtis-hand-embriodered,
3 Piece Embroidered Charmeuse Silk Suit - Chiffon Dupatta - Beige,128.0,Outerwear & Coats,['silk'],US,0,6,https://www.etsy.com/listing/4557673124/3-piece-embroidered-charmeuse-silk-suit,
Pakistani Nikkah Indian Salwar Kameez Party Wear GuestOutfit  Anarkali Plazzo Suit Muslim Wedding Reception & Walima Outfit,227.969,Outerwear & Coats,['Unknown'],AU,0,0,https://www.etsy.com/listing/4557651983/pakistani-nikkah-indian-salwar-kameez,
Cotton Kurta Pant Set With Dupatta For Women Indian Ethnic Wear,95.52,Outerwear & Coats,['cotton'],IN,87,4746,https://www.etsy.com/listing/4520965107/cotton-kurta-pant-set-with-dupatta-for,
"Hand-Knitted Mohair Alpaca Set &quot;ISABELLA&quot;, White Openwork Crop Top & Maxi Skirt",1560.6,Outerwear & Coats,['alpaca'],IE,0,1,https://www.etsy.com/listing/4557650065/white-knit-mohair-suit-isabella-hand,
Women’s Rose Print Blazer | Gradient Floral Pattern Jacket | Elegant Casual Suit Jacket,215.0,Outerwear & Coats,['Unknown'],US,0,2,https://www.etsy.com/listing/4557649043/womens-rose-print-blazer-o-gradient,
Women’s Red Notch Lapel Jacket | Elegant Commuter Blazer | Autumn Winter Office Outerwear,200.0,Outerwear & Coats,['Unknown'],US,0,1,https://www.etsy.com/listing/4557645519/womens-red-notch-lapel-jacket-o-elegant,
Matching floral top and bottom,60.0,Outerwear & Coats,['Unknown'],US,0,0,https://www.etsy.com/listing/4557568851/matching-floral-top-and-bottom,
Genuine Sheep Leather Vest & Pants Set | Handmade Luxury Leather Wear,150.0,Outerwear & Coats,['leather'],PK,0,0,https://www.etsy.com/listing/4557630201/genuine-sheep-leather-vest-top-leather,
"Pakistani Designer Sharara Kurti  With Dupatta For womens, Wedding wear, Plazoo Kurti Dress, Readymade Partywear Suits",67.072,Outerwear & Coats,['Unknown'],IN,0,0,https://www.etsy.com/listing/4557640660/pakistani-designer-sharara-kurti-with,
"Women&#39;s Neon Green Black Leather Motorcycle Suit, Boots & Gloves, Protective Biker Riding Gear",219.99,Outerwear & Coats,['leather'],PK,0,0,https://www.etsy.com/listing/4557636314/womens-neon-green-black-leather,
Navy Anime Jacket Trouser Set Men | Leather or Cotton Cosplay Outfit | Manga Streetwear Costume,234.0,Outerwear & Coats,['cotton'],PK,0,3,https://www.etsy.com/listing/4557617223/navy-anime-jacket-trouser-set-men,
"Designer Anarkali Gown Kurti Suit Set For women’s, Ready to wear suit, Pakistani dress, traditional outfit suits, gift for her",68.12,Outerwear & Coats,['Unknown'],IN,0,0,https://www.etsy.com/listing/4557613421/designer-anarkali-gown-kurti-suit-set,
Velora Plush Sherpa Hoodie & Pants Set | Cozy 2-Piece Geometric Lounge Outfit,49.99,Outerwear & Coats,['fleece'],PK,0,0,https://www.etsy.com/listing/4557623988/velora-plush-sherpa-hoodie-pants-set,
"Designer Indian Salwar Suit Set, Embroidered Dhoti Salwar Suit, Sequins Work Kurta Set, Party Wear Punjabi Suit, Indian Wedding Outfit",74.408,Outerwear & Coats,['Unknown'],IN,0,0,https://www.etsy.com/listing/4557602751/designer-indian-salwar-suit-set,
"Pakistani Indian Silk Salwar Kameez, Punjabi Bridal Party Wear Guest Outfit, Nikkah Menhdi Engagement Reception Anarkali Plazzo Suit",222.1988,Outerwear & Coats,['silk'],GB,1,1,https://www.etsy.com/listing/4557624856/pakistani-indian-silk-salwar-kameez,
"White Designer Sharara Kurti Suit Set With Dupatta For Womens, Bridal Wedding Wear, Partywear Functions Outfits, Ethnic wear",69.16799999999999,Outerwear & Coats,['Unknown'],IN,0,0,https://www.etsy.com/listing/4557594791/white-designer-sharara-kurti-suit-set,
"Pink Designer Anarkali Gown Kurti Suit Set, Embroidered Work Partywear suits, Readymade Long flared gown, Ethnic wear",68.12,Outerwear & Coats,['Unknown'],IN,0,0,https://www.etsy.com/listing/4557611304/pink-designer-anarkali-gown-kurti-suit,
Suit Waistcoat With Pleated Mini Skirt Set,150.0,Outerwear & Coats,['Unknown'],PK,0,1,https://www.etsy.com/listing/4557591587/suit-waistcoat-with-pleated-mini-skirt,
"Designer Ivory White Georgette Sharara Set with Gold Foil Print & Mirror Work, Traditional Indian Ethnic Party Wear Salwar Kameez",68.12,Outerwear & Coats,['Unknown'],IN,0,2,https://www.etsy.com/listing/4557608382/designer-ivory-white-georgette-sharara,
Floral Bridal Lehenga Choli | Heavy Embroidered Indian Wedding Lehenga | Designer Party Wear | Butterfly Net | Reception Outfit,79.63752,Outerwear & Coats,['Unknown'],IN,0,2,https://www.etsy.com/listing/4557589731/floral-bridal-lehenga-choli-heavy,
"Designer Pink Pakistani Heavy Embroidered Sharara With Dupatta For Women 3pc Suit, Punjabi Suit, Sharara Suit For Women",62.879999999999995,Outerwear & Coats,['Unknown'],IN,0,0,https://www.etsy.com/listing/4557607556/designer-pink-pakistani-heavy,
"Pakistani Designer Anarkali Gown Kurti Suit Set With Dupatta For Womens, Purple Anarkali Suit, Traditional Wear 3pcs suit",67.072,Outerwear & Coats,['Unknown'],IN,0,0,https://www.etsy.com/listing/4557602064/pakistani-designer-anarkali-gown-kurti,
MAX F1 Racing Go Kart Suit: Custom CIK/FIA Level 2 Approved,204.99,Outerwear & Coats,['Unknown'],US,0,0,https://www.etsy.com/listing/4557599396/max-f1-racing-go-kart-suit-custom-cikfia,
Velora Acid Wash Sleeveless Top & Shorts Set | Gothic Graphic 2-Piece Outfit,29.99,Outerwear & Coats,['Unknown'],PK,0,0,https://www.etsy.com/listing/4557565705/velora-acid-wash-sleeveless-top-shorts,
"Pakistani Designer Orange Anarkali Gown Kurti Suit Set With Dupatta For Womens, Partywear Dress Suit, Reception Wear Suits, Ethnic Wear",70.216,Outerwear & Coats,['Unknown'],IN,0,0,https://www.etsy.com/listing/4557594454/pakistani-designer-orange-anarkali-gown,
"Beautiful Floral Printed Anarkali Gown Kurti Suit Set With Dupatta For Womens, Partywear Readymade Gown, Kurta suits for functions",68.12,Outerwear & Coats,['Unknown'],IN,0,0,https://www.etsy.com/listing/4557590558/beautiful-floral-printed-anarkali-gown,
Women’s Olive Green Three Piece Suit,797.64,Outerwear & Coats,['Unknown'],RO,0,0,https://www.etsy.com/listing/4557575825/womens-olive-green-three-piece-suit,
"White Designer Salwar Kameez Suit Set For Womens, Traditional Wear Readymade Suits, Embroidered Work Suits, Festival Outfit",64.976,Outerwear & Coats,['Unknown'],IN,0,0,https://www.etsy.com/listing/4557573259/white-designer-salwar-kameez-suit-set,
Women&#39;s Sky Blue Three-Piece Suit: Slim Fit Formal Wedding Business Outfits,350.0,Outerwear & Coats,['Unknown'],IN,0,1,https://www.etsy.com/listing/4557571807/womens-sky-blue-three-piece-suit-slim,
"Cashmere Fitted Blazer for Women, Tailored Waist Jacket, Elegant Structured Office Coat, Hidden Closure Formal Businesswear Chic Style",190.0,Outerwear & Coats,['cashmere'],UA,0,0,https://www.etsy.com/listing/4557499790/cashmere-fitted-blazer-for-women,
"Women’s Brown 3 Piece Suit with Black Lapel - For Weddings, Partywear and Officewear",429.8896,Outerwear & Coats,['Unknown'],IN,0,0,https://www.etsy.com/listing/4557569167/womens-brown-3-piece-suit-with-black,
Women’s Black Tailored Suit Set | Elegant Blazer & Wide Leg Trousers | Formal Business Outfit,150.0,Outerwear & Coats,['Unknown'],PK,0,3,https://www.etsy.com/listing/4557587536/womens-black-tailored-suit-set-o-elegant,
"Faux Silk Halter Top and Wide Leg Pants Set, Satin Two Piece, High Neck Sleeveless Set for Women",204.0,Outerwear & Coats,['silk'],UA,0,0,https://www.etsy.com/listing/4557568991/faux-silk-halter-top-and-wide-leg-pants,
"Mustard Yellow Silk Anarkali Dress, Indian Wedding Guest Dress, Ethnic Party Wear Gown",73.36,Outerwear & Coats,['silk'],IN,0,0,https://www.etsy.com/listing/4557564529/mustard-yellow-silk-anarkali-dress,
"3 Piece Light Blue Women Suit, Tailored Sky Blue Pantsuit with Blazer Vest & Wide Leg Trousers, Elegant Power Suit",399.0,Outerwear & Coats,['Unknown'],IN,0,0,https://www.etsy.com/listing/4557584964/3-piece-light-blue-women-suit-tailored,
Elegant Black & Gold Embroidered Cotton Kurti Set for Women | Premium Ethnic Wear | IK Collection Art,56.58152,Outerwear & Coats,['cotton'],IN,0,0,https://www.etsy.com/listing/4557565507/elegant-black-gold-embroidered-cotton,
McLaren Race Suit Polyester F1 Go Kart Racing Suit ( Duty Paid USA ),189.99,Outerwear & Coats,['polyester'],US,0,0,https://www.etsy.com/listing/4557585606/mclaren-race-suit-polyester-f1-go-kart,
"Designer Heavy Embroidery Patiyala Suit With Dupatta, Party Wear Salwar Kameez, Indian Ethnic Wear, Punjabi Suit For Women",71.788,Outerwear & Coats,['Unknown'],IN,0,0,https://www.etsy.com/listing/4557580674/designer-heavy-embroidery-patiyala-suit,
"Maroon Embroidered Salwar Kameez Set with Dupatta, Pakistani Style 3 Piece Suit, Indian Ethnic Wear, Wedding Guest & Party Wear Outfit women",70.216,Outerwear & Coats,['Unknown'],IN,0,0,https://www.etsy.com/listing/4557571738/maroon-embroidered-salwar-kameez-set,
"Women’s Black 3 Piece Suit with Burgundy Lapel - Weddings, Partywear and Prom",429.8896,Outerwear & Coats,['Unknown'],IN,0,0,https://www.etsy.com/listing/4557558487/womens-black-3-piece-suit-with-burgundy,
Black Cotton Kurta Palazzo Set with Kantha Embroidery | Floral Flare Kurta | Net Printed Dupatta | Indian Festive 3 Piece Suit,147.0,Outerwear & Coats,['cotton'],IN,0,1,https://www.etsy.com/listing/4557574768/black-cotton-kurta-palazzo-set-with,
"Dupioni Silk Blazer Jacket: Fuchsia Pink, Mandarin Collar, Formal Evening Wear",141.48,Outerwear & Coats,['silk'],IN,1,0,https://www.etsy.com/listing/4557554829/women-fuchsia-pink-dupioni-silk-blazer,
Womens  Sheep Leather Co-ord Set |  Cropped Biker Jacket & Wide Leg Pants Two Piece,179.0,Outerwear & Coats,['leather'],PK,0,4,https://www.etsy.com/listing/4557553525/womens-sheep-leather-cropped-co-ord-set,
"Navratri Mirror Work Lehenga Choli with Shrug, Muslin Cotton Garba Outfit, Dandiya Dress, Indian Festive Wear, Ready to Wear",56.58152,Outerwear & Coats,['cotton'],IN,0,1,https://www.etsy.com/listing/4557569964/navratri-mirror-work-lehenga-choli-with,
"Sky Blue Belted Suit Set, Tailored Blazer, Wide-Leg Trousers, Elegant Cuffs",160.0,Outerwear & Coats,['Unknown'],PK,0,6,https://www.etsy.com/listing/4557547801/sky-blue-belted-suit-set-tailored-blazer,
"Green Designer Sharara Set, Pakistani Kurti with Sharara Pants and Dupatta, Party Wear Ethnic Indian Wedding Dress, Readymade Salwar Kameez",67.03008,Outerwear & Coats,['Unknown'],IN,1,0,https://www.etsy.com/listing/4557562358/green-designer-sharara-set-pakistani,
"Designer Anarkali Dress for Women, Embroidered Indian Wedding Outfit, Luxury Salwar Kameez with Dupatta",69.16799999999999,Outerwear & Coats,['silk'],IN,0,0,https://www.etsy.com/listing/4557508226/designer-anarkali-dress-for-women,
Handmade FedEx Go Kart F1 Racing Suit Available In All Sizes (USA Duty Paid),199.99,Outerwear & Coats,['Unknown'],US,0,0,https://www.etsy.com/listing/4557565680/handmade-fedex-go-kart-f1-racing-suit,
"Custom Women’s Maroon Leather Motorcycle Racing Suit, Custom One Piece Moto Race Suit, Armored Biker Gear",799.99,Outerwear & Coats,['leather'],PK,0,2,https://www.etsy.com/listing/4557560854/custom-womens-maroon-leather-motorcycle,
"Champagne Gold Lehenga Set, Indian Wedding Outfit, Gold Trim Embroidered Top & Flared Lehenga, 3 Piece Ethnic Wear, Festive Dress",68.12,Outerwear & Coats,['Unknown'],IN,0,0,https://www.etsy.com/listing/4557535201/champagne-gold-lehenga-set-indian,
Black Crocodile Texture Belted Blazer Jacket,150.0,Outerwear & Coats,['leather'],PK,0,0,https://www.etsy.com/listing/4557534665/black-crocodile-texture-belted-blazer,
"Two Piece Set Women, Wide Leg Pants Set, Cami Peplum Top, Summer Outfit, Co Ord Set, Vacation Outfit, Matching Set",48.99040000000001,Outerwear & Coats,['linen'],GB,1,0,https://www.etsy.com/listing/4557541638/two-piece-set-women-wide-leg-pants-set,
"Beautiful Premium Pink Designer Heavy Embroidery with sequence work Salwar Kameez with Dupatta for Women, Top Sharara Palazzo Suits, Pakista",77.55199999999999,Outerwear & Coats,['Unknown'],IN,0,0,https://www.etsy.com/listing/4557519259/beautiful-premium-pink-designer-heavy,
Faux Georgette Embroidere Pant Set | Heavy Sequence Work | Full Sleeve Designer Outfit,204.18184,Outerwear & Coats,['Unknown'],IN,0,3,https://www.etsy.com/listing/4557520627/faux-georgette-embroidere-pant-set-heavy,
Kalamkari Anarkali Maxi Dress | Satin Indian Ethnic Dress | Long Flowy Boho Dress for Women,52.38952,Outerwear & Coats,['satin'],IN,0,0,https://www.etsy.com/listing/4557521311/kalamkari-anarkali-maxi-dress-satin,
McLaren Race Suit Polyester F1 Go Kart Racing Suit ( Duty Paid USA ),189.99,Outerwear & Coats,['polyester'],US,0,0,https://www.etsy.com/listing/4557564823/mclaren-race-suit-polyester-f1-go-kart,
"Women’s White 3 Piece Suit with Burgundy Lapel - Weddings, Partywear and Prom",429.8896,Outerwear & Coats,['Unknown'],IN,0,0,https://www.etsy.com/listing/4557567702/womens-white-3-piece-suit-with-burgundy,
Handmade McLaren Go Kart F1 Racing Suit Available In All Sizes (USA Duty Paid),199.99,Outerwear & Coats,['Unknown'],US,0,0,https://www.etsy.com/listing/4557545229/handmade-mclaren-go-kart-f1-racing-suit,
"Dupioni Silk Jacket: Red Formal Blouse, Sophisticated Office Wear, Wedding Guest Outfit",110.03999999999999,Outerwear & Coats,['silk'],IN,0,1,https://www.etsy.com/listing/4557561026/red-dupioni-silk-jacket-top-formal,
Elegant Embroidered Cotton Kurti Set for Women – Rose Pink”,61.82152,Outerwear & Coats,['cotton'],IN,0,0,https://www.etsy.com/listing/4557530925/elegant-embroidered-cotton-kurti-set-for,
CRG Racing Go Kart Suit: CIK FIA Level 2 Approved Available In All Sizes,199.99,Outerwear & Coats,['Unknown'],US,0,0,https://www.etsy.com/listing/4557538754/crg-racing-go-kart-suit-cik-fia-level-2,
Brown Vichitra Silk Suit Set with Dupatta | Heavy Thread Work & Fancy Latkan,204.18184,Outerwear & Coats,['silk'],IN,0,0,https://www.etsy.com/listing/4557535672/browen-vichitra-silk-suit-with-dupatta,
Powder Blue Women&#39;s 2 Piece Suit | Custom Tailored Double Breasted Pantsuit,209.6,Outerwear & Coats,['Unknown'],IN,0,0,https://www.etsy.com/listing/4557528962/powder-blue-womens-2-piece-suit-custom,
"Personalized F1 Racing Suit | Custom Kart Bodysuit for Adults, Kids",85.0,Outerwear & Coats,['Unknown'],US,0,3,https://www.etsy.com/listing/4557499223/personalized-f1-racing-suit-custom-kart,
"Emerald Green 3-Piece Tailored Pantsuit Set, Elegant Business Formal Blazer, Office Outfit",140.0,Outerwear & Coats,['Unknown'],PK,0,8,https://www.etsy.com/listing/4557495339/emerald-green-3-piece-tailored-pantsuit,
"Dusty Rose Pink Women&#39;s 3-Piece Suit, Tailored Blazer, Gold Button Jacket, Professional Wear",403.47999999999996,Outerwear & Coats,['Unknown'],IN,0,0,https://www.etsy.com/listing/4557486503/dusty-rose-pink-womens-tailored-blazer,
"Organza Salwar Kameez for Women, Indian Pakistani Suit, Embroidered Anarkali Dress, Wedding Wear, Party Outfit, Festive Ethnic Clothing",171.87199999999999,Outerwear & Coats,['Unknown'],IN,0,0,https://www.etsy.com/listing/4557480345/organza-salwar-kameez-for-women-indian,
Aston Martin F1 Style Kart Racing Suit | CIK Level 2 | Customisable,199.99,Outerwear & Coats,['Unknown'],US,0,0,https://www.etsy.com/listing/4557542577/aston-martin-f1-style-kart-racing-suit,
Women&#39;s Black 3 Piece Suit with White Piping Tuxedo Suit for Weddings & Prom Outfit,429.8896,Outerwear & Coats,['Unknown'],IN,0,0,https://www.etsy.com/listing/4557554362/womens-black-3-piece-suit-with-white,
Custom Williams F1 Go Kart Racing Suit: CIK/FIA Level 2 Certified,199.99,Outerwear & Coats,['Unknown'],US,0,0,https://www.etsy.com/listing/4557532916/custom-williams-f1-go-kart-racing-suit,
IK COLLECTION ART Premium Cotton Printed Suit Set | Elegant Ethnic Wear,62.86952,Outerwear & Coats,['cotton'],IN,0,0,https://www.etsy.com/listing/4557510589/ik-collection-art-premium-cotton-printed,
Black Women&#39;s Pantsuit | Custom Tailored Double Breasted Outfit,209.6,Outerwear & Coats,['velvet'],IN,0,0,https://www.etsy.com/listing/4557523002/black-womens-pantsuit-custom-tailored,
"Black Women&#39;s 3-Piece Suit, Tailored Blazer, Elegant Gold Button Trousers",403.47999999999996,Outerwear & Coats,['Unknown'],IN,0,0,https://www.etsy.com/listing/4557481935/black-womens-tailored-blazer-elegant,
"Organza Salwar Kameez for Women, Embroidered Indian Pakistani Suit, Anarkali Dress, Wedding Party Wear, Festive Ethnic Outfit",171.87199999999999,Outerwear & Coats,['Unknown'],IN,1,0,https://www.etsy.com/listing/4557497522/organza-salwar-kameez-for-women,
"Womens Two Piece Set, One Shoulder Linen Set, Wide Leg Pants Set, Boho Co Ord Set, Resort Wear, Vacation Outfit",44.82300000000001,Outerwear & Coats,['linen'],GB,50,748,https://www.etsy.com/listing/4546167622/womens-two-piece-set-one-shoulder-linen,
Elegant Purple Anarkali Suit with Embroidered Dupatta | ALFAENTERPRISE,73.34952,Outerwear & Coats,['Unknown'],IN,0,0,https://www.etsy.com/listing/4557472761/elegant-purple-anarkali-suit-with,
"Black Floral 3-Piece Pakistani Suit Set, Straight Kurta Pants Dupatta",67.072,Outerwear & Coats,['Unknown'],IN,0,0,https://www.etsy.com/listing/4557471877/black-floral-3-piece-suit-set-printed,
"Black Linen Blazer, Double Breasted Oversized Jacket, Relaxed Fit Summer Blazer",227.73199999999997,Outerwear & Coats,['linen'],BG,1,12,https://www.etsy.com/listing/4557483042/black-linen-blazer-double-breasted,
"Butter Yellow Anarkali Dress for Women, Indian Wedding Outfit, Embroidered Anarkali Suit, Festive Ethnic Dress, Designer Salwar Kameez",167.68,Outerwear & Coats,['Unknown'],IN,0,2,https://www.etsy.com/listing/4557481556/butter-yellow-anarkali-dress-for-women,
Designer Navratri Lehenga Choli Mirror Work Garba Dress Muslin Cotton Dandiya Outfit Indian Festival Wear Ready to Wear,55.533519999999996,Outerwear & Coats,['cotton'],IN,1,9,https://www.etsy.com/listing/4557481492/designer-navratri-lehenga-choli-mirror,
Handmade women kurti pant dupatta 3pc suit party wedding dress pakistani salwar kameez,76.0,Outerwear & Coats,['cotton'],IN,0,2,https://www.etsy.com/listing/4557466890/cotton-sanganeri-print-kurta-pant-set,
"2 Piece Summer Lounge Set, Women’s Travel Outfit, Wide Leg Pants, Athleisure Set",157.47,Outerwear & Coats,['rayon'],PK,0,0,https://www.etsy.com/listing/4557448011/2-piece-summer-lounge-set-womens-travel,
"Brown Corset and Skirt Set, Chocolate Two Piece Suit, Elegant Reception Outfit, Rehearsal Dinner Dress, September Wedding Guest",477.0,Outerwear & Coats,['lace'],UA,0,1,https://www.etsy.com/listing/4557446205/brown-corset-and-skirt-set-chocolate-two,
Unisex Leather Blazer Genuine Lambskin Real Leather Jacket Tailored Slim Fit Two Button Black Sport Coat Custom Handmade Gift For Him,197.35,Outerwear & Coats,['leather'],PK,0,4,https://www.etsy.com/listing/4557446837/unisex-leather-blazer-genuine-lambskin,
Glossy Pink Puffer Romper with Hood | Short Sleeve Quilted Ski Suit | Wet Look Winter Outerwear | Women&#39;s Trendy Snow Playsuit,170.0,Outerwear & Coats,['Unknown'],US,0,1,https://www.etsy.com/listing/4557457638/glossy-pink-puffer-romper-with-hood,
Women&#39;s Navy Blue Suede Leather Blazer Belted Tailored Jacket Luxury Office Fashion Coat Elegant Workwear Outerwear,246.45,Outerwear & Coats,['leather'],PK,0,0,https://www.etsy.com/listing/4557428709/womens-navy-blue-suede-leather-blazer,
Orange Printed Anarkali Kurta Set for Women | Embroidered Ethnic Indian Dress |,60.77352,Outerwear & Coats,['cotton'],IN,0,0,https://www.etsy.com/listing/4557516696/orange-printed-anarkali-kurta-set-for,
"Organza Salwar Kameez for Women, Pakistani Indian Suit, Embroidered Anarkali Dress, Wedding Guest Outfit, Festive Ethnic Wear",171.87199999999999,Outerwear & Coats,['Unknown'],IN,0,0,https://www.etsy.com/listing/4557478241/organza-salwar-kameez-for-women,
"Burgundy Straight Suit Set, Embroidered V Neck 3 Piece Outfit",67.072,Outerwear & Coats,['Unknown'],IN,0,0,https://www.etsy.com/listing/4557485204/burgundy-straight-suit-set-embroidered-v,
"Pink Spider-Inspired 3-Piece Hoodie Cargo Pants Set, Y2K Streetwear Cosplay Costume",280.0,Outerwear & Coats,['Unknown'],PK,0,1,https://www.etsy.com/listing/4557430999/pink-spider-inspired-outfit-womens,
Kart Racing Suit - Customize go kart Racing Suit In All Sizes with option to add your own logos – Motorsport Fan Gift,99.99,Outerwear & Coats,['Unknown'],PK,0,2,https://www.etsy.com/listing/4557423903/kart-racing-suit-customize-go-kart,
"Women’s Burgundy Military Blazer, Victorian Tailored Jacket with Gold Buttons",180.0,Outerwear & Coats,['Unknown'],PK,0,1,https://www.etsy.com/listing/4557433670/womens-burgundy-military-blazer,
Fendy Silk Real Mirror & Sequence Embroidered Palazzo Suit Set with Lace Border Dupatta,115.2266,Outerwear & Coats,['silk'],GB,0,0,https://www.etsy.com/listing/4557426488/fendy-silk-real-mirror-sequence,
Blue Jaipuri Floral Cotton Peplum Kurta Set with Palazzo | Summer Party Ethnic Wear,94.32,Outerwear & Coats,['cotton'],IN,0,0,https://www.etsy.com/listing/4557392691/blue-floral-peplum-kurta-set-with,
Titan Gears Women’s Motorcycle Kevlar Hoodie & Cargo Leggings Pack | CE AA Protective Riding Outfit | Waterproof Biker Gear,266.66,Outerwear & Coats,['Unknown'],GB,1,0,https://www.etsy.com/listing/4557393349/titan-gears-womens-motorcycle-kevlar,
cotton embroidered kurti set,52.4,Outerwear & Coats,['cotton'],IN,1,0,https://www.etsy.com/listing/4557392319/cotton-embroidered-kurti-set,
"Purple Pakistani Wedding Sharara Suit for Women, Luxury Embroidered Salwar Kameez, Indian Party Wear Dress, Eid Outfit, Bridesmaid Lehenga",250.0,Outerwear & Coats,['Unknown'],IN,0,0,https://www.etsy.com/listing/4557402884/purple-pakistani-wedding-sharara-suit,
"Organza Salwar Kameez for Women, Indian Pakistani Suit, Embroidered Anarkali Dress, Wedding Party Wear, Festive Ethnic Outfit",171.87199999999999,Outerwear & Coats,['Unknown'],IN,0,0,https://www.etsy.com/listing/4557495394/organza-salwar-kameez-for-women-indian,
"Beige Embroidered Salwar Kameez with Purple Dupatta, Indian Wedding Suit",84.364,Outerwear & Coats,['cotton'],IN,0,0,https://www.etsy.com/listing/4557475164/beige-embroidered-salwar-kameez-with,
Fendy Silk Embroidere Beads Work Sharara Palazzo Suit Set with Fancy Lace Dupatt,115.2266,Outerwear & Coats,['silk'],GB,0,0,https://www.etsy.com/listing/4557401787/fendy-silk-embroidere-beads-work-sharara,
2025 Redbull Max Go Kart Racing Suit FIA Approved In All Sizes,85.0,Outerwear & Coats,['Unknown'],US,0,3,https://www.etsy.com/listing/4557398904/2025-redbull-max-go-kart-racing-suit-fia,
"Yellow Pakistani Sharara Suit Women, Luxury Embroidered Salwar Kameez, Eid Outfit, Wedding Guest Dress with Dupatta",250.0,Outerwear & Coats,['Unknown'],IN,0,0,https://www.etsy.com/listing/4557399242/yellow-pakistani-sharara-suit-women,
"Beige Tissue Organza Kurti Set with Red Inner, Heavy Mirror Work Border Straight Suit with Pants, Ready to Wear Indian Party Wear Dress",91.0,Outerwear & Coats,['silk'],IN,0,0,https://www.etsy.com/listing/4557395600/beige-tissue-organza-kurti-set-with-red,
"Black Gold Sharara Suit, Pakistani Designer Wedding Guest Outfit, Embroidered Dupatta",264.0,Outerwear & Coats,['Unknown'],IN,0,0,https://www.etsy.com/listing/4557392210/luxury-black-gold-sharara-set-pakistani,
Women&#39;s Dark Purple & Light Pink  3-Piece Pantsuit – Slim Fit | Luxury Formal Suit.,280.0,Outerwear & Coats,['Unknown'],IN,0,3,https://www.etsy.com/listing/4557390796/womens-dark-purple-light-pink-3-piece,
"Women&#39;s White 3 Piece Suit, Tailored Blazer Vest Pants Set, Formal Wedding Business Outfit",429.8896,Outerwear & Coats,['Unknown'],IN,0,0,https://www.etsy.com/listing/4557390172/womens-white-3-piece-suit-tailored,
Women Sequin Coat Long Sparkly Evening Formal Party Outerwear,128.0,Outerwear & Coats,['Unknown'],PK,0,2,https://www.etsy.com/listing/4557387632/women-sequin-coat-long-sparkly-evening,
"Pink Crochet Halter Top and Mini Skirt with 3D Flowers, Resort Beachwear Set",396.0,Outerwear & Coats,['crochet'],TR,0,2,https://www.etsy.com/listing/4557370285/pink-crochet-halter-top-and-mini-skirt,
"Women’s Floral Print Blazer, Elegant Botanical Jacket, Casual Button Front Blazer, Stylish Spring Outerwear",210.0,Outerwear & Coats,['Unknown'],US,0,0,https://www.etsy.com/listing/4557369557/womens-floral-print-blazer-elegant,
"Red Anarkali Dress for Women, Embroidered Indian Wedding Suit, Party Wear Salwar Kameez with Dupatta",231.0,Outerwear & Coats,['Unknown'],IN,0,0,https://www.etsy.com/listing/4557385484/red-anarkali-dress-for-women-embroidered,
"Embroidered Salwar Kameez Set, Ready Made Pakistani Indian Ethnic Wear, Festive Wedding Outfit",154.57999999999998,Outerwear & Coats,['silk'],IN,0,0,https://www.etsy.com/listing/4557385418/pakistani-indian-embroidered-salwar,
Women&#39;s Sage Green Suit | Women Business Costume | Women 2 Piece Suit,49.99,Outerwear & Coats,['Unknown'],PK,0,1,https://www.etsy.com/listing/4557383156/womens-sage-green-suit-women-business,
"Women Royal Blue Floral Pure Cotton Sharara Suit: Embroidered Kurti, Flared Palazzo Set",83.84,Outerwear & Coats,['cotton'],IN,0,0,https://www.etsy.com/listing/4557360571/hand-block-printed-pure-cotton-sharara,
"Pink Sharara Suit for Women, Pakistani Wedding Dress, Floral Embroidered Gharara Set, Indian Wedding Guest Outfit, Eid Party Wear",220.0,Outerwear & Coats,['Unknown'],IN,0,0,https://www.etsy.com/listing/4557375226/pink-sharara-suit-for-women-pakistani,
McLaren Race Suit Polyester F1 Go Kart Racing Suit ( Duty Paid USA ),189.99,Outerwear & Coats,['polyester'],US,0,0,https://www.etsy.com/listing/4557371948/mclaren-race-suit-polyester-f1-go-kart,
"Bottle Green Embroidered Palazzo Suit for Women, 3 Piece Indian Pakistani Dress with Dupatta, Wedding Party Ethnic Outfit",67.99,Outerwear & Coats,['Unknown'],IN,0,0,https://www.etsy.com/listing/4557369400/bottle-green-embroidered-palazzo-suit,
"Rust Orange Embroidered Anarkali Suit Set with Dupatta, Indian Ethnic Dress",63.6136,Outerwear & Coats,['cotton'],IN,0,0,https://www.etsy.com/listing/4557440931/rust-orange-embroidered-anarkali-suit,
Heavy Fandy Crushy Silk 5mm Sequence Embroidered Sharara Palazzo Suit Set with Fancy Lace Dupatta,115.2266,Outerwear & Coats,['silk'],GB,0,1,https://www.etsy.com/listing/4557411580/heavy-fandy-crushy-silk-5mm-sequence,
"Red Embroidered Sharara Suit, Pakistani Wedding Party Wear, Designer Embellished Set",264.0,Outerwear & Coats,['Unknown'],IN,0,1,https://www.etsy.com/listing/4557390028/red-pakistani-wedding-suit-for-women,
"Custom F1 Race Suit: 2026 Inspired, Customization Bodysuit Personalized Suit",85.0,Outerwear & Coats,['Unknown'],US,0,0,https://www.etsy.com/listing/4557388434/custom-f1-race-suit-2026-inspired,
"Red Heavy Embroidered Salwar Suit Set, Sequins Work Georgette Kurti Pant Dupatta, Ready to Wear Indian Pakistani Bridal Wedding Outfit",105.0,Outerwear & Coats,['Unknown'],IN,0,0,https://www.etsy.com/listing/4557370091/red-heavy-embroidered-salwar-suit-set,
Womens Longline Coat Sparkle Sequin Light Colors Evening Formal Outerwear,129.0,Outerwear & Coats,['Unknown'],PK,0,3,https://www.etsy.com/listing/4557382380/womens-longline-coat-sparkle-sequin,
"Teal Green Sharara Suit for Women, Pakistani Wedding Dress, Embroidered Gharara Set, Indian Wedding Guest Outfit, Eid Party Wear",231.0,Outerwear & Coats,['Unknown'],IN,0,0,https://www.etsy.com/listing/4557362787/teal-green-sharara-suit-for-women,
"Embroidered Green Salwar Kameez, Pakistani Indian Wedding Festive Outfit",154.57999999999998,Outerwear & Coats,['Unknown'],IN,0,0,https://www.etsy.com/listing/4557361567/embroidered-green-salwar-kameez-designer,
"Women&#39;s 3 Pc Black Olive Suit - Black Lapel Blazer for Weddings, Office & Proms",429.8896,Outerwear & Coats,['Unknown'],IN,0,0,https://www.etsy.com/listing/4557358869/womens-3-pc-black-olive-suit-black-lapel,
"Ivory Sharara Suit for Women, White Pakistani Dress, Embroidered Wedding Guest Outfit, Eid Formal Wear, Indian Party Dress, Bridal Shower",220.0,Outerwear & Coats,['Unknown'],IN,0,0,https://www.etsy.com/listing/4557372458/ivory-sharara-suit-for-women-white,
Red Girls Party Wear Outfit | Kids Ethnic Wear | Festive Eid Dress,45.0,Outerwear & Coats,['Unknown'],IN,0,0,https://www.etsy.com/listing/4557348460/red-girls-party-wear-outfit-kids-ethnic,
"Pink Crochet Two Piece Set with Crop Top and Maxi Skirt, Handmade Resort Wear",522.0,Outerwear & Coats,['crochet'],TR,0,3,https://www.etsy.com/listing/4557369090/pink-crochet-two-piece-set-with-crop-top,
"Purple Sharara Suit for Women, Pakistani Party Wear, Embroidered Kurta Set, Wedding Guest Outfit, Indian Formal Dress, Eid Outfit",243.0,Outerwear & Coats,['Unknown'],IN,0,0,https://www.etsy.com/listing/4557368924/purple-sharara-suit-for-women-pakistani,
Yamaha R1 Racing Leather Suit | Full Body Blue & White Biker Gear,380.0,Outerwear & Coats,['leather'],PK,0,1,https://www.etsy.com/listing/4557350501/yamaha-r1-racing-leather-suit-full-body,
"White Sharara Suit for Women, Embroidered 3 Piece Indian Outfit with Dupatta, Pakistani Dress, Wedding Guest Ethnic Wear, Eid Party Set",66.99,Outerwear & Coats,['Unknown'],IN,0,0,https://www.etsy.com/listing/4557366228/white-sharara-suit-for-women-embroidered,
"Indian Anarkali Suit for Women, Embroidered Anarkali Dress, Pakistani Gown",92.6432,Outerwear & Coats,['Unknown'],IN,0,0,https://www.etsy.com/listing/4557365442/indian-anarkali-suit-for-women,
Oscar & Lando Norris Race Suit Polyester F1 Go Kart Racing Suit ( Duty Paid USA ),189.99,Outerwear & Coats,['polyester'],US,0,0,https://www.etsy.com/listing/4557348019/oscar-lando-norris-race-suit-polyester,
Elegant Red Embroidered Kurta Set with Dupatta & Pant | Festive Ethnic Wear for Women,61.832,Outerwear & Coats,['Unknown'],IN,0,0,https://www.etsy.com/listing/4557364844/elegant-red-embroidered-kurta-set-with,
Women&#39;s Navy Blue Suit | Women Business Costume | Women 2 Piece Suit,49.99,Outerwear & Coats,['Unknown'],PK,0,0,https://www.etsy.com/listing/4557364208/womens-navy-blue-suit-women-business,
Women&#39;s Black Cropped Long Sleeve Blazers,215.0,Outerwear & Coats,['Unknown'],US,0,0,https://www.etsy.com/listing/4557363008/womens-black-cropped-long-sleeve-blazers,
Ombre Bandhani Muslin Unstitched Salwar Kameez Suit with Sequins Embroidery (3-Piece Dress Material),55.4392,Outerwear & Coats,['silk'],IN,0,0,https://www.etsy.com/listing/4557360398/ombre-bandhani-digital-printed-muslin,
"Women Kurta Pant Set With Cow Floral Border And Gold Motifs, Indian Paithani Dress",99.48,Outerwear & Coats,['silk'],IN,0,0,https://www.etsy.com/listing/4557323925/women-kurta-pant-set-with-cow-floral,
Haas F1 Style Kart Racing Suit | CIK Level 2 | Customisable Available In All Sizes,199.99,Outerwear & Coats,['Unknown'],US,0,0,https://www.etsy.com/listing/4557336797/haas-f1-style-kart-racing-suit-cik-level,
"Off White Linen Set, Artistic Face Print Shirt, Linen Harem Pants, Oversized Boho Outfit, Plus Size Clothing, Clara",299.0,Outerwear & Coats,['linen'],BG,0,4,https://www.etsy.com/listing/4557351408/off-white-linen-set-artistic-face-print,
ARUNA Vest – Shorts Set | Brown Striped,152.59199999999998,Outerwear & Coats,['linen'],EE,0,0,https://www.etsy.com/listing/4557331869/aruna-vest-shorts-set-o-brown-striped,
Cream Roman Silk 3-Piece Suit: Embroidered Sequin Pakistani Party Wear Outfit,95.86,Outerwear & Coats,['silk'],IN,0,1,https://www.etsy.com/listing/4557290309/cream-roman-silk-3-piece-suit,
Sequin Coat for Women Cropped Sparkly Party Wear Open Front Glitter Shrug Evening Wedding Cover Up,99.0,Outerwear & Coats,['Unknown'],PK,0,4,https://www.etsy.com/listing/4557363019/sequin-coat-for-women-cropped-sparkly,
"Purple Girls Pakistani Salwar Suit Set, Kids Embroidered Silk Top Palazzo Dupatta",41.0,Outerwear & Coats,['silk'],IN,0,0,https://www.etsy.com/listing/4557337097/purple-girls-pakistani-salwar-suit-set,
"Maroon Sharara Suit for Women, Pakistani Sharara Set, Embroidered Kurta with Dupatta, Wedding Party Wear, Eid Outfit, Formal Ethnic Dress",243.0,Outerwear & Coats,['Unknown'],IN,0,0,https://www.etsy.com/listing/4557365688/maroon-sharara-suit-for-women-pakistani,
"Designer Anarkali Gown for Women with Embroidery work, Wedding Gown for Women,Anarkali Indian Gown, Indian women Wedding Cloths",103.1232,Outerwear & Coats,['Unknown'],IN,0,0,https://www.etsy.com/listing/4557346605/designer-anarkali-gown-for-women-with,
"Yellow Embroidered Anarkali Suit for Women, 3 Piece Indian Dress with Pant and Dupatta, Festive Wedding Outfit, Mehendi Sangeet Ethnic Wear",66.99,Outerwear & Coats,['Unknown'],IN,0,0,https://www.etsy.com/listing/4557343745/yellow-embroidered-anarkali-suit-for,
"White Crochet Crop Top and Maxi Skirt, Handmade Boho Resort Two Piece Set",522.0,Outerwear & Coats,['crochet'],TR,0,12,https://www.etsy.com/listing/4557341481/white-crochet-crop-top-and-maxi-skirt,
Women’s Sage Green Short Blazer | Elegant Office Jacket | Vintage Tailored Coat,215.0,Outerwear & Coats,['Unknown'],US,0,0,https://www.etsy.com/listing/4557341365/womens-sage-green-short-blazer-o-elegant,
Women&#39;s Black Vest Set | Women Business Costume | Women Formal Waistcoat,45.0,Outerwear & Coats,['Unknown'],PK,0,0,https://www.etsy.com/listing/4557337313/womens-black-vest-set-women-business,
Ferrari F1 Style Kart Racing Suit | CIK Level 2 | Customisable | DDP Service Available,199.99,Outerwear & Coats,['Unknown'],US,0,1,https://www.etsy.com/listing/4557348906/ferrari-f1-style-kart-racing-suit-cik,
Navy Blue Embroidered Palazzo Suit Set with Sequins – Party Wear Indian Outfit,90.63,Outerwear & Coats,['Unknown'],IN,0,1,https://www.etsy.com/listing/4557290658/navy-blue-embroidered-palazzo-suit-set,
"White Motorcycle Racing Suit, Futuristic Rider Jumpsuit, Black & White Biker Costume, Motorsport Gear, Motorcycle Cosplay Outfit",700.0,Outerwear & Coats,['Unknown'],PK,0,0,https://www.etsy.com/listing/4557325387/white-motorcycle-racing-suit-futuristic,
FLORES Skirt – Crop Top Set,252.00799999999998,Outerwear & Coats,['organic cotton'],EE,0,3,https://www.etsy.com/listing/4557341144/flores-skirt-crop-top-set,
"White Cotton Co Ord Set Women, Oversized Button Down Shirt and Wide Leg Pants, Two Piece Outfit, Minimalist Lounge Set, Summer Matching Set",62.86952,Outerwear & Coats,['cotton'],IN,0,1,https://www.etsy.com/listing/4557340460/white-cotton-co-ord-set-women-oversized,
Pink Chinon Silk Palazzo Suit Set with Embroidered Kurta Dupatta Indian Wedding Wear,56.99,Outerwear & Coats,['silk'],IN,0,1,https://www.etsy.com/listing/4557270620/pink-chinon-silk-palazzo-suit-set-with,
Ivory Beige Embroidered 3-Piece Suit – Silver Pink Floral Chikankari Formal Wear,95.99,Outerwear & Coats,['Unknown'],US,0,0,https://www.etsy.com/listing/4557336726/ivory-beige-embroidered-3-piece-suit,
Olive Green Women’s Anarkali Suit Set | Roman Silk 3 Piece Designer Dress,44.0,Outerwear & Coats,['silk'],IN,0,0,https://www.etsy.com/listing/4557335514/olive-green-womens-anarkali-suit-set-o,
Digital Print Muslin Unstitched Salwar Kameez Suit with Mirror Embroidery,55.4392,Outerwear & Coats,['silk'],IN,0,0,https://www.etsy.com/listing/4557289060/digital-printed-muslin-unstitched-salwar,
"Pink Embroidered Satin Palazzo Suit Set, Indian Wedding Party Wear Salwar Kameez",53.7,Outerwear & Coats,['satin'],IN,0,0,https://www.etsy.com/listing/4557225308/pink-embroidered-satin-palazzo-suit-set,
"Emerald Green Women Suit Set, 2 Piece Blazer and Wide Leg Pants, Elegant Formal Suit.",208.552,Outerwear & Coats,['Unknown'],US,0,0,https://www.etsy.com/listing/4557329022/emerald-green-women-suit-set-2-piece,
"Sage Green Peplum Sharara Set, Designer Indo Western Outfit, Festive Wedding Guest Wear",50.0,Outerwear & Coats,['Unknown'],IN,1,1,https://www.etsy.com/listing/4557327904/sage-green-peplum-top-with-sharara-pants,
"Teal Green Sharara Suit for Women, Roman Silk Palazzo Set, Embroidered Indian Wedding Outfit, Festive Salwar Suit with Dupatta",77.0,Outerwear & Coats,['silk'],IN,0,0,https://www.etsy.com/listing/4557326546/teal-green-sharara-suit-for-women-roman,
"White Women&#39;s 2 Piece Suit - Luxury Tailored Pantsuit, Wide Leg Trousers, Modern Wedding Guest Outfit, Elegant Business Formal Wear.",193.88,Outerwear & Coats,['Unknown'],IN,0,0,https://www.etsy.com/listing/4557323872/white-womens-2-piece-suit-luxury,
Men Sequin Tuxedo Blazer Sparkly Party Suit  Formal Wedding Dinner Coat Pant Stage Wear,149.0,Outerwear & Coats,['Unknown'],PK,0,2,https://www.etsy.com/listing/4557375996/men-sequin-tuxedo-blazer-sparkly-party,
"Pink Designer Faux Georgette Salwar Suit Set, Wedding Outfit",58.31,Outerwear & Coats,['Unknown'],IN,0,0,https://www.etsy.com/listing/4557346925/pink-designer-faux-georgette-salwar-suit,
Anarkali Dress: Indian Wedding Gown with Dupatta,103.1232,Outerwear & Coats,['Unknown'],IN,0,0,https://www.etsy.com/listing/4557360940/anarkali-dress-indian-wedding-gown-with,
Women’s Orange Short Blazer | Elegant Office Jacket | Vintage Tailored Coat,215.0,Outerwear & Coats,['Unknown'],US,0,0,https://www.etsy.com/listing/4557338119/womens-orange-short-blazer-o-elegant,
"Royal Blue Embroidered Anarkali Suit for Women, 3 Piece Indian Ethnic Dress with Pant, Designer Wedding Outfit Pakistani Style Salwar Kameez",66.99,Outerwear & Coats,['Unknown'],IN,0,0,https://www.etsy.com/listing/4557333581/royal-blue-embroidered-anarkali-suit-for,
"Women&#39;s Navy Blue 3 Piece Suit, Wide Leg Trousers, Double Breasted Vest, Custom Tailored Blazer Set, Business Formal Suit",345.0,Outerwear & Coats,['Unknown'],US,0,1,https://www.etsy.com/listing/4557333251/womens-navy-blue-3-piece-suit-wide-leg,
Yellow Organza Suit Set with Shrug Dupatta and Pants Indian Ethnic Wear,56.99,Outerwear & Coats,['Unknown'],IN,1,1,https://www.etsy.com/listing/4557258818/yellow-organza-suit-set-with-shrug,
"Black Silk  Suit Set, Real Mirror Work Salwar Suit, Indian Party Wear Dress, Embroidered Palazzo Suit",53.7,Outerwear & Coats,['silk'],IN,0,0,https://www.etsy.com/listing/4557202941/black-silk-suit-set-real-mirror-work,
Rust Orange Women’s Embroidered Anarkali Suit Set | Ready to Wear 3 Piece Dress,44.2,Outerwear & Coats,['Unknown'],IN,0,0,https://www.etsy.com/listing/4557311511/rust-orange-womens-embroidered-anarkali,
Motorcycle Racing Suit | Full-Grain Leather Biker Suit | Custom Fit Track Gear | MotoGP Style Wear,708.86,Outerwear & Coats,['leather'],GB,0,1,https://www.etsy.com/listing/4557305949/motorcycle-racing-suit-full-grain,
Sage Green Heavily Embroidered 3-Piece Suit — Chikankari Style Formal Wear with Chiffon Dupatta,98.99,Outerwear & Coats,['chiffon'],US,0,17,https://www.etsy.com/listing/4557299819/sage-green-heavily-embroidered-3-piece,
Genuine Leather Blazer & Pencil Skirt Set: Black Sheepskin Office Suit,100.99,Outerwear & Coats,['leather'],PK,0,0,https://www.etsy.com/listing/4557314512/genuine-leather-blazer-pencil-skirt-set,
"Klein Blue Velvet Women&#39;s Suit, Wide Leg Trousers, Elegant Power Dressing",399.0,Outerwear & Coats,['velvet'],IN,0,0,https://www.etsy.com/listing/4557297673/klein-blue-velvet-womens-suit-luxury,
"Women&#39;s Pink Tailored Blazer and Wide Leg Trousers Suit, Elegant Business Outfit.",387.1836,Outerwear & Coats,['Unknown'],IN,0,0,https://www.etsy.com/listing/4557295373/womens-pink-tailored-blazer-and-wide-leg,
"MCM Men’s Black Cognac Leather Tracksuit, Jacket Pants and Hat Set",319.99,Outerwear & Coats,['leather'],US,0,5,https://www.etsy.com/listing/4557312058/mcm-mens-black-cognac-leather-tracksuit,
"Women&#39;s Navy Blue Pinstripe Double Breasted Suit | Elegant Wedding Guest, Business Wear",210.0,Outerwear & Coats,['Unknown'],IN,0,2,https://www.etsy.com/listing/4557284133/womens-navy-blue-pinstripe-double,
Yellow Silk Palazzo Set: Sequins Embroidered Indian Sharara Outfit,82.7396,Outerwear & Coats,['silk'],IN,0,0,https://www.etsy.com/listing/4557298850/yellow-silk-palazzo-set-sequins,
Women’s Pink Gingham 2 Piece Suit – Handmade Tailored Blazer & Wide Leg Pants,440.15999999999997,Outerwear & Coats,['linen'],IN,0,0,https://www.etsy.com/listing/4557276233/womens-pink-gingham-2-piece-suit,
"Coral Pink Printed Sharara Suit Set, Chinon Silk Kurta with Mirror Work, Eid Collection",92.99,Outerwear & Coats,['silk'],IN,0,0,https://www.etsy.com/listing/4557288738/coral-pink-printed-sharara-suit-set-for,
Yellow Anarkali Suit Set Embroidered Wedding Guest Dress Ready to Wear Ethnic Outfit Festive Dupatta Set,110.0,Outerwear & Coats,['Unknown'],IN,0,0,https://www.etsy.com/listing/4557285966/yellow-anarkali-suit-set-embroidered,
"Black Silk Embroidered Sharara Suit Set, Indian Ethnic Party Wear Outfit",54.0,Outerwear & Coats,['silk'],IN,0,0,https://www.etsy.com/listing/4557267851/black-silk-embroidered-sharara-suit-set,
FedEx 2024 Go Kart Racing Suit | CIK/FIA Level 2 Approved Karting Gear,199.99,Outerwear & Coats,['Unknown'],US,0,1,https://www.etsy.com/listing/4557262209/fedex-2024-go-kart-racing-suit-cikfia,
Elegant Pantsuit Set for Women Double Breasted Blazer Wide Leg Trousers Two Piece Office Business Formal Outfit,265.0,Outerwear & Coats,['Unknown'],NL,0,0,https://www.etsy.com/listing/4557274686/elegant-pantsuit-set-for-women-double,
Blue Floral Printed Kurti Pant Set for Women | Indian Ethnic Dress | Sleeveless Cotton Kurta Set | Casual Summer Outfit | Traditional Indian,62.879999999999995,Outerwear & Coats,['cotton'],IN,0,6,https://www.etsy.com/listing/4557273744/blue-floral-printed-kurti-pant-set-for,
White Designer Heavy Faux Georgette Embroidery Sequence Work Top Set,57.99,Outerwear & Coats,['Unknown'],IN,0,0,https://www.etsy.com/listing/4557359766/white-designer-heavy-faux-georgette,
Black Floral Embroidered Georgette Salwar Kameez Palazzo Suit Dupatta,53.7,Outerwear & Coats,['Unknown'],IN,0,0,https://www.etsy.com/listing/4557216612/black-floral-embroidered-georgette,
Designer Anarkali Suit for Women | Embroidered Sequence & Real Mirror Work,45.33,Outerwear & Coats,['Unknown'],IN,0,0,https://www.etsy.com/listing/4557305337/designer-anarkali-suit-for-women,
"Klein Blue Velvet Double Breasted Suit, Tailored Blazer Pants Set",349.0,Outerwear & Coats,['velvet'],IN,0,0,https://www.etsy.com/listing/4557295809/klein-blue-velvet-womens-double-breasted,
"VANISH POINT Women&#39;s Custom Leather Racing Suit Set, Black Violet Silver (Suit, Gloves, Boots)",708.86,Outerwear & Coats,['leather'],GB,0,0,https://www.etsy.com/listing/4557311348/vanish-point-womens-custom-leather,
"MCM Black Cognac Leather Shorts Set, Short Sleeve Zip Jacket Matching Outfit",319.99,Outerwear & Coats,['leather'],US,0,1,https://www.etsy.com/listing/4557306442/mcm-black-cognac-leather-shorts-set,
"Off White Silk Embroidered Palazzo Suit, Festive Indian Pakistani Ethnic Wear",47.0,Outerwear & Coats,['silk'],IN,0,0,https://www.etsy.com/listing/4557282364/off-white-silk-embroidered-palazzo-suit,
"Cream Teal Embroidered Sharara Suit Set, Women&#39;s Festive Wedding Outfit",92.99,Outerwear & Coats,['Unknown'],IN,0,0,https://www.etsy.com/listing/4557280310/cream-teal-sharara-suit-set-for-women,
McLaren Go Kart Racing Suit CIK FIA Level 2 All Print Custom Karting Suit,199.99,Outerwear & Coats,['Unknown'],US,0,1,https://www.etsy.com/listing/4557254553/mclaren-go-kart-racing-suit-cik-fia,
Short & DirectLinen Mini Slip Dress - Dark Turquoise Square Neck Sundress - Casual Sleeveless Summer Dress,146.72,Outerwear & Coats,['linen'],IN,0,1,https://www.etsy.com/listing/4557248023/short-directlinen-mini-slip-dress-dark,
"Linen Blazer for Women, Olive Green Linen Jacket, Relaxed Fit Blazer, Summer Jacket, Casual Office Wear, Minimalist Linen Suit",183.80399999999997,Outerwear & Coats,['linen'],GB,0,0,https://www.etsy.com/listing/4557267662/linen-blazer-for-women-olive-green-linen,
Traditional Mehendi-Green Embroidered Lawn Suit Set With Wide Palazzo Pants And Floral Print Dupatta,91.66,Outerwear & Coats,['Unknown'],IN,0,2,https://www.etsy.com/listing/4557239153/traditional-mehendi-green-embroidered,
"Black & Pink Embroidered Kurti Pant Set, Kashmiri Style Thread Work Straight Kurti with Palazzo Pants, Ready to Wear Salwar Kameez",92.0,Outerwear & Coats,['cotton'],IN,0,0,https://www.etsy.com/listing/4557248673/black-pink-embroidered-kurti-pant-set,
"Women’s Two Piece Set, Wide Leg Pants Set, Casual Co Ord Outfit, Loose Fit Blouse, Boho Matching Set, Summer Lounge Outfit",34.0,Outerwear & Coats,['Unknown'],PK,0,1,https://www.etsy.com/listing/4557247881/womens-two-piece-set-wide-leg-pants-set,
Navratri Lehenga Choli Mirror Work Garba Dress Muslin Cotton Dandiya Outfit Indian Festival Wear Ready to Wear,55.533519999999996,Outerwear & Coats,['cotton'],IN,0,1,https://www.etsy.com/listing/4557244375/navratri-lehenga-choli-mirror-work-garba,
"Ivory Women’s Suit Set, Elegant White Pantsuit, Tailored Blazer & Wide Leg Trousers, Wedding Guest Outfit, Bridal Suit, Chic Formal Wear",420.0,Outerwear & Coats,['Unknown'],IN,0,0,https://www.etsy.com/listing/4557239719/ivory-womens-suit-set-elegant-white,
Hand Block Cotton Kurta With Dupatta Set | Sleeveless Salwar Kameez,119.83879999999999,Outerwear & Coats,['cotton'],IN,0,6,https://www.etsy.com/listing/4557238313/hand-block-cotton-kurta-with-dupatta-set,
Girls Lavender Blue Gown Dress | Indian Wedding & Festive Outfit,57.1,Outerwear & Coats,['Unknown'],IN,0,0,https://www.etsy.com/listing/4557233531/girls-lavender-blue-gown-dress-indian,
"Women’s Chanderi Cotton Farshi Salwar Suit Set, Embroidered Zari Sequence Indian Ethnic Wear",56.58152,Outerwear & Coats,['cotton'],IN,0,0,https://www.etsy.com/listing/4557227837/womens-chanderi-cotton-farshi-salwar,
"Silk Anarkali Gown Suit, Embroidered Dupatta, Pakistani Designer Dress",110.0,Outerwear & Coats,['silk'],IN,0,0,https://www.etsy.com/listing/4557240962/silk-anarkali-gown-suit-embroidered,
"Embroidered Cotton Punjabi Suit Set, Pink Hearts, Festive Indian Ethnic Wear",89.05904,Outerwear & Coats,['cotton'],IN,0,0,https://www.etsy.com/listing/4557222823/embroidered-cotton-punjabi-suit-set-pink,
Ivory Printed Beige Sleeveless Printed Kurta And Trouser Suit Set,63.928,Outerwear & Coats,['cotton'],IN,0,1,https://www.etsy.com/listing/4557219193/ivory-printed-beige-sleeveless-printed,
APRILIA Racing Leather Motorbike Racing Suit,378.0,Outerwear & Coats,['leather'],AU,0,1,https://www.etsy.com/listing/4557231926/aprilia-racing-leather-motorbike-racing,
"Kids Purple Embroidered Anarkali with Floral Print, Indian wedding wear girls , traditional outfit",75.0,Outerwear & Coats,['Unknown'],IN,0,0,https://www.etsy.com/listing/4557225980/kids-purple-embroidered-anarkali-with,
"Red  Anarkali Suit Set For Women, Heavy Faux Georgette Embroidered Anarkali Dress",53.7,Outerwear & Coats,['Unknown'],IN,0,0,https://www.etsy.com/listing/4557192437/purple-anarkali-suit-set-for-women-heavy,
Maroon Women’s Designer Heavy Lace Work Anarkali 3-Piece Suit Set,44.0,Outerwear & Coats,['lace'],IN,0,0,https://www.etsy.com/listing/4557297445/maroon-womens-designer-heavy-lace-work,
Long Shirt Pakistani Wedding Dresses Embroidered Salwar Kameez Reception Indian Guest Party Outfits Custom Stitched,199.29,Outerwear & Coats,['silk'],US,0,0,https://www.etsy.com/listing/4557295713/long-shirt-pakistani-wedding-dresses,
"Klein Blue Velvet Women&#39;s Suit, Tailored Blazer & Bootcut Pants Set",349.0,Outerwear & Coats,['velvet'],IN,0,0,https://www.etsy.com/listing/4557311200/klein-blue-velvet-women-suit-tailored,
"Men&#39;s Black Red Leather Shorts Set, Short Sleeve Zip Jacket Matching Outfit",319.99,Outerwear & Coats,['leather'],US,0,0,https://www.etsy.com/listing/4557303274/mens-black-red-leather-shorts-set-short,
"Maroon Crepe Sharara Suit, Women&#39;s Embroidered Kurti, Wide Pants, Dupatta, Wedding Guest Outfit",49.0,Outerwear & Coats,['Unknown'],IN,0,0,https://www.etsy.com/listing/4557278272/maroon-crepe-sharara-suit-for-women,
"Purple Roman Shimmer Kurti Pant Set, Zari Sequin Embroidery, Net Dupatta, Festive Wear",88.99,Outerwear & Coats,['Unknown'],IN,0,0,https://www.etsy.com/listing/4557267066/purple-roman-silk-kurti-pant-set-with,
Georgette Black Embroidered Pakistani Kurta and Palazzo Set with Heavy Zari Work,91.66,Outerwear & Coats,['Unknown'],IN,0,2,https://www.etsy.com/listing/4557258728/georgette-black-embroidered-pakistani,
"Ivory White Women’s Suit Set, Double Breasted Blazer & Wide Leg Trousers, Elegant Two Piece Suit, Bridal Guest Outfit, Women’s Formal Suit",420.0,Outerwear & Coats,['Unknown'],IN,0,0,https://www.etsy.com/listing/4557253996/ivory-white-womens-suit-set-double,
"Teal Green Embroidered Faux Georgette Salwar Kameez Set, Pakistani Indian Wedding Wear",87.74904,Outerwear & Coats,['Unknown'],IN,0,0,https://www.etsy.com/listing/4557219633/teal-green-embroidered-salwar-kameez-set,
"Emerald Green Heavy Embroidered Sharara Suit Set, Sequins Work Georgette Kurti with Palazzo Dupatta, Ready to Wear Indian Wedding Outfit",94.0,Outerwear & Coats,['Unknown'],IN,0,1,https://www.etsy.com/listing/4557234980/emerald-green-heavy-embroidered-sharara,
"Adjustable Vest Suit Set | Hand Tailored Black Linen Waistcoat and Trousers, Early Fall Transition Outfit, Fit Check & Custom Size",140.52,Outerwear & Coats,['linen'],US,0,0,https://www.etsy.com/listing/4557204583/adjustable-vest-suit-set-hand-tailored,
Crush Tissue Shimmer Salwar Kameez Dress Material with HandWork Bead Embroidery &  Border Dupatta,62.7752,Outerwear & Coats,['Unknown'],IN,0,0,https://www.etsy.com/listing/4557201961/crush-tissue-shimmer-salwar-kameez-dress,
"Custom Go-Kart Racing Suit: CIK/FIA Level 2, Personalized Design",85.0,Outerwear & Coats,['Unknown'],US,0,0,https://www.etsy.com/listing/4557202953/custom-go-kart-racing-suit-cikfia-level,
Blue Embroidered Vicitra Silk Sharara Set | Indian Wedding Outfit,68.5,Outerwear & Coats,['silk'],IN,0,1,https://www.etsy.com/listing/4557217876/blue-embroidered-vicitra-silk-sharara,
Green Floral Women Cotton Kurta With Dupatta Set | Indian Dress,55.544,Outerwear & Coats,['cotton'],IN,1,2,https://www.etsy.com/listing/4557201571/green-floral-women-cotton-kurta-with,
"Sky Blue 3 Piece Long Coat Pant Suit for Women, Long Blazer Jacket, Waistcoat and Wide Leg Trouser Set, Luxury Formal Wear, Two Piece Suit",209.6,Outerwear & Coats,['Unknown'],IN,0,1,https://www.etsy.com/listing/4557217028/sky-blue-3-piece-long-coat-pant-suit-for,
Women&#39;s Sleeveless V-neck Pants Nine Points Waist Jumpsuit,50.0,Outerwear & Coats,['Unknown'],PK,0,0,https://www.etsy.com/listing/4557198605/womens-sleeveless-v-neck-pants-nine,
"Embroidered Silk Anarkali Gown Set with Dupatta, Indian Wedding Festive Wear",72.77,Outerwear & Coats,['silk'],IN,0,4,https://www.etsy.com/listing/4557211152/silk-gown-suit-set-embroidered-anarkali,
Womens Silver Sequin Suit | Sparkly Blazer | Evening Party Pantsuit | Formal Prom Outfit,193.0,Outerwear & Coats,['Unknown'],PK,0,4,https://www.etsy.com/listing/4557205722/womens-silver-sequin-suit-sparkly-blazer,
"Women’s Longline Blazer, Belted Waist Jacket, Elegant Tailored Coat, Oversized Suit Blazer, Office Wear, Casual Minimalist Womens Jacket",132.0,Outerwear & Coats,['Unknown'],UA,0,0,https://www.etsy.com/listing/4557183217/womens-longline-blazer-belted-waist,
"Women&#39;s Off-White Peak Lapel Suit – Maroon Vest and Pants, Slim Fit Wedding Party Wear",379.99,Outerwear & Coats,['Unknown'],IN,0,2,https://www.etsy.com/listing/4557175571/womens-off-white-peak-lapel-suit-maroon,
"Women’s Pink Embroidered Suit Set, Floral Blazer & Vest, 3 Piece Pantsuit, Formal Wedding Outfit, Elegant Custom Made Suit",1060.71,Outerwear & Coats,['Unknown'],IN,0,2,https://www.etsy.com/listing/4557164353/sage-green-floral-embroidered-western-3,
"Pink Embroidered Faux Georgette Anarkali Suit, Indian Wedding Party Wear, Ready Wear Ethnic Outfit",53.7,Outerwear & Coats,['Unknown'],IN,0,0,https://www.etsy.com/listing/4557211086/pink-embroidered-faux-georgette-anarkali,
"Hot Red Velvet Double Breasted Suit, Tailored Blazer Pants Set, Luxury Evening Wear",349.0,Outerwear & Coats,['velvet'],IN,0,0,https://www.etsy.com/listing/4557308732/hot-red-velvet-womens-double-breasted,
"Off White Silk Embroidered Pakistani Salwar Kameez Suit, Designer Partywear Indian Outfit",49.0,Outerwear & Coats,['silk'],IN,0,0,https://www.etsy.com/listing/4557254977/off-white-embroidered-pakistani-salwar,
Women&#39;s Brown Thread Work Ethnic Co-Ord Set with Wide Leg Palazzo,91.66,Outerwear & Coats,['Unknown'],IN,0,2,https://www.etsy.com/listing/4557250072/womens-brown-thread-work-ethnic-co-ord,
"Camel Brown Pant Suit for Women with White Contrast Shawl Collar, Blazer and Flare Trouser Set, 2 Piece Suit, Luxury Two Piece Suit, Gifts",209.6,Outerwear & Coats,['Unknown'],IN,0,1,https://www.etsy.com/listing/4557199155/camel-brown-pant-suit-for-women-with,
Purple Embroidered Georgette Sharara Set | Indian Anarkali Suit,70.15,Outerwear & Coats,['Unknown'],IN,0,0,https://www.etsy.com/listing/4557197703/purple-embroidered-georgette-sharara-set,
"Ethnic Peach Salwar Kameez Embroidered, Ready To Wear Partywear outfit, Traditional wear outfit, Suit for Women,Handmade Suit,Kurta Palazzo",66.024,Outerwear & Coats,['Unknown'],IN,19,2698,https://www.etsy.com/listing/4485396153/ethnic-peach-salwar-kameez-embroidered,
Custom Order,159.0,Outerwear & Coats,['Unknown'],VN,6,1093,https://www.etsy.com/listing/1013058723/custom-order,
"Pakistani Peach Anarkali gown dupatta , Pakistani gown Long Kurti Indian Wedding Wear Suit Partywear Dresses,Indian Dresses Flared gown",66.024,Outerwear & Coats,['Unknown'],IN,46,2071,https://www.etsy.com/listing/4537250309/pakistani-peach-anarkali-gown-dupatta,
Premium Quality White Iner For Women And Girls Pure Cotton,12.576,Outerwear & Coats,['cotton'],IN,115,3457,https://www.etsy.com/listing/4497700029/premium-quality-white-iner-for-women-and,
"Blue Designer Sharara Kurti Suit Set With Dupatta For Womens, Pakistani Dresses For festivals, Traditional Ready to wear",68.12,Outerwear & Coats,['silk'],IN,20,1331,https://www.etsy.com/listing/4529935267/blue-designer-sharara-kurti-suit-set,
Belted Blazer Sewing Pattern PDF: Lined Jacket with Lapels (Sizes 36-44),7.99,Outerwear & Coats,['Unknown'],GB,28,285,https://www.etsy.com/listing/4308560841/belted-blazer-sewing-pattern-pdf-lined,
"Embroidered Floor Length Anarkali Salwar kameez , Elegant Indian Party Wear with Dupatta for Women wedding Special Dress",89.78,Outerwear & Coats,['Unknown'],IN,58,3839,https://www.etsy.com/listing/4497634641/embroidered-floor-length-anarkali-salwar,
Womens Cotton Lounge Set Matching Outfit Wide Leg Pants Oversized Top Comfortable Pockets,79.0,Outerwear & Coats,['cotton'],US,41,687,https://www.etsy.com/listing/4534658452/womens-cotton-lounge-set-matching-outfit,
"Pakistani Designer Sharara suit set with dupatta for womens, Wedding wear embroidered work salwar kameez suit 3pcs, ethnic wear",67.072,Outerwear & Coats,['Unknown'],IN,50,2952,https://www.etsy.com/listing/4504574354/pakistani-designer-sharara-suit-set-with,
"Women&#39;s Mustard Cotton Short Kurti, Traditional Floral Indian Tunic, Square Neck Kurta, Soft Cotton Ethnic Top, Boho Summer Clothing",41.49,Outerwear & Coats,['cotton'],IN,17,418,https://www.etsy.com/listing/4537105827/womens-mustard-cotton-short-kurti,
Women&#39;s 100% Linen Suit: Relaxed Tailored Blazer Casual Long Sleeve Jacket Lightweight Relaxed Fit Suit Coat Spring Summer Outerwear F633,106.24,Outerwear & Coats,['linen'],PH,6,173,https://www.etsy.com/listing/4539188664/womens-100-linen-suit-relaxed-tailored,
"Green Pakistani Suit Set for Women, Embroidered Kurta Palazzo Dupatta, Indian Wedding Dress, Eid Outfit, Festive Salwar Kameez",66.024,Outerwear & Coats,['Unknown'],IN,89,2669,https://www.etsy.com/listing/4533515209/green-pakistani-suit-set-for-women,
"Beautiful Pink Designer Heavy Embroidery with sequence work Salwar Kameez with Dupatta for Women, Sharara Palazzo Suits, Pakistani Suit Eid",68.56,Outerwear & Coats,['Unknown'],IN,219,13682,https://www.etsy.com/listing/4483976579/beautiful-pink-designer-heavy-embroidery,
"Embroidered Cotton Kurta Pant Set with Floral Dupatta, Indian Ethnic Wear",124.89016,Outerwear & Coats,['cotton'],IN,52,1907,https://www.etsy.com/listing/4529948030/embroidered-cotton-kurta-pant-set-with,
"White Designer Anarkali Gown Kurti Suit Set With Dupatta For Womens, Pakistani Wedding Dress, Ethnic Wear 3pcs",71.264,Outerwear & Coats,['Unknown'],IN,31,1864,https://www.etsy.com/listing/4542845458/white-designer-anarkali-gown-kurti-suit,
Mint Blue & Pink Georgette Embroidered Sharara Suit Set for Women Pakistani Wedding Dress,90.83,Outerwear & Coats,['Unknown'],IN,39,2185,https://www.etsy.com/listing/4540798803/mint-blue-pink-georgette-embroidered,
Baby Pink Sharara Suit with Zari Embroidery Work & Dupatta Set for women,49.0,Outerwear & Coats,['Unknown'],IN,25,9590,https://www.etsy.com/listing/4496005162/baby-pink-sharara-suit-with-zari,
"Designer  Blue Kurti Sharara with Dupatta for Women Readymade , Ethnic Silk Kurti Suit for women 3 pc,Partywear Salwar Kameez for Women,Blue",66.024,Outerwear & Coats,['silk'],IN,274,17045,https://www.etsy.com/listing/4481708304/designer-blue-kurti-sharara-with-dupatta,
"Hand Block Print Cotton Kurta Pant Dupatta Set, Boho Ethnic Wear",109.99,Outerwear & Coats,['cotton'],IN,24,1660,https://www.etsy.com/listing/4513650366/hand-block-print-cotton-kurta-pant,
"Designer White Anarkali Dress for Women, Embroidered Indian Suit Set with Dupatta, Eid, Diwali & Bridal Party Wear, Readymade Gown",69.16799999999999,Outerwear & Coats,['silk'],IN,43,2900,https://www.etsy.com/listing/4539044290/designer-white-anarkali-dress-for-women,
"Embroidered Cotton Blend Salwar Suit Set, Floral Ethnic 3-Piece Outfit",76.0,Outerwear & Coats,['cotton'],IN,0,66,https://www.etsy.com/listing/4554777143/embroidered-salwar-suit-set-for-women,
"men’s Indian Wedding Jodhpuri Suit: Men&#39;s Bandhgala Coat, Solid Beige Designer Outfit",81.64,Outerwear & Coats,['cotton'],IN,59,14479,https://www.etsy.com/listing/4413771903/mens-indian-wedding-jodhpuri-suit-mens,
"Hot Red Velvet Women&#39;s Suit, Luxury Blazer Wide Leg Trousers Set",399.0,Outerwear & Coats,['velvet'],IN,0,0,https://www.etsy.com/listing/4557289611/hot-red-velvet-womens-suit-luxury-blazer,
Elegant Wine Pink Silk Embroidered Palazzo Suit with Zari Work Dupatta Set,91.66,Outerwear & Coats,['silk'],IN,0,2,https://www.etsy.com/listing/4557245564/elegant-wine-pink-silk-embroidered,
"Chartreuse Yellow Pant Suit for Women, Layered Blazer and Wide Leg Trouser Set, 2 Piece Suit, Designer Two Piece Suit, Formal Wear, Gifts",209.6,Outerwear & Coats,['Unknown'],IN,0,0,https://www.etsy.com/listing/4557198403/chartreuse-yellow-pant-suit-for-women,
"Ruby Red Embroidered Silk Gown Set, Mirror Work Anarkali Dress",68.73,Outerwear & Coats,['silk'],IN,0,1,https://www.etsy.com/listing/4557210452/ruby-red-embroidered-silk-gown-set,
Lined Jacket Sewing Pattern PDF: Peplum & Belt - Sizes 36-44,7.9,Outerwear & Coats,['Unknown'],GB,80,706,https://www.etsy.com/listing/4308585134/lined-jacket-sewing-pattern-pdf-peplum,
"Indian Designer Red Sharara Suit Salwar Kameez with Dupatta 3pc Set Readymade , Punjabi Wedding Dress ,Sharara for Women,Pakistani Suit,Red",61.832,Outerwear & Coats,['Unknown'],IN,153,18395,https://www.etsy.com/listing/4479311802/indian-designer-red-sharara-suit-salwar,
"Premium White Anarkali Designer 3 pc Embroidered with Sequence Work Gown With Dupatta,Full flared Gown, Women Dresses,Anarkali Gown, Georget",67.072,Outerwear & Coats,['Unknown'],IN,36,3395,https://www.etsy.com/listing/4532656561/premium-white-anarkali-designer-3-pc,
Zeta Phi Beta Blazer,80.0,Outerwear & Coats,['Unknown'],US,136,3132,https://www.etsy.com/listing/4462850647/zeta-phi-beta-blazer,
Elegant White Pakistani Fox georgette Suit Set | Embroidered Kurta Sharara with Floral Dupatta | Ethnic Wedding & Eid Wear,59.99,Outerwear & Coats,['Unknown'],IN,39,1804,https://www.etsy.com/listing/4526564514/elegant-white-pakistani-fox-georgette,
Sage Green Women&#39;s 3-Piece Pant Suit | Custom Tailored Tuxedo | Bridesmaid Suits,200.43,Outerwear & Coats,['Unknown'],IN,501,16964,https://www.etsy.com/listing/4336961624/women-sage-green-color-3-piece-pant-suit,
Pakistani Embroidered Lawn Suit | Rayon 3 Piece Salwar Kameez Set with Black Dupatta | Indian Kurta Palazzo Outfit for Women,19.2,Outerwear & Coats,['rayon'],IN,2,280,https://www.etsy.com/listing/4529670162/pakistani-embroidered-lawn-suit-rayon-3,
Cotton Kurta Set with Farshi Pant & Dupatta | Festive Ethnic Wear for Women,39.81352,Outerwear & Coats,['cotton'],IN,7,449,https://www.etsy.com/listing/4532844161/cotton-kurta-set-with-farshi-pant,
"Boho Halter Top Wide Leg Pants Set, Blue Chiffon Co-Ord, Summer Resort Outfit",80.0,Outerwear & Coats,['chiffon'],US,3,180,https://www.etsy.com/listing/4527365128/boho-halter-top-wide-leg-pants-set-blue,
"Pastel Mint Blue Embroidery Sharara Suit, Designer Kurta Set, Heavy Work Dupatta, Traditional Indian Ethnic Wear, Eid & Festive Outfit",69.10512,Outerwear & Coats,['Unknown'],IN,11,323,https://www.etsy.com/listing/4552797413/pastel-mint-blue-embroidery-sharara-suit,
Blue Paisley Cotton Kurta Set with Palazzo Pants and Dupatta,50.1,Outerwear & Coats,['cotton'],IN,32,3216,https://www.etsy.com/listing/4522462738/blue-paisley-cotton-kurta-set-with,
"Girls Embroidered Silk Palazzo Set with Dupatta, Wedding & Party Wear Outfit",80.0,Outerwear & Coats,['silk'],IN,27,1686,https://www.etsy.com/listing/4513108159/girls-embroidered-silk-palazzo-set-with,
"Silk Kurta With Designer Dupatta Set, Indian Salwar Kameez Ready to Wear, Fully Stitched Women Wear Salwar Suit, 2 Piece Combo Set",67.072,Outerwear & Coats,['silk'],IN,17,811,https://www.etsy.com/listing/4442220282/silk-kurta-palazzo-with-designer-dupatta,
Linen Cotton Lounge Set Women Two Piece Outfit Loose Casual Vacation Matching Coords Pants,76.0,Outerwear & Coats,['cotton'],US,23,263,https://www.etsy.com/listing/4540742805/linen-cotton-lounge-set-women-two-piece,
NCNW National Council of Negro Women Business Blazer Embroidered Purple With Greek Letters &  Custom Buttons Gifts,89.0,Outerwear & Coats,['Unknown'],PK,6,135,https://www.etsy.com/listing/4546728821/ncnw-national-council-of-negro-women,
Handcrafted Chikankari Palazzo Set: Dobby Cotton Indian Outfit,44.016,Outerwear & Coats,['cotton'],IN,156,6729,https://www.etsy.com/listing/1863263100/handcrafted-chikankari-palazzo-set-dobby,
Embroidered Silk Blend Kurta Set | Indian Festive Wear,83.99,Outerwear & Coats,['silk'],IN,88,5202,https://www.etsy.com/listing/4393943848/embroidered-silk-blend-kurta-set-indian,
"Grey Embroidered Chiffon Salwar Kameez, Gold Threadwork, Scalloped Dupatta (3-Piece Suit)",99.99,Outerwear & Coats,['chiffon'],US,1,39,https://www.etsy.com/listing/4555740085/dark-green-embroidered-3-piece-suit,
Dark Brown Suede Leather Blazer Women Vintage Suede Jacket Button Down Shirt Classic Overcoat Western Shacket Lightweight Coat Gift Her,260.0,Outerwear & Coats,['leather'],US,42,930,https://www.etsy.com/listing/4536987919/dark-brown-suede-leather-blazer-women,
Embroidered Silk Farshi Shalwar Suit with Organza Dupatta - 3 Piece - Rust Orange,79.0,Outerwear & Coats,['silk'],US,68,6645,https://www.etsy.com/listing/4460229235/embroidered-silk-farshi-shalwar-suit,
"Navy Blue Cotton Kurta Set for Women with Dupatta, Printed Ethnic Suit, Sleeveless Indian Kurti Palazzo Set, Festive Wear Outfit",50.0,Outerwear & Coats,['cotton'],IN,60,2418,https://www.etsy.com/listing/4493869435/navy-blue-cotton-kurta-set-for-women,
"Pakistani Green Designer Salwar Kameez Readymade Suit,Heavy Palazzo suit for women, long kurta set,Kurta Palazzo & Designer Dupatta 3PC",67.072,Outerwear & Coats,['Unknown'],IN,7,498,https://www.etsy.com/listing/4524772074/pakistani-green-designer-salwar-kameez,
Grey Palazzo Sleeveless Short Kurti Set: Embroidered Pakistani Salwar Suit Dupatta Party Wear,57.75528,Outerwear & Coats,['Unknown'],IN,129,5222,https://www.etsy.com/listing/4494861482/grey-palazzo-sleeveless-short-kurti-set,
"Hot Red Velvet Women&#39;s Suit, Tailored Blazer, Bootcut Pants Set",349.0,Outerwear & Coats,['velvet'],IN,0,0,https://www.etsy.com/listing/4557287657/hot-red-velvet-womens-suit-tailored,
"Embroidered Silk Sharara Set, Coral Peach & Sage Green Indian Party Wear",70.21,Outerwear & Coats,['silk'],IN,0,0,https://www.etsy.com/listing/4557207386/embroidered-silk-sharara-set-coral-peach,
Green Printed Chaniya Choli Muslin Cotton Lehenga Mirror Embroidered Festival Dress Dandiya Skirt Set Indian Ethnic Wear,52.38952,Outerwear & Coats,['cotton'],IN,6,246,https://www.etsy.com/listing/4551827940/green-printed-chaniya-choli-muslin,
"Kids Embroidered Silk Sharara Set with Dupatta, Designer Eid Outfit for Girls",90.0,Outerwear & Coats,['silk'],IN,1,715,https://www.etsy.com/listing/4515729985/kids-embroidered-silk-sharara-set-with,
"White Cotton Kurta Pant Set, A-Line Tunic, Boho Ethnic Summer Wear",50.12,Outerwear & Coats,['cotton'],IN,34,1861,https://www.etsy.com/listing/4515963060/white-cotton-kurta-pant-set-a-line-tunic,
Blue Embroidered Cotton Kurta Pant Set | 3 Piece Women&#39;s Suit | Indian Ethnic Wear,49.24552,Outerwear & Coats,['cotton'],IN,12,1243,https://www.etsy.com/listing/4533346693/blue-embroidered-cotton-kurta-pant-set-3,
"Red Cotton Anarkali Suit Set, Hand Block Print Kurti Dupatta",43.09,Outerwear & Coats,['cotton'],IN,49,3223,https://www.etsy.com/listing/4514100511/red-cotton-anarkali-suit-set-hand-block,
Chikankari Kurti Palazzo Set: Handcrafted Rayon 3-Piece with Chiffon Dupatta,42.967999999999996,Outerwear & Coats,['rayon'],IN,295,19522,https://www.etsy.com/listing/1856803776/chikankari-kurti-palazzo-set-handcrafted,
"Plus Size up to 5XL Salwar Suit For Women&#39;s, Pakistani Designer Salwar Kameez Readymade Suit, Kurta Palazzo & Designer Dupatta 3PC Stitched",67.072,Outerwear & Coats,['Unknown'],IN,248,17895,https://www.etsy.com/listing/4382631176/plus-size-up-to-5xl-salwar-suit-for,
"Blush Pink Embroidered Sharara Suit | Roman Silk Kurta Set, Chiffon Dupatta",49.24552,Outerwear & Coats,['silk'],IN,70,3472,https://www.etsy.com/listing/4531397157/blush-pink-embroidered-sharara-suit,
Viscose Silk Anarkali Palazzo Set | Thread & Sequin Work Dupatta | Designer Ethnic Suit for Women,62.879999999999995,Outerwear & Coats,['cotton'],IN,9,612,https://www.etsy.com/listing/4541961840/viscose-silk-anarkali-palazzo-set-thread,
"Black 3-Piece Women&#39;s Tuxedo Suit | Bridesmaid, Prom Women Formal Wear",201.34,Outerwear & Coats,['Unknown'],IN,509,14644,https://www.etsy.com/listing/4357979069/black-3-piece-womens-suit-women-tuxedo,
Indian Trendy Faux Georgette Salwar Kameez dupatta 3p Readymade Patiala Suit Panjabi Suit Wedding/party Wear Women Palazzo Kurta Readymade,20.2,Outerwear & Coats,['Unknown'],IN,19,831,https://www.etsy.com/listing/4475572135/indian-trendy-faux-georgette-salwar,
Vibrant Meadow&quot; White Cotton Anarkali Set with Multicolored Borders & Floral Embroidery,33.536,Outerwear & Coats,['cotton'],IN,27,2339,https://www.etsy.com/listing/4492788402/vibrant-meadow-white-cotton-anarkali-set,
"Premium Beautiful Yellow Heavy Embroidered Sequence work Salwar Kameez with Dupatta,Haldi outfit, Wedding Anarkali, Party wear Dress",69.16799999999999,Outerwear & Coats,['Unknown'],IN,39,3061,https://www.etsy.com/listing/4485392715/premium-beautiful-yellow-heavy,
"Ivory Farshi Salwar Suit for Women, Designer Party Wear Outfit",58.31,Outerwear & Coats,['satin'],IN,11,2269,https://www.etsy.com/listing/4514985841/ivory-farshi-salwar-suit-for-women,
Handmade Black Cotton Chanderi Printed Kurti With Square Neck Gift For Womens Summer Tunic,41.98,Outerwear & Coats,['cotton'],IN,64,5396,https://www.etsy.com/listing/4510535608/handmade-black-cotton-chanderi-printed,
"Designer Lavender Sharara Palazzo Suit For Women With Sequence Embroidery Work,Party Wear Suit ,Sharara Suit 3 Pc, Party Wear Suit",67.072,Outerwear & Coats,['Unknown'],IN,119,4212,https://www.etsy.com/listing/4466243686/designer-lavender-sharara-palazzo-suit,
"Short Kurti for Women Pure Cotton, Pink Orange Tie Dye Print Top, Lined Bust, Square Neck Long Sleeve Tunic, Plus Size XXS to 7XL",41.49,Outerwear & Coats,['cotton'],IN,27,851,https://www.etsy.com/listing/4536138713/short-kurti-for-women-pure-cotton-pink,
"Causal Chik Look Embroidery Work Festive Cotton Kurta Pant Set with Dupatta, wedding suit",109.99,Outerwear & Coats,['cotton'],IN,14,2108,https://www.etsy.com/listing/4516994300/causal-chik-look-embroidery-work-festive,
Rachel Comey black blazer size 8,100.0,Outerwear & Coats,['Unknown'],US,0,0,https://www.etsy.com/listing/4504512035/rachel-comey-black-blazer-size-8,
"Women&#39;s Designer Heavy Georgette Embroidered With Sequence Work Salwar kameez with Dupatta, Wedding Palazzo, PartyWear Dress, Ethnic Suit",55.0,Outerwear & Coats,['Unknown'],IN,407,25307,https://www.etsy.com/listing/4316024805/womens-designer-heavy-georgette,
"Embroidered Sequence Work Salwar Kameez, Pakistani Wedding Suit",282.0,Outerwear & Coats,['Unknown'],IN,345,26121,https://www.etsy.com/listing/4354101624/embroidered-sequence-work-salwar-kameez,
"Wide Leg Pant Set Women, Two Piece Resort Outfit, One Shoulder Top",70.33,Outerwear & Coats,['Unknown'],US,48,804,https://www.etsy.com/listing/4517475790/wide-leg-pant-set-women-two-piece-resort,
"Women&#39;s Taupe Skirt Suit, Made to Measure Mini Skirt Set, Sleeveless High Neckline And Fitted Peplum, Tailored Outfit",299.0,Outerwear & Coats,['Unknown'],US,0,0,https://www.etsy.com/listing/4556656297/womens-taupe-skirt-suit-made-to-measure,
"Pista Green Velvet Women&#39;s Suit, Tailored Blazer and Bootcut Pants Set",349.0,Outerwear & Coats,['velvet'],IN,0,0,https://www.etsy.com/listing/4557285719/pista-green-velvet-womens-suit-tailored,
Women&#39;s Cotton Kurta Set with Dupatta – Indian Ethnic Wear,168.82,Outerwear & Coats,['cotton'],IN,42,2768,https://www.etsy.com/listing/4521158504/womens-cotton-kurta-set-with-dupatta,
Handmade Chikankari Kurta Set: Dobby Cotton Kurti with Lycra Pants,37.728,Outerwear & Coats,['cotton'],IN,209,35219,https://www.etsy.com/listing/1852504857/handmade-chikankari-kurta-set-dobby,
"Women&#39;s Black Skirt Suit, Made to Measure Mini Skirt Set, High Keyhole Neckline and Fitted Peplum, Tailored Outfit",299.0,Outerwear & Coats,['Unknown'],US,0,0,https://www.etsy.com/listing/4556632693/womens-black-skirt-suit-made-to-measure,
"Premium White Flared Anarkali  Kurta Palazzo With Embroidered Dupatta Set, Salwar Kameez Readymade,Indian Bollywood Anarkali Kurta Set",66.024,Outerwear & Coats,['silk'],IN,20,1367,https://www.etsy.com/listing/4541024706/premium-white-flared-anarkali-kurta,
"Magenta Georgette Anarkali Gown with Sequins Embroidery Dupatta, Designer Wedding Party Wear Outfit for Women",85.41199999999999,Outerwear & Coats,['Unknown'],ID,10,354,https://www.etsy.com/listing/4519471944/magenta-georgette-anarkali-gown-with,
"Pakistani Designer Royal Blue Embroidered With Sequence Work Salwar kameez with Dupatta, Wedding Sharara, Party Wear Dress, Ethnic Suit Eid",58.0,Outerwear & Coats,['Unknown'],IN,123,6614,https://www.etsy.com/listing/4488972141/pakistani-designer-royal-blue,
Women&#39;s 3-Piece Sage Green Slim Fit Formal Suit with Matching Vest and Trousers,120.0,Outerwear & Coats,['Unknown'],IN,22,4304,https://www.etsy.com/listing/4504600513/womens-3-piece-sage-green-slim-fit,
Shipping for Customers,12.0,Outerwear & Coats,['Unknown'],UA,0,278,https://www.etsy.com/listing/1802816890/fast-shipping-for-customers,
Navratri Lehenga Choli Set Mirror Work Garba Outfit White Festival Lehenga Indian Wedding Dress Dandiya Ethnic Wear,50.29352,Outerwear & Coats,['Unknown'],IN,20,1111,https://www.etsy.com/listing/4543262605/navratri-lehenga-choli-set-mirror-work,
Yellow Floral Cotton Blend Kurta Palazzo Set | Sleeveless Summer Wear,34.583999999999996,Outerwear & Coats,['cotton'],IN,101,4540,https://www.etsy.com/listing/4525349983/yellow-floral-cotton-blend-kurta-palazzo,
Hand Block Print Kurta Set | Indian Rayon Salwar Kameez with Dupatta,63.928,Outerwear & Coats,['cotton'],IN,4,213,https://www.etsy.com/listing/4552041133/hand-block-print-kurta-set-indian-rayon,
"Plus Size Linen Blend Blazer, Loose Fit Vintage Style Jacket",56.32,Outerwear & Coats,['cotton'],US,0,185,https://www.etsy.com/listing/4530344813/plus-size-linen-blend-blazer-loose-fit,
Hand block print Kurta set with Dupatta/Stole|Indian Salwar Kameez|Indian cotton suit set for Women|white Jaipuri Print block print set of 3,60.0,Outerwear & Coats,['cotton'],IN,2,344,https://www.etsy.com/listing/4551543829/hand-block-print-kurta-set-with,
Mustard Yellow Chinnon Silk Lehenga Set with Embroidered Blouse and Shrug,59.99,Outerwear & Coats,['silk'],IN,54,13737,https://www.etsy.com/listing/4477367833/mustard-yellow-chinnon-silk-lehenga-set,
"White Designer Anarkali Gown Kurti Suit Set With Dupatta For Womens, Partywear Gown Suit, Readymade Flared Gown, Ethnic wear",69.16799999999999,Outerwear & Coats,['Unknown'],IN,5,351,https://www.etsy.com/listing/4547617477/white-designer-anarkali-gown-kurti-suit,
"Women&#39;s Cotton Kurta Pant Set, Minimalist Ethnic Co-ord, Mandarin Collar, 3/4 Sleeves",60.77352,Outerwear & Coats,['cotton'],IN,65,1859,https://www.etsy.com/listing/4504409281/womens-cotton-kurta-pant-set-minimalist,
"premium Golden Eid Special Sharara Suit, Sequence Embroidered Silk Palazzo, Dupatta, 3pc Wedding Outfit,Golden Sharara",66.024,Outerwear & Coats,['silk'],IN,46,3745,https://www.etsy.com/listing/4489208997/premium-golden-eid-special-sharara-suit,
"Designer Pista Green Anarkali Gown Suit, Fully flared Embroidered Dupatta, Pakistani Designer Dress",66.024,Outerwear & Coats,['Unknown'],IN,11,821,https://www.etsy.com/listing/4528057305/designer-pista-green-anarkali-gown-suit,
"Set of 3 Red Sanganeri Hand Block Print Tunic Trouser Set, Kurta with Pants Scarf, Ethnic Indian Summer Dress, Women Boho Two Piece Outfit",24.99,Outerwear & Coats,['cotton'],US,69,3707,https://www.etsy.com/listing/4503029877/set-of-3-red-sanganeri-hand-block-print,
Alpha Kappa Alpha Blazer,80.0,Outerwear & Coats,['Unknown'],US,245,6716,https://www.etsy.com/listing/4462849695/alpha-kappa-alpha-blazer,
"Blue Pakistani Designer Salwar Kameez Readymade, Indian Designer Dupatta Suit Kurta Palazzo Suit Set, Wedding Sharara Set Stitched 3Pc Combo",68.12,Outerwear & Coats,['Unknown'],IN,166,7640,https://www.etsy.com/listing/4388194079/blue-pakistani-designer-salwar-kameez,
Pink Pakistani Salwar Kameez for Women | Embroidered Kurta Sharara Dupatta Set | Indian Wedding Party Outfit | Ethnic Festive Wear,22.97,Outerwear & Coats,['Unknown'],IN,8,679,https://www.etsy.com/listing/4498173012/pink-pakistani-salwar-kameez-for-women,
Embroidered Chinnon Silk Sharara Set: Pakistani Wedding Outfit,54.0,Outerwear & Coats,['silk'],IN,139,10008,https://www.etsy.com/listing/4350520180/embroidered-chinnon-silk-sharara-set,
"Red Embroidered Sharara Suit Set, Chinon Silk Salwar Kameez with Dupatta, Pakistani Suit, Indian Wedding Guest Outfit, Partywear Suit, Ready",71.788,Outerwear & Coats,['silk'],IN,10,752,https://www.etsy.com/listing/4534724601/red-embroidered-sharara-suit-set-chinon,
"Pista Green Velvet Women&#39;s Suit, Luxury Blazer Wide Leg Trousers, Elegant Formal Evening Wear",399.0,Outerwear & Coats,['velvet'],IN,0,0,https://www.etsy.com/listing/4557300340/pista-green-velvet-womens-suit-luxury,
"Women&#39;s Black Skirt Suit, Made to Measure Midi Pencil Skirt Set, Pinstripes, Notched Lapel, and Flared Peplum, Tailored Outfit",299.0,Outerwear & Coats,['Unknown'],US,0,0,https://www.etsy.com/listing/4556215748/womens-black-skirt-suit-made-to-measure,
Floral Anarkali Suit Set | Indian Wedding Guest Party Ensemble (Ready to Wear),41.90952,Outerwear & Coats,['Unknown'],IN,70,2755,https://www.etsy.com/listing/4528372790/floral-anarkali-suit-set-indian-wedding,
Red Cotton Kurta Pant Set Hand Embroidered Indian Suit with Dupatta,50.44,Outerwear & Coats,['cotton'],IN,42,2185,https://www.etsy.com/listing/4440644613/red-cotton-kurta-pant-set-hand,
Hand block print Kurta set with Dupatta/Stole|Indian Salwar Kameez|Indian cotton suit set for Women|white Jaipuri Print block print set of 3,60.0,Outerwear & Coats,['cotton'],IN,93,6307,https://www.etsy.com/listing/4440463295/hand-block-print-kurta-set-with,
"Embroidered Silk Kurti Pant Dupatta Set, Floral Print Salwar Kameez",65.5,Outerwear & Coats,['cotton'],IN,16,761,https://www.etsy.com/listing/4538697517/embroidered-silk-kurti-pant-dupatta-set,
"Seagreen Frendy Silk Sharara Set - Ready to Wear Indian Ethnic Suit, Embroidered Kurti with Fancy Dori Back, Bell Bottom Pants & Dupatta Set",41.90952,Outerwear & Coats,['silk'],IN,121,4302,https://www.etsy.com/listing/4516524238/seagreen-frendy-silk-sharara-set-ready,
Plus and regular Size Dress Up to 10xl pure Muslin Embroidered Kurta Pent With Designer Dupatta Set Readymade 3p Salwar Suit for Her,20.96,Outerwear & Coats,['Unknown'],IN,7,688,https://www.etsy.com/listing/4475641633/plus-and-regular-size-dress-up-to-10xl,
"Designer Sky Blue Anarkali Gown, Indian Designer Anarkali Kurta Palazzo Dupatta, Embroidered Sequence Work Salwar Suit Wedding Festival Gown",68.64399999999999,Outerwear & Coats,['silk'],IN,117,5256,https://www.etsy.com/listing/4460407683/designer-sky-blue-anarkali-gown-indian,
"Pakistani Designer Pink Sharara Palazzo Suit for Women with Sequence Embroiderey Work, Partywear Suit, Party wear Suit top Sharara Suit 3Pc",51.0,Outerwear & Coats,['Unknown'],IN,22,1731,https://www.etsy.com/listing/4522953964/pakistani-designer-pink-sharara-palazzo,
"Premium Designer White Sharara Suit Salwar Kameez with Dupatta 3pc Set Readymade, Sharara for Women,Pakistani Suit Punjabi Wedding Dress",67.072,Outerwear & Coats,['silk'],IN,111,5124,https://www.etsy.com/listing/4460547587/premium-designer-white-sharara-suit,
Sharara Suit - Navy Blue Georgette Gold Sequins Embroidered |Wedding Party Indian Pakistani Designer,74.68,Outerwear & Coats,['silk'],IN,284,15394,https://www.etsy.com/listing/4428491269/sharara-suit-navy-blue-georgette-sequins,
"Beautiful Designer Anarkali Gown Kurti Suit Set With Dupatta For Womens, Partywear Ready To Wear Gown Suit, Ethnic Wear",69.16799999999999,Outerwear & Coats,['Unknown'],IN,114,9811,https://www.etsy.com/listing/4499351719/beautiful-designer-anarkali-gown-kurti,
"White Chikankari Anarkali Dress with Dupatta, Rayon chikankari anarkai set for women&#39;s,white heavy anarkali dress for women, partywear dress",63.5088,Outerwear & Coats,['rayon'],IN,26,1464,https://www.etsy.com/listing/4399796277/blooming-white-chikenkari-anarkali-dress,
Kerala Cotton Kurti: Cream & Gold Handloom Style Ethnic Wear,34.95,Outerwear & Coats,['cotton'],US,22,6339,https://www.etsy.com/listing/1864452619/kerala-cotton-kurti-cream-gold-handloom,
Cotton Linen Two Piece Set Women Boho Lounge Outfit Wide Leg Pants Summer Wear,74.0,Outerwear & Coats,['cotton'],US,57,840,https://www.etsy.com/listing/4545677024/cotton-linen-two-piece-set-women-boho,
"Women Sage Green 3 Piece Suit | Tailored Female Blazer Vest Trousers Set | Elegant Office Wedding Formalwear, Business Evening, Prom Events",79.0,Outerwear & Coats,['Unknown'],AE,15,361,https://www.etsy.com/listing/4498474277/women-sage-green-3-piece-suit-tailored,
"Ochre Yellow Cotton Kurta Set | Embroidered V Neck, Printed Dupatta, 3-Piece Ethnic Suit",27.99,Outerwear & Coats,['cotton'],IN,3,161,https://www.etsy.com/listing/4550830894/ochre-yellow-cotton-kurta-set-for-women,
"White Designer Salwar Kameez Suit Set With Dupatta For Womens, Readymade Partywear Dress, Embroidered Work, 3 piece suit",66.024,Outerwear & Coats,['Unknown'],IN,22,1261,https://www.etsy.com/listing/4530523426/white-designer-salwar-kameez-suit-set,
2024 Red Bull Go Kart Racing Suit CIK FIA level 2 approved kart suits,32.99,Outerwear & Coats,['Unknown'],US,0,229,https://www.etsy.com/listing/4505140282/2024-red-bull-go-kart-racing-suit-cik,
Black Cotton Kurta Set with Dupatta | Hand Embroidered Indian Festive Wear,73.36,Outerwear & Coats,['cotton'],IN,18,715,https://www.etsy.com/listing/4508460395/black-cotton-kurta-set-with-dupatta-hand,
Handcrafted Rayon 3 Pieces Kurti Palazzo Dupatta Set | Mukaish Chikankari Embroidery,41.92,Outerwear & Coats,['rayon'],IN,234,10892,https://www.etsy.com/listing/4453084552/handcrafted-rayon-3-pieces-kurti-palazzo,
Maroon Floral Cotton Short Kurti | Square Neck Bell Sleeve Boho Tunic,44.00552,Outerwear & Coats,['cotton'],IN,1,53,https://www.etsy.com/listing/4538773889/maroon-floral-cotton-short-kurti-square,
"Burgundy 3 Piece Pant Suit – Women&#39;s Blazer, Vest, & Trousers",201.45,Outerwear & Coats,['Unknown'],IN,175,7986,https://www.etsy.com/listing/4343728641/burgundy-women-3-piece-palazzo-pant,
"Pista Green Velvet Double Breasted Suit, Tailored Pants, Luxury Formal Wear",349.0,Outerwear & Coats,['velvet'],IN,0,0,https://www.etsy.com/listing/4557297752/pista-green-velvet-womens-suit-double,
"Women&#39;s Brown Skirt Suit, Made to Measure Maxi Skirt Set, Notched Lapel And Sculpted Peplum, Tailored Outfit",299.0,Outerwear & Coats,['Unknown'],US,0,0,https://www.etsy.com/listing/4556683715/womens-brown-skirt-suit-made-to-measure,
Hand block print Kurta set with Dupatta/Stole|Indian Salwar Kameez|Indian cotton suit set for Women|white Jaipuri Print block print set of 3,61.0,Outerwear & Coats,['cotton'],IN,56,3405,https://www.etsy.com/listing/4460314606/hand-block-print-kurta-set-with,
Pink Embroidered Faux Georgette Layered Gown Set | Indian Wedding Dress with Lehenga & Dupatta | Reception Sangeet and Bridesmaid Outfit,47.149519999999995,Outerwear & Coats,['Unknown'],IN,4,127,https://www.etsy.com/listing/4544542436/pink-embroidered-faux-georgette-layered,
"Embroidered Cotton Kurti Pant Dupatta Set, Floral Print Salwar Kameez",64.976,Outerwear & Coats,['cotton'],IN,20,924,https://www.etsy.com/listing/4535632194/embroidered-cotton-kurti-pant-dupatta,
Luxury Beige Stitched Suit Set | Floral Embroidered Kurta Pant Dupatta Indian Weddingwear Dress for Women Salwar kameez Pakistani partywear,19.98,Outerwear & Coats,['Unknown'],IN,52,7553,https://www.etsy.com/listing/4498556077/luxury-beige-stitched-suit-set-floral,
"Embroidered Cotton Anarkali Kurta Set with Dupatta, Festive Indian Wedding Outfit",50.22,Outerwear & Coats,['cotton'],IN,61,2944,https://www.etsy.com/listing/4497723038/embroidered-cotton-anarkali-kurta-set,
"Plus Size Two Piece Pants Set for Women, Elegant Satin Outfit, Wide Leg Pantsuit, Party & Evening Wear",12.0,Outerwear & Coats,['polyester'],UA,9,607,https://www.etsy.com/listing/4446919762/plus-size-two-piece-pants-set-for-women,
"Short Kurti Cotton Tunic Top | White Olive Botanical Vine Print | V-Neck, Cut-Out Sleeve Detail, XXS-7XL(Pure Cotton Not rayon )",44.99,Outerwear & Coats,['cotton'],IN,2,348,https://www.etsy.com/listing/4539865027/short-kurti-cotton-tunic-top-white-olive,
Floral Hand Block Printed Cotton Kurta Pant With Dupatta Set | Salwar Kameez Suits,75.0,Outerwear & Coats,['cotton'],IN,231,18223,https://www.etsy.com/listing/4383872300/handblock-print-cotton-kurti-pant,
Women&#39;s Cotton Kurta Palazzo Set | Embroidered Ethnic Co Ord Set | A-line Kurta with Pockets,46.10152,Outerwear & Coats,['cotton'],IN,9,188,https://www.etsy.com/listing/4540090916/womens-cotton-kurta-palazzo-set,
Handmade Chikankari Kurta Set: Dobby Cotton Kurti with Lycra Pants,37.728,Outerwear & Coats,['cotton'],IN,249,22567,https://www.etsy.com/listing/1853558021/handmade-chikankari-kurta-set-dobby,
"Fully Stitched Kurta Palazzo With Embroidered Dupatta Set, Indian Bollywood Anarkali Kurta Set, 3 Piece Combo Set, Salwar Kameez Readymade",136.22952,Outerwear & Coats,['silk'],IN,72,3144,https://www.etsy.com/listing/4419436884/fully-stitched-kurta-palazzo-with,
"Premium Green Anarkali Designer 3 pc Embroidered with Sequence Work Gown With Dupatta, Full flared Gown, Women Dresses,Anarkali Gown, George",66.024,Outerwear & Coats,['Unknown'],IN,22,2005,https://www.etsy.com/listing/4520956706/premium-green-anarkali-designer-3-pc,
"Women&#39;s Gray Pantsuit, Made to Measure Wide Leg Pants Set, Double-Breasted Blazer And Notched Lapel, Tailored Outfit",299.0,Outerwear & Coats,['Unknown'],US,0,0,https://www.etsy.com/listing/4556711759/womens-gray-pantsuit-made-to-measure,
"Women&#39;s Dark Brown Pantsuit, Made to Measure Wide Leg Pants Set, Asymmetric Portrait Neckline and Sculpted Blazer, Tailored Outfit",299.0,Outerwear & Coats,['Unknown'],US,0,0,https://www.etsy.com/listing/4556247642/womens-dark-brown-pantsuit-made-to,
"Women&#39;s Gray Skirt Suit, Made to Measure Midi Pencil Skirt Set, Notched Lapel And Fitted Peplum, Tailored Outfit",299.0,Outerwear & Coats,['Unknown'],US,0,0,https://www.etsy.com/listing/4556725785/womens-gray-skirt-suit-made-to-measure,
"Women&#39;s Navy Blue Skirt Suit, Made to Measure Mini Skirt Set, High Neckline And Layered Peplum, Tailored Outfit",299.0,Outerwear & Coats,['Unknown'],US,0,0,https://www.etsy.com/listing/4556765534/womens-navy-blue-skirt-suit-made-to,
"Women&#39;s Brown Skirt Suit, Made to Measure Maxi Skirt Set, Ruffled Peplum And Textured Skirt, Tailored Business Outfit",299.0,Outerwear & Coats,['Unknown'],US,0,0,https://www.etsy.com/listing/4556129317/womens-brown-skirt-suit-made-to-measure,
"Women&#39;s Taupe Pantsuit, Made to Measure Wide Leg Pants Set, Round Neckline, Asymmetric Peplum, and Draped Panel, Tailored Outfit",299.0,Outerwear & Coats,['Unknown'],US,0,0,https://www.etsy.com/listing/4556252452/womens-taupe-pantsuit-made-to-measure,
"Women&#39;s Gray Skirt Suit, Made to Measure Mini Pleated Skirt Set, Round Neckline and Floral Shoulder Brooch, Tailored Outfit",299.0,Outerwear & Coats,['Unknown'],US,0,0,https://www.etsy.com/listing/4556218476/womens-gray-skirt-suit-made-to-measure,
"Women&#39;s Charcoal Gray Skirt Suit, Made to Measure Midi Skirt Set, Notched Lapel And Pleated Skirt, Tailored Business Outfit",299.0,Outerwear & Coats,['Unknown'],US,0,0,https://www.etsy.com/listing/4556174530/womens-charcoal-gray-skirt-suit-made-to,
"Women&#39;s Black Skirt Suit, Made to Measure Mini Skirt Set, Sleeveless Strong Shoulders and High Keyhole Neckline, Tailored Outfit",299.0,Outerwear & Coats,['Unknown'],US,0,0,https://www.etsy.com/listing/4556227557/womens-black-skirt-suit-made-to-measure,
"Women&#39;s Black Skirt Suit, Made to Measure Maxi Skirt Set, Notched Lapel And Fitted Peplum, Tailored Outfit",299.0,Outerwear & Coats,['Unknown'],US,0,2,https://www.etsy.com/listing/4556684807/womens-black-skirt-suit-made-to-measure,
"Women&#39;s Black Pantsuit, Made to Measure Wide Leg Pants Set, Classic Lapel And Elongated Jacket, Tailored Business Outfit",299.0,Outerwear & Coats,['Unknown'],US,0,0,https://www.etsy.com/listing/4556109745/womens-black-pantsuit-made-to-measure,
"Women&#39;s Navy Blue Skirt Suit, Made to Measure Midi Pleated Skirt Set, Asymmetric Collar And Fitted Blazer, Tailored Outfit",299.0,Outerwear & Coats,['Unknown'],US,0,0,https://www.etsy.com/listing/4556714357/womens-navy-blue-skirt-suit-made-to,
"Women&#39;s Charcoal Gray Skirt Suit, Made to Measure Mini Skirt Set, Notched Lapel And Belted Waist, Tailored Outfit",299.0,Outerwear & Coats,['Unknown'],US,0,0,https://www.etsy.com/listing/4556767076/womens-charcoal-gray-skirt-suit-made-to,
"Women&#39;s Gray Skirt Suit, Made to Measure Maxi Pencil Skirt Set, Mandarin Collar And Sculpted Waist, Tailored Outfit",299.0,Outerwear & Coats,['Unknown'],US,0,0,https://www.etsy.com/listing/4556706747/womens-gray-skirt-suit-made-to-measure,
"Women&#39;s Navy Blue Skirt Suit, Made to Measure Mini Pleated Skirt Set, Sleeveless Lapel Waistcoat, Tailored Outfit",299.0,Outerwear & Coats,['Unknown'],US,0,0,https://www.etsy.com/listing/4556657015/womens-navy-blue-skirt-suit-made-to,
"Women&#39;s Taupe Skirt Suit, Made to Measure Mini Skirt Set, Notched Lapel And Fitted Blazer, Tailored Outfit",299.0,Outerwear & Coats,['Unknown'],US,0,0,https://www.etsy.com/listing/4556748021/womens-taupe-skirt-suit-made-to-measure,
"Women&#39;s Taupe Pantsuit, Made to Measure Wide Leg Pants Set, Notched Lapel And Tied Waist, Tailored Outfit",299.0,Outerwear & Coats,['Unknown'],US,0,0,https://www.etsy.com/listing/4556709245/womens-taupe-pantsuit-made-to-measure,
"Women&#39;s Charcoal Gray Skirt Suit, Made to Measure Mini A-Line Skirt Set, Classic Lapel and Relaxed Blazer, Tailored Outfit",299.0,Outerwear & Coats,['Unknown'],US,0,0,https://www.etsy.com/listing/4556240852/womens-charcoal-gray-skirt-suit-made-to,
"Women&#39;s Black Skirt Suit, Made to Measure Mini Pleated Skirt Set, Mandarin Collar and Sculpted Peplum, Tailored Outfit",299.0,Outerwear & Coats,['Unknown'],US,0,0,https://www.etsy.com/listing/4556193007/womens-black-skirt-suit-made-to-measure,
"Women&#39;s Black Skirt Suit, Made to Measure Mini Skirt Set, Mandarin Collar And Covered Buttons, Tailored Outfit",299.0,Outerwear & Coats,['Unknown'],US,0,0,https://www.etsy.com/listing/4556663876/womens-black-skirt-suit-made-to-measure,
"Women&#39;s Charcoal Gray Skirt Suit, Made to Measure Midi Mermaid Skirt Set, Sleeveless Lapel Waistcoat, Tailored Outfit",299.0,Outerwear & Coats,['Unknown'],US,0,0,https://www.etsy.com/listing/4556744211/womens-charcoal-gray-skirt-suit-made-to,
"Women&#39;s Beige Skirt Suit, Made to Measure Mini Skirt Set, Sleeveless Deep V Waistcoat, Tailored Outfit",299.0,Outerwear & Coats,['Unknown'],US,0,0,https://www.etsy.com/listing/4556645758/womens-beige-skirt-suit-made-to-measure,
"Women&#39;s Gray Skirt Suit, Made to Measure Mini Skirt Set, Mandarin Collar, Covered Buttons, and Flared Peplum, Tailored Outfit",299.0,Outerwear & Coats,['Unknown'],US,0,0,https://www.etsy.com/listing/4556197339/womens-gray-skirt-suit-made-to-measure,
"Women&#39;s Light Gray Skirt Suit, Made to Measure Mini Skirt Set, Deep V Neckline And Tailored Blazer, Tailored Outfit",299.0,Outerwear & Coats,['Unknown'],US,0,0,https://www.etsy.com/listing/4556756824/womens-light-gray-skirt-suit-made-to,
"Women&#39;s Charcoal Gray Skirt Suit, Made to Measure Mini A-Line Skirt Set, Asymmetric High Neckline and Flared Silhouette, Tailored Outfit",299.0,Outerwear & Coats,['Unknown'],US,0,0,https://www.etsy.com/listing/4556222064/womens-charcoal-gray-skirt-suit-made-to,
"Women&#39;s Slate Blue Skirt Suit, Made to Measure Mini Skirt Set, Notched Lapel And Fitted Peplum, Tailored Outfit",299.0,Outerwear & Coats,['Unknown'],US,0,0,https://www.etsy.com/listing/4556753830/womens-slate-blue-skirt-suit-made-to,
"Women&#39;s Light Blue Skirt Suit, Made to Measure Midi Skirt Set, Asymmetric Neckline And Shaped Waist, Tailored Business Outfit",299.0,Outerwear & Coats,['Unknown'],US,0,0,https://www.etsy.com/listing/4556109176/womens-light-blue-skirt-suit-made-to,
"Women&#39;s Light Blue Skirt Suit, Made to Measure Midi Skirt Set, Deep V Neckline And Flared Skirt, Tailored Business Outfit",299.0,Outerwear & Coats,['Unknown'],US,0,0,https://www.etsy.com/listing/4556140228/womens-light-blue-skirt-suit-made-to,
"Women&#39;s Olive Brown Skirt Suit, Made to Measure Mini Pleated Skirt Set, Sleeveless Mandarin Collar and Fitted Peplum, Tailored Outfit",299.0,Outerwear & Coats,['Unknown'],US,0,0,https://www.etsy.com/listing/4556196537/womens-olive-brown-skirt-suit-made-to,
"Women&#39;s Black Pantsuit, Made to Measure Wide Leg Pants Set, High Neckline And Asymmetric Hem, Tailored Business Outfit",299.0,Outerwear & Coats,['Unknown'],US,0,0,https://www.etsy.com/listing/4556110787/womens-black-pantsuit-made-to-measure,
"Women&#39;s Burgundy Pantsuit, Made to Measure Wide Leg Pants Set, Mandarin Collar And Cape Sleeves, Tailored Outfit",299.0,Outerwear & Coats,['Unknown'],US,0,0,https://www.etsy.com/listing/4556714312/womens-burgundy-pantsuit-made-to-measure,
"Women&#39;s Black Skirt Suit, Made to Measure Midi Pencil Skirt Set, Round Neckline And Belted Peplum, Tailored Outfit",299.0,Outerwear & Coats,['Unknown'],US,0,0,https://www.etsy.com/listing/4556703612/womens-black-skirt-suit-made-to-measure,
"Women&#39;s White Skirt Suit, Made to Measure Maxi Skirt Set, Mandarin Collar And Covered Buttons, Tailored Business Outfit",299.0,Outerwear & Coats,['Unknown'],US,0,0,https://www.etsy.com/listing/4556094867/womens-white-skirt-suit-made-to-measure,
"Women&#39;s Black Skirt Suit, Made to Measure Maxi Slit Skirt Set, High Neckline and Structured Shoulders, Tailored Outfit",299.0,Outerwear & Coats,['Unknown'],US,0,0,https://www.etsy.com/listing/4556233931/womens-black-skirt-suit-made-to-measure,
"Women&#39;s Black Pantsuit, Made to Measure Wide Leg Pants Set, Mandarin Collar And Asymmetric Blazer, Tailored Outfit",299.0,Outerwear & Coats,['Unknown'],US,0,0,https://www.etsy.com/listing/4556694597/womens-black-pantsuit-made-to-measure,
"Women&#39;s Black Pantsuit, Made to Measure Wide Leg Pants Set, Notched Lapel And Sculpted Waist, Tailored Outfit",299.0,Outerwear & Coats,['Unknown'],US,0,0,https://www.etsy.com/listing/4556727894/womens-black-pantsuit-made-to-measure,
"Women&#39;s Charcoal Gray Pantsuit, Made to Measure Wide Leg Pants Set, Notched Lapel And Relaxed Tailoring, Tailored Outfit",299.0,Outerwear & Coats,['Unknown'],US,0,0,https://www.etsy.com/listing/4556697637/womens-charcoal-gray-pantsuit-made-to,
"Women&#39;s Black Pantsuit, Made to Measure Wide Leg Pants Set, High Neckline And Dramatic Side Drape, Tailored Outfit",299.0,Outerwear & Coats,['Unknown'],US,0,0,https://www.etsy.com/listing/4556690347/womens-black-pantsuit-made-to-measure,
"Women&#39;s Brown Skirt Suit, Made to Measure Midi Skirt Set, Mandarin Collar And Front-Slit Skirt, Tailored Business Outfit",299.0,Outerwear & Coats,['Unknown'],US,0,0,https://www.etsy.com/listing/4556164950/womens-brown-skirt-suit-made-to-measure,
"Women&#39;s Gray Skirt Suit, Made to Measure Midi Pencil Skirt Set, High Keyhole Neckline and Fitted Peplum, Tailored Outfit",299.0,Outerwear & Coats,['Unknown'],US,0,0,https://www.etsy.com/listing/4556224043/womens-gray-skirt-suit-made-to-measure,
"Women&#39;s Charcoal Gray Skirt Suit, Made to Measure Mini Skirt Set, Mandarin Collar, Covered Buttons, and Fitted Peplum, Tailored Outfit",299.0,Outerwear & Coats,['Unknown'],US,0,0,https://www.etsy.com/listing/4556237939/womens-charcoal-gray-skirt-suit-made-to,
"Women&#39;s Navy Blue Skirt Suit, Made to Measure Mini Skirt Set, Sleeveless High Neckline And Fitted Peplum, Tailored Outfit",299.0,Outerwear & Coats,['Unknown'],US,0,0,https://www.etsy.com/listing/4556747219/womens-navy-blue-skirt-suit-made-to,
"Women&#39;s Black Skirt Suit, Made to Measure Midi Slit Skirt Set, Notched Lapel And Fitted Blazer, Tailored Outfit",299.0,Outerwear & Coats,['Unknown'],US,0,0,https://www.etsy.com/listing/4556710521/womens-black-skirt-suit-made-to-measure,
"Women&#39;s Brown Skirt Suit, Made to Measure Maxi Skirt Set, Notched Lapel And Fitted Waist, Tailored Outfit",299.0,Outerwear & Coats,['Unknown'],US,0,0,https://www.etsy.com/listing/4556644103/womens-brown-skirt-suit-made-to-measure,
Wom,299.0,Outerwear & Coats,['Unknown'],US,0,0,https://www.etsy.com/listing/4556742148/wom,
"Women&#39;s Black Skirt Suit, Made to Measure Midi Skirt Set, Wide Portrait Collar And Midi Skirt, Tailored Business Outfit",299.0,Outerwear & Coats,['Unknown'],US,0,1,https://www.etsy.com/listing/4556142608/womens-black-skirt-suit-made-to-measure,
"Women&#39;s Navy Blue Skirt Suit, Made to Measure Mini Skirt Set, Asymmetric High Collar and Diagonal Jacket, Tailored Outfit",299.0,Outerwear & Coats,['Unknown'],US,0,0,https://www.etsy.com/listing/4556629297/womens-navy-blue-skirt-suit-made-to,
"Women&#39;s Gray Skirt Suit, Made to Measure Mini Draped Skirt Set, Round Neckline And Asymmetric Peplum, Tailored Outfit",299.0,Outerwear & Coats,['Unknown'],US,0,0,https://www.etsy.com/listing/4556748761/womens-gray-skirt-suit-made-to-measure,
"Women&#39;s Navy Blue Skirt Suit, Made to Measure Midi Pencil Skirt Set, Mandarin Collar And Fitted Peplum, Tailored Outfit",299.0,Outerwear & Coats,['Unknown'],US,0,0,https://www.etsy.com/listing/4556663645/womens-navy-blue-skirt-suit-made-to,
"Women&#39;s Black Skirt Suit, Made to Measure Midi Pencil Skirt Set, Notched Lapel And Structured Shoulders, Tailored Outfit",299.0,Outerwear & Coats,['Unknown'],US,0,0,https://www.etsy.com/listing/4556729844/womens-black-skirt-suit-made-to-measure,
"Women&#39;s Navy Blue Skirt Suit, Made to Measure Mini Skirt Set, Pinstripes And Structured Shoulders, Tailored Outfit",299.0,Outerwear & Coats,['Unknown'],US,0,0,https://www.etsy.com/listing/4556668149/womens-navy-blue-skirt-suit-made-to,
"Women&#39;s Taupe Skirt Suit, Made to Measure Mini Skirt Set, Sleeveless Mandarin Collar And Flared Peplum, Tailored Outfit",299.0,Outerwear & Coats,['Unknown'],US,0,0,https://www.etsy.com/listing/4556669664/womens-taupe-skirt-suit-made-to-measure,
"Women&#39;s Charcoal Gray Skirt Suit, Made to Measure Midi Pencil Skirt Set, Round Neckline And Sculpted Waist, Tailored Outfit",299.0,Outerwear & Coats,['Unknown'],US,0,0,https://www.etsy.com/listing/4556696367/womens-charcoal-gray-skirt-suit-made-to,
"Women&#39;s Navy Blue Pantsuit, Made to Measure Straight Leg Pants Set, Double-Breasted Blazer And Tailored Trousers, Tailored Business Outfit",299.0,Outerwear & Coats,['Unknown'],US,0,0,https://www.etsy.com/listing/4556119552/womens-navy-blue-pantsuit-made-to,
"Women&#39;s Black Pantsuit, Made to Measure Wide Leg Pants Set, Mandarin Collar And Flared Peplum, Tailored Outfit",299.0,Outerwear & Coats,['Unknown'],US,0,0,https://www.etsy.com/listing/4556708862/womens-black-pantsuit-made-to-measure,
"Women&#39;s Charcoal Gray Pantsuit, Made to Measure Wide Leg Pants Set, Double-Breasted Blazer And Wide Trousers, Tailored Business Outfit",299.0,Outerwear & Coats,['Unknown'],US,0,0,https://www.etsy.com/listing/4556165025/womens-charcoal-gray-pantsuit-made-to,
"Women&#39;s Black Skirt Suit, Made to Measure Maxi Skirt Set, Strong Shoulders And Flared Hem, Tailored Business Outfit",299.0,Outerwear & Coats,['Unknown'],US,0,0,https://www.etsy.com/listing/4556110912/womens-black-skirt-suit-made-to-measure,
"Women&#39;s Navy Blue Skirt Suit, Made to Measure Mini Skirt Set, Collarless Jacket And Asymmetric Hem, Tailored Outfit",299.0,Outerwear & Coats,['Unknown'],US,0,0,https://www.etsy.com/listing/4556676806/womens-navy-blue-skirt-suit-made-to,
"Women&#39;s Gray Skirt Suit, Made to Measure Mini Pleated Skirt Set, Notched Lapel and Wrap Waist, Tailored Outfit",299.0,Outerwear & Coats,['Unknown'],US,0,0,https://www.etsy.com/listing/4556631857/womens-gray-skirt-suit-made-to-measure,
"Women&#39;s Taupe Skirt Suit, Made to Measure Mini Skirt Set, Sleeveless Mandarin Collar and Asymmetric Peplum, Tailored Outfit",299.0,Outerwear & Coats,['Unknown'],US,0,0,https://www.etsy.com/listing/4556240483/womens-taupe-skirt-suit-made-to-measure,
"Women&#39;s Black Skirt Suit, Made to Measure Midi Skirt Set, Deep V Neckline And Gathered Peplum, Tailored Business Outfit",299.0,Outerwear & Coats,['Unknown'],US,0,0,https://www.etsy.com/listing/4556155223/womens-black-skirt-suit-made-to-measure,
"Women&#39;s Navy Blue Skirt Suit, Made to Measure Mini Skirt Set, Long Sleeves and High Keyhole Neckline, Tailored Outfit",299.0,Outerwear & Coats,['Unknown'],US,0,0,https://www.etsy.com/listing/4556255320/womens-navy-blue-skirt-suit-made-to,
"Women&#39;s Gray Skirt Suit, Made to Measure Maxi Pencil Skirt Set, Sleeveless Lapel Waistcoat, Tailored Outfit",299.0,Outerwear & Coats,['Unknown'],US,0,0,https://www.etsy.com/listing/4556681070/womens-gray-skirt-suit-made-to-measure,
"Women&#39;s Navy Blue Skirt Suit, Made to Measure Mini Skirt Set, Notched Lapel And Fitted Waist, Tailored Outfit",299.0,Outerwear & Coats,['Unknown'],US,0,0,https://www.etsy.com/listing/4556755816/womens-navy-blue-skirt-suit-made-to,
"Women&#39;s Gray Skirt Suit, Made to Measure Mini Skirt Set, Round Collar, Covered Buttons, and Asymmetric Blazer Hem, Tailored Outfit",299.0,Outerwear & Coats,['Unknown'],US,0,0,https://www.etsy.com/listing/4556199973/womens-gray-skirt-suit-made-to-measure,
"Women&#39;s Gray Skirt Suit, Made to Measure Midi Pencil Skirt Set, Notched Lapel And Fitted Peplum, Tailored Outfit",299.0,Outerwear & Coats,['Unknown'],US,0,0,https://www.etsy.com/listing/4556730492/womens-gray-skirt-suit-made-to-measure,
"Women&#39;s Black Skirt Suit, Made to Measure Midi Pencil Skirt Set, Mandarin Collar And Pinstripes, Tailored Outfit",299.0,Outerwear & Coats,['Unknown'],US,0,0,https://www.etsy.com/listing/4556717382/womens-black-skirt-suit-made-to-measure,
"Women&#39;s Gray Skirt Suit, Made to Measure Mini Pleated Skirt Set, Notched Lapel And Layered Hem, Tailored Outfit",299.0,Outerwear & Coats,['Unknown'],US,0,0,https://www.etsy.com/listing/4556650219/womens-gray-skirt-suit-made-to-measure,
"Women&#39;s Black Pantsuit, Made to Measure Tapered Pants Set, Notched Lapel And Tapered Trousers, Tailored Business Outfit",299.0,Outerwear & Coats,['Unknown'],US,0,0,https://www.etsy.com/listing/4556143412/womens-black-pantsuit-made-to-measure,
"Women&#39;s Taupe Skirt Suit, Made to Measure Midi Mermaid Skirt Set, Notched Lapel And Sculpted Waist, Tailored Outfit",299.0,Outerwear & Coats,['Unknown'],US,0,0,https://www.etsy.com/listing/4556731102/womens-taupe-skirt-suit-made-to-measure,
"Women&#39;s Navy Blue Skirt Suit, Made to Measure Mini Skirt Set, Round Neckline And Tailored Waist, Tailored Outfit",299.0,Outerwear & Coats,['Unknown'],US,0,0,https://www.etsy.com/listing/4556667516/womens-navy-blue-skirt-suit-made-to,
"Women&#39;s Navy Blue Skirt Suit, Made to Measure Midi Mermaid Skirt Set, Halter Neckline And Sculpted Peplum, Tailored Outfit",299.0,Outerwear & Coats,['Unknown'],US,0,0,https://www.etsy.com/listing/4556680971/womens-navy-blue-skirt-suit-made-to,
"Women&#39;s Gray Skirt Suit, Made to Measure Mini Wrap Skirt Set, Notched Lapel And Ruched Waist, Tailored Outfit",299.0,Outerwear & Coats,['Unknown'],US,0,0,https://www.etsy.com/listing/4556670340/womens-gray-skirt-suit-made-to-measure,
"Women&#39;s Charcoal Gray Skirt Suit, Made to Measure Midi Mermaid Skirt Set, Sleeveless Lapel Waistcoat, Tailored Outfit",299.0,Outerwear & Coats,['Unknown'],US,0,0,https://www.etsy.com/listing/4556764810/womens-charcoal-gray-skirt-suit-made-to,
"Women&#39;s Gray Skirt Suit, Made to Measure Maxi Pencil Skirt Set, Notched Lapel And Fitted Peplum, Tailored Outfit",299.0,Outerwear & Coats,['Unknown'],US,0,1,https://www.etsy.com/listing/4556693979/womens-gray-skirt-suit-made-to-measure,
"Women&#39;s Dark Brown Skirt Suit, Made to Measure Midi Pencil Skirt Set, Mandarin Collar and Fitted Peplum, Tailored Outfit",299.0,Outerwear & Coats,['Unknown'],US,0,0,https://www.etsy.com/listing/4556217508/womens-dark-brown-skirt-suit-made-to,
"Women&#39;s Brown Pantsuit, Made to Measure Wide Leg Pants Set, Notched Lapel And Wide Trousers, Tailored Business Outfit",299.0,Outerwear & Coats,['Unknown'],US,0,0,https://www.etsy.com/listing/4556124907/womens-brown-pantsuit-made-to-measure,
"Women&#39;s Charcoal Gray Skirt Suit, Made to Measure Mini Skirt Set, Strong Shoulders, Keyhole Neckline, and Peplum, Tailored Outfit",299.0,Outerwear & Coats,['Unknown'],US,0,0,https://www.etsy.com/listing/4556238852/womens-charcoal-gray-skirt-suit-made-to,
"Women&#39;s Slate Blue Skirt Suit, Made to Measure Mini Wrap Skirt Set, Notched Lapel And Fitted Blazer, Tailored Outfit",299.0,Outerwear & Coats,['Unknown'],US,0,0,https://www.etsy.com/listing/4556768556/womens-slate-blue-skirt-suit-made-to,
"Women&#39;s Gray Skirt Suit, Made to Measure Midi Pencil Skirt Set, Round Neckline And Fitted Peplum, Tailored Outfit",299.0,Outerwear & Coats,['Unknown'],US,0,0,https://www.etsy.com/listing/4556665344/womens-gray-skirt-suit-made-to-measure,
"Women&#39;s Red Skirt Suit, Made to Measure Maxi Asymmetric Skirt Set, Mandarin Collar And Dramatic Draped Hem, Tailored Outfit",299.0,Outerwear & Coats,['Unknown'],US,0,0,https://www.etsy.com/listing/4556743812/womens-red-skirt-suit-made-to-measure,
"Women&#39;s Black Pantsuit, Made to Measure Wide Leg Pants Set, Wrap Blazer And Shawl Lapel, Tailored Outfit",299.0,Outerwear & Coats,['Unknown'],US,0,0,https://www.etsy.com/listing/4556700658/womens-black-pantsuit-made-to-measure,
"Women&#39;s Black Skirt Suit, Made to Measure Midi Skirt Set, High Neckline And Fluted Peplum, Tailored Business Outfit",299.0,Outerwear & Coats,['Unknown'],US,0,0,https://www.etsy.com/listing/4556164364/womens-black-skirt-suit-made-to-measure,
"Women&#39;s Navy Blue Skirt Suit, Made to Measure Mini Skirt Set, Pinstripes, High Neckline, and Sculpted Peplum, Tailored Outfit",299.0,Outerwear & Coats,['Unknown'],US,0,0,https://www.etsy.com/listing/4556202947/womens-navy-blue-skirt-suit-made-to,
"Women&#39;s Taupe Skirt Suit, Made to Measure Mini Wrap Skirt Set, Halter Neckline, Keyhole Detail, and Asymmetric Hem, Tailored Outfit",299.0,Outerwear & Coats,['Unknown'],US,0,0,https://www.etsy.com/listing/4556206616/womens-taupe-skirt-suit-made-to-measure,
"Women&#39;s Gray Skirt Suit, Made to Measure Mini Skirt Set, Sleeveless Mandarin Collar And Button Front, Tailored Outfit",299.0,Outerwear & Coats,['Unknown'],US,0,0,https://www.etsy.com/listing/4556672260/womens-gray-skirt-suit-made-to-measure,
"Women&#39;s Beige Skirt Suit, Made to Measure Mini Skirt Set, Notched Lapel and Fitted Blazer, Tailored Outfit",299.0,Outerwear & Coats,['Unknown'],US,0,0,https://www.etsy.com/listing/4556254374/womens-beige-skirt-suit-made-to-measure,
"Women&#39;s Gray Skirt Suit, Made to Measure Mini Skirt Set, Short Sleeves And Rounded Neckline, Tailored Outfit",299.0,Outerwear & Coats,['Unknown'],US,0,0,https://www.etsy.com/listing/4556666742/womens-gray-skirt-suit-made-to-measure,
"Women&#39;s Gray Skirt Suit, Made to Measure Maxi Mermaid Skirt Set, Notched Lapel And Sculpted Peplum, Tailored Outfit",299.0,Outerwear & Coats,['Unknown'],US,0,0,https://www.etsy.com/listing/4556715602/womens-gray-skirt-suit-made-to-measure,
"Women&#39;s Gray Skirt Suit, Made to Measure Midi Slit Skirt Set, Round Neckline And Asymmetric Peplum, Tailored Outfit",299.0,Outerwear & Coats,['Unknown'],US,0,0,https://www.etsy.com/listing/4556731812/womens-gray-skirt-suit-made-to-measure,
"Women&#39;s Black Pantsuit, Made to Measure Wide Leg Pants Set, Wrap Blazer And Flowing Trousers, Tailored Business Outfit",299.0,Outerwear & Coats,['Unknown'],US,0,0,https://www.etsy.com/listing/4556175185/womens-black-pantsuit-made-to-measure,
"Women&#39;s Black Skirt Suit, Made to Measure Mini Pleated Skirt Set, Mandarin Collar, Covered Buttons, and Fitted Waist, Tailored Outfit",299.0,Outerwear & Coats,['Unknown'],US,0,0,https://www.etsy.com/listing/4556233458/womens-black-skirt-suit-made-to-measure,
"Women&#39;s Gray Pantsuit, Made to Measure Wide Leg Pants Set, Mandarin Collar And Layered Peplum, Tailored Outfit",299.0,Outerwear & Coats,['Unknown'],US,0,0,https://www.etsy.com/listing/4556660094/womens-gray-pantsuit-made-to-measure,
"Women&#39;s Black Skirt Suit, Made to Measure Midi Flared Skirt Set, Mandarin Collar And Fitted Waist, Tailored Outfit",299.0,Outerwear & Coats,['Unknown'],US,0,0,https://www.etsy.com/listing/4556733046/womens-black-skirt-suit-made-to-measure,
"Women&#39;s Brown Skirt Suit, Made to Measure Mini Skirt Set, Short Sleeves and Asymmetric Jacket Closure, Tailored Outfit",299.0,Outerwear & Coats,['Unknown'],US,0,0,https://www.etsy.com/listing/4556237062/womens-brown-skirt-suit-made-to-measure,
"Women&#39;s Gray Skirt Suit, Made to Measure Midi Mermaid Skirt Set, Notched Lapel And Sculpted Waist, Tailored Outfit",299.0,Outerwear & Coats,['Unknown'],US,0,0,https://www.etsy.com/listing/4556751396/womens-gray-skirt-suit-made-to-measure,
"Women&#39;s Navy Blue Skirt Suit, Made to Measure Mini Skirt Set, Round Collar And Long Sleeves, Tailored Outfit",299.0,Outerwear & Coats,['Unknown'],US,0,0,https://www.etsy.com/listing/4556682240/womens-navy-blue-skirt-suit-made-to,
"Women&#39;s Black Skirt Suit, Made to Measure Mini Skirt Set, Mandarin Collar And Asymmetric Peplum, Tailored Outfit",299.0,Outerwear & Coats,['Unknown'],US,0,2,https://www.etsy.com/listing/4556696858/womens-black-skirt-suit-made-to-measure,
"Women&#39;s Navy Blue Skirt Suit, Made to Measure Mini Skirt Set, Mandarin Collar And Tailored Waist, Tailored Outfit",299.0,Outerwear & Coats,['Unknown'],US,0,0,https://www.etsy.com/listing/4556662977/womens-navy-blue-skirt-suit-made-to,
"Women&#39;s Light Gray Skirt Suit, Made to Measure Midi Pencil Skirt Set, Side Slit, Short Sleeves, and Mandarin Collar, Tailored Outfit",299.0,Outerwear & Coats,['Unknown'],US,0,0,https://www.etsy.com/listing/4556249654/womens-light-gray-skirt-suit-made-to,
"Women&#39;s Black Pantsuit, Made to Measure Wide Leg Pants Set, Sculpted Blazer And Flowing Trousers, Tailored Business Outfit",299.0,Outerwear & Coats,['Unknown'],US,0,0,https://www.etsy.com/listing/4556164371/womens-black-pantsuit-made-to-measure,
"Women&#39;s Gray Skirt Suit, Made to Measure Midi Pencil Skirt Set, Notched Lapel And Wrap Waist, Tailored Outfit",299.0,Outerwear & Coats,['Unknown'],US,0,0,https://www.etsy.com/listing/4556698546/womens-gray-skirt-suit-made-to-measure,
"Women&#39;s Navy Blue Skirt Suit, Made to Measure Maxi Skirt Set, Sleeveless V-Neck Longline Waistcoat, Tailored Outfit",299.0,Outerwear & Coats,['Unknown'],US,0,0,https://www.etsy.com/listing/4556220473/womens-navy-blue-skirt-suit-made-to,
"Women&#39;s Brown Pantsuit, Made to Measure Wide Leg Pants Set, Mandarin Collar And Button Front, Tailored Outfit",299.0,Outerwear & Coats,['Unknown'],US,0,0,https://www.etsy.com/listing/4556717966/womens-brown-pantsuit-made-to-measure,
"Women&#39;s Light Gray Skirt Suit, Made to Measure Mini Skirt Set, Notched Lapel and Asymmetric Layered Hem, Tailored Outfit",299.0,Outerwear & Coats,['Unknown'],US,0,0,https://www.etsy.com/listing/4556211062/womens-light-gray-skirt-suit-made-to,
"Women&#39;s Navy Blue Skirt Suit, Made to Measure Mini Skirt Set, High Neckline, Sculpted Waist, and Asymmetric Slit, Tailored Outfit",299.0,Outerwear & Coats,['Unknown'],US,0,0,https://www.etsy.com/listing/4556208361/womens-navy-blue-skirt-suit-made-to,
"Women&#39;s Gray Skirt Suit, Made to Measure Midi Pencil Skirt Set, Wrap Neckline And Asymmetric Waist, Tailored Outfit",299.0,Outerwear & Coats,['Unknown'],US,0,0,https://www.etsy.com/listing/4556700991/womens-gray-skirt-suit-made-to-measure,
"Women&#39;s Gray Skirt Suit, Made to Measure Midi Skirt Set, Minimal Neckline And Diagonal Hem, Tailored Business Outfit",299.0,Outerwear & Coats,['Unknown'],US,0,0,https://www.etsy.com/listing/4556126350/womens-gray-skirt-suit-made-to-measure,
"Women&#39;s Black Skirt Suit, Made to Measure Mini Skirt Set, Cape-Overlay Shoulder and Fitted Peplum, Tailored Outfit",299.0,Outerwear & Coats,['Unknown'],US,0,0,https://www.etsy.com/listing/4556221184/womens-black-skirt-suit-made-to-measure,
"Women&#39;s Navy Blue Skirt Suit, Made to Measure Midi Skirt Set, Double-Breasted Blazer And Midi Skirt, Tailored Business Outfit",299.0,Outerwear & Coats,['Unknown'],US,0,0,https://www.etsy.com/listing/4556161665/womens-navy-blue-skirt-suit-made-to,
"Women&#39;s Dark Brown Pantsuit, Made to Measure Wide Leg Pants Set, Asymmetric Neckline And Fitted Blazer, Tailored Outfit",299.0,Outerwear & Coats,['Unknown'],US,0,0,https://www.etsy.com/listing/4556710642/womens-dark-brown-pantsuit-made-to,
"Women&#39;s Black Pantsuit, Made to Measure Wide Leg Pants Set, Double-Breasted Blazer And Notched Lapel, Tailored Outfit",299.0,Outerwear & Coats,['Unknown'],US,0,0,https://www.etsy.com/listing/4556705411/womens-black-pantsuit-made-to-measure,
"Women&#39;s White Skirt Suit, Made to Measure Maxi Skirt Set, Shawl Collar And Sweeping Skirt, Tailored Business Outfit",299.0,Outerwear & Coats,['Unknown'],US,0,0,https://www.etsy.com/listing/4556158111/womens-white-skirt-suit-made-to-measure,
"Women&#39;s Black Skirt Suit, Made to Measure Mini Skirt Set, Deep Keyhole Neckline And Structured Shoulders, Tailored Outfit",299.0,Outerwear & Coats,['Unknown'],US,0,0,https://www.etsy.com/listing/4556753038/womens-black-skirt-suit-made-to-measure,
"Women&#39;s Plum Skirt Suit, Made to Measure Maxi Skirt Set, Sleeveless Mandarin Collar and Fitted Peplum, Tailored Outfit",299.0,Outerwear & Coats,['Unknown'],US,0,0,https://www.etsy.com/listing/4556216630/womens-plum-skirt-suit-made-to-measure,
"Women&#39;s Slate Blue Skirt Suit, Made to Measure Maxi Skirt Set, Clean Neckline And Fitted Peplum, Tailored Business Outfit",299.0,Outerwear & Coats,['Unknown'],US,0,0,https://www.etsy.com/listing/4556098509/womens-slate-blue-skirt-suit-made-to,
"Women&#39;s Light Blue Pantsuit, Made to Measure Straight Leg Pants Set, Notched Lapel And Sleek Trousers, Tailored Business Outfit",299.0,Outerwear & Coats,['Unknown'],US,0,0,https://www.etsy.com/listing/4556112887/womens-light-blue-pantsuit-made-to,
"Women&#39;s Gray Skirt Suit, Made to Measure Maxi Mermaid Skirt Set, Mandarin Collar And Fitted Peplum, Tailored Outfit",299.0,Outerwear & Coats,['Unknown'],US,0,0,https://www.etsy.com/listing/4556721108/womens-gray-skirt-suit-made-to-measure,
"Women&#39;s Black Skirt Suit, Made to Measure Midi Pencil Skirt Set, High Neckline And Fitted Peplum, Tailored Outfit",299.0,Outerwear & Coats,['Unknown'],US,0,0,https://www.etsy.com/listing/4556719148/womens-black-skirt-suit-made-to-measure,
"Women&#39;s Black Skirt Suit, Made to Measure Midi Pencil Skirt Set, Bow Neckline And Fitted Peplum, Tailored Outfit",299.0,Outerwear & Coats,['Unknown'],US,0,0,https://www.etsy.com/listing/4556712349/womens-black-skirt-suit-made-to-measure,
"Women&#39;s Charcoal Gray Skirt Suit, Made to Measure Mini Pleated Skirt Set, Round Neckline and Sculpted Peplum, Tailored Outfit",299.0,Outerwear & Coats,['Unknown'],US,0,0,https://www.etsy.com/listing/4556251544/womens-charcoal-gray-skirt-suit-made-to,
"Women&#39;s Charcoal Gray Skirt Suit, Made to Measure Mini Pleated Skirt Set, Notched Lapel And Fitted Blazer, Tailored Outfit",299.0,Outerwear & Coats,['Unknown'],US,0,0,https://www.etsy.com/listing/4556754810/womens-charcoal-gray-skirt-suit-made-to,
"Women&#39;s Gray Skirt Suit, Made to Measure Mini Skirt Set, Round Neckline, Gold Buttons, and Belted Peplum, Tailored Outfit",299.0,Outerwear & Coats,['Unknown'],US,0,0,https://www.etsy.com/listing/4556219402/womens-gray-skirt-suit-made-to-measure,
W,299.0,Outerwear & Coats,['Unknown'],US,0,0,https://www.etsy.com/listing/4556746080/w,
"Women&#39;s Gray Skirt Suit, Made to Measure Midi Mermaid Skirt Set, Mandarin Collar And Fitted Peplum, Tailored Outfit",299.0,Outerwear & Coats,['Unknown'],US,0,1,https://www.etsy.com/listing/4556716842/womens-gray-skirt-suit-made-to-measure,
"Women&#39;s Black Skirt Suit, Made to Measure Mini Wrap Skirt Set, Structured Shoulders, Side Buckle, and Asymmetric Hem, Tailored Outfit",299.0,Outerwear & Coats,['Unknown'],US,0,0,https://www.etsy.com/listing/4556207582/womens-black-skirt-suit-made-to-measure,
"Women&#39;s Dark Green Skirt Suit, Made to Measure Mini Flared Skirt Set, High Neckline and Double-Breasted Blazer, Tailored Outfit",299.0,Outerwear & Coats,['Unknown'],US,0,0,https://www.etsy.com/listing/4556200899/womens-dark-green-skirt-suit-made-to,
"Women&#39;s Charcoal Gray Skirt Suit, Made to Measure Mini Skirt Set, Sleeveless Mandarin Collar and Fitted Waist, Tailored Outfit",299.0,Outerwear & Coats,['Unknown'],US,0,0,https://www.etsy.com/listing/4556193883/womens-charcoal-gray-skirt-suit-made-to,
"Women&#39;s Gray Skirt Suit, Made to Measure Mini Skirt Set, Mandarin Collar And Sculpted Peplum, Tailored Outfit",299.0,Outerwear & Coats,['Unknown'],US,0,0,https://www.etsy.com/listing/4556752160/womens-gray-skirt-suit-made-to-measure,
"Women&#39;s Black Skirt Suit, Made to Measure Maxi Flared Skirt Set, Mandarin Collar And Sculpted Peplum, Tailored Outfit",299.0,Outerwear & Coats,['Unknown'],US,0,1,https://www.etsy.com/listing/4556717807/womens-black-skirt-suit-made-to-measure,
"Women&#39;s Charcoal Gray Skirt Suit, Made to Measure Maxi Skirt Set, High Neckline And Front-Slit Skirt, Tailored Business Outfit",299.0,Outerwear & Coats,['Unknown'],US,0,0,https://www.etsy.com/listing/4556175206/womens-charcoal-gray-skirt-suit-made-to,
"Women&#39;s Slate Blue Skirt Suit, Made to Measure Midi Slit Skirt Set, Mandarin Collar And Sculpted Waist, Tailored Outfit",299.0,Outerwear & Coats,['Unknown'],US,0,0,https://www.etsy.com/listing/4556766274/womens-slate-blue-skirt-suit-made-to,
"Women&#39;s Gray Skirt Suit, Made to Measure Mini Skirt Set, Notched Lapel And Asymmetric Jacket, Tailored Outfit",299.0,Outerwear & Coats,['Unknown'],US,0,0,https://www.etsy.com/listing/4556654385/womens-gray-skirt-suit-made-to-measure,
"Women&#39;s Navy Blue Skirt Suit, Made to Measure Mini Skirt Set, Asymmetric Neckline And Sleeveless Blazer, Tailored Outfit",299.0,Outerwear & Coats,['Unknown'],US,0,0,https://www.etsy.com/listing/4556680398/womens-navy-blue-skirt-suit-made-to,
"Women&#39;s Plum Skirt Suit, Made to Measure Midi Skirt Set, Square Neckline And Fitted Waist, Tailored Business Outfit",299.0,Outerwear & Coats,['Unknown'],US,0,0,https://www.etsy.com/listing/4556115861/womens-plum-skirt-suit-made-to-measure,
"Women&#39;s Charcoal Gray Skirt Suit, Made to Measure Midi Slit Skirt Set, Mandarin Collar, Pinstripes, and Rounded Peplum, Tailored Outfit",299.0,Outerwear & Coats,['Unknown'],US,0,0,https://www.etsy.com/listing/4556223125/womens-charcoal-gray-skirt-suit-made-to,
"Women&#39;s Black Pantsuit, Made to Measure Wide Leg Pants Set, Notched Lapel And Flowing Trousers, Tailored Business Outfit",299.0,Outerwear & Coats,['Unknown'],US,0,0,https://www.etsy.com/listing/4556155827/womens-black-pantsuit-made-to-measure,
"Women&#39;s Black Skirt Suit, Made to Measure Maxi Draped Skirt Set, High Neckline And Ruched Hip, Tailored Outfit",299.0,Outerwear & Coats,['Unknown'],US,0,0,https://www.etsy.com/listing/4556690941/womens-black-skirt-suit-made-to-measure,
"Women&#39;s Black Skirt Suit, Made to Measure Midi Skirt Set, High Neckline And Sculpted Peplum, Tailored Business Outfit",299.0,Outerwear & Coats,['Unknown'],US,0,0,https://www.etsy.com/listing/4556161073/womens-black-skirt-suit-made-to-measure,
"Women&#39;s Charcoal Gray Skirt Suit, Made to Measure Mini Skirt Set, Mandarin Collar And Covered Buttons, Tailored Outfit",299.0,Outerwear & Coats,['Unknown'],US,0,0,https://www.etsy.com/listing/4556749607/womens-charcoal-gray-skirt-suit-made-to,
"Women&#39;s Black Pantsuit, Made to Measure Wide Leg Pants Set, Wrap Blazer And Ruched Waist, Tailored Outfit",299.0,Outerwear & Coats,['Unknown'],US,0,0,https://www.etsy.com/listing/4556722992/womens-black-pantsuit-made-to-measure,
"Women&#39;s Navy Blue Skirt Suit, Made to Measure Mini Skirt Set, Wrap Blazer And Asymmetric Closure, Tailored Outfit",299.0,Outerwear & Coats,['Unknown'],US,0,0,https://www.etsy.com/listing/4556687409/womens-navy-blue-skirt-suit-made-to,
"Women&#39;s Gray Skirt Suit, Made to Measure Mini Skirt Set, Shirt Collar And Sculpted Waist, Tailored Outfit",299.0,Outerwear & Coats,['Unknown'],US,0,0,https://www.etsy.com/listing/4556658325/womens-gray-skirt-suit-made-to-measure,
"Women&#39;s Taupe Skirt Suit, Made to Measure Mini Wrap Skirt Set, Double-Breasted Blazer And Notched Lapel, Tailored Outfit",299.0,Outerwear & Coats,['Unknown'],US,0,0,https://www.etsy.com/listing/4556757704/womens-taupe-skirt-suit-made-to-measure,
"Women&#39;s Black Skirt Suit, Made to Measure Midi Skirt Set, High Neckline And Clean Pencil Skirt, Tailored Business Outfit",299.0,Outerwear & Coats,['Unknown'],US,0,0,https://www.etsy.com/listing/4556130125/womens-black-skirt-suit-made-to-measure,
"Women&#39;s Charcoal Gray Skirt Suit, Made to Measure Maxi Skirt Set, Mandarin Collar And Fitted Peplum, Tailored Business Outfit",299.0,Outerwear & Coats,['Unknown'],US,0,0,https://www.etsy.com/listing/4556108380/womens-charcoal-gray-skirt-suit-made-to,
"Women&#39;s Black Skirt Suit, Made to Measure Midi Skirt Set, Contrast Lapel And Pencil Skirt, Tailored Business Outfit",299.0,Outerwear & Coats,['Unknown'],US,0,0,https://www.etsy.com/listing/4556126855/womens-black-skirt-suit-made-to-measure,
"Women&#39;s Black Skirt Suit, Made to Measure Mini Flared Skirt Set, Notched Lapel and Fitted Waist, Tailored Outfit",299.0,Outerwear & Coats,['Unknown'],US,0,0,https://www.etsy.com/listing/4556644886/womens-black-skirt-suit-made-to-measure,
"Women&#39;s Charcoal Gray Skirt Suit, Made to Measure Mini Skirt Set, Sleeveless High Neckline And Fitted Peplum, Tailored Outfit",299.0,Outerwear & Coats,['Unknown'],US,0,0,https://www.etsy.com/listing/4556753627/womens-charcoal-gray-skirt-suit-made-to,
"Women&#39;s Charcoal Gray Pantsuit, Made to Measure Wide Leg Pants Set, Mandarin Collar And Sculpted Peplum, Tailored Outfit",299.0,Outerwear & Coats,['Unknown'],US,0,0,https://www.etsy.com/listing/4556659384/womens-charcoal-gray-pantsuit-made-to,
"Women&#39;s Charcoal Gray Skirt Suit, Made to Measure Maxi Mermaid Skirt Set, Gold Buttons And Notched Neckline, Tailored Outfit",299.0,Outerwear & Coats,['Unknown'],US,0,0,https://www.etsy.com/listing/4556718538/womens-charcoal-gray-skirt-suit-made-to,
"Women&#39;s Navy Blue Pantsuit, Made to Measure Wide Leg Pants Set, Notched Lapel And Sculpted Peplum, Tailored Outfit",299.0,Outerwear & Coats,['Unknown'],US,0,0,https://www.etsy.com/listing/4556708657/womens-navy-blue-pantsuit-made-to,
"Women&#39;s Plum Skirt Suit, Made to Measure Midi Skirt Set, Notched Lapel And Pencil Skirt, Tailored Business Outfit",299.0,Outerwear & Coats,['Unknown'],US,0,0,https://www.etsy.com/listing/4556154689/womens-plum-skirt-suit-made-to-measure,
"Women&#39;s Black Skirt Suit, Made to Measure Midi Pencil Skirt Set, Double-Breasted Blazer And Notched Lapel, Tailored Outfit",299.0,Outerwear & Coats,['Unknown'],US,0,0,https://www.etsy.com/listing/4556692785/womens-black-skirt-suit-made-to-measure,
"Women&#39;s Black Skirt Suit, Made to Measure Maxi Mermaid Skirt Set, High Neckline And Fitted Peplum, Tailored Outfit",299.0,Outerwear & Coats,['Unknown'],US,0,0,https://www.etsy.com/listing/4556685859/womens-black-skirt-suit-made-to-measure,
"Women&#39;s Black Skirt Suit, Made to Measure Maxi Draped Skirt Set, High Neckline And Ruched Waist, Tailored Outfit",299.0,Outerwear & Coats,['Unknown'],US,0,0,https://www.etsy.com/listing/4556689667/womens-black-skirt-suit-made-to-measure,
"Women&#39;s Navy Blue Skirt Suit, Made to Measure Mini Skirt Set, Sleeveless Mandarin Collar And Button Front, Tailored Outfit",299.0,Outerwear & Coats,['Unknown'],US,0,0,https://www.etsy.com/listing/4556666897/womens-navy-blue-skirt-suit-made-to,
"Women&#39;s Navy Blue Skirt Suit, Made to Measure Maxi Skirt Set, Notched Lapel And Long Straight Skirt, Tailored Business Outfit",299.0,Outerwear & Coats,['Unknown'],US,0,0,https://www.etsy.com/listing/4556160321/womens-navy-blue-skirt-suit-made-to,
"Women&#39;s Plum Skirt Suit, Made to Measure Mini Skirt Set, Mandarin Collar And Asymmetric Peplum, Tailored Outfit",299.0,Outerwear & Coats,['Unknown'],US,0,0,https://www.etsy.com/listing/4556745009/womens-plum-skirt-suit-made-to-measure,
"Women&#39;s Charcoal Gray Skirt Suit, Made to Measure Mini Skirt Set, Classic Lapel and Wrap Blazer, Tailored Outfit",299.0,Outerwear & Coats,['Unknown'],US,0,0,https://www.etsy.com/listing/4556235971/womens-charcoal-gray-skirt-suit-made-to,
"Women&#39;s Gray Skirt Suit, Made to Measure Midi Pencil Skirt Set, Mandarin Collar And Asymmetric Buttons, Tailored Outfit",299.0,Outerwear & Coats,['Unknown'],US,0,0,https://www.etsy.com/listing/4556704108/womens-gray-skirt-suit-made-to-measure,
"Women&#39;s Ivory Pantsuit, Made to Measure Wide Leg Pants Set, Minimal Collar And Fluid Trousers, Tailored Business Outfit",299.0,Outerwear & Coats,['Unknown'],US,0,0,https://www.etsy.com/listing/4556114540/womens-ivory-pantsuit-made-to-measure,
"Women&#39;s Slate Blue Pantsuit, Made to Measure Wide Leg Pants Set, Notched Lapel And Fitted Peplum, Tailored Outfit",299.0,Outerwear & Coats,['Unknown'],US,0,0,https://www.etsy.com/listing/4556728558/womens-slate-blue-pantsuit-made-to,
"Women&#39;s Navy Blue Skirt Suit, Made to Measure Maxi Slit Skirt Set, Sleeveless Neckline And Shoulder Tabs, Tailored Outfit",299.0,Outerwear & Coats,['Unknown'],US,0,0,https://www.etsy.com/listing/4556663188/womens-navy-blue-skirt-suit-made-to,
"Women&#39;s Brown Skirt Suit, Made to Measure Midi Skirt Set, Round Neckline And Fitted Skirt, Tailored Business Outfit",299.0,Outerwear & Coats,['Unknown'],US,0,0,https://www.etsy.com/listing/4556170518/womens-brown-skirt-suit-made-to-measure,
"Women&#39;s Gray Skirt Suit, Made to Measure Midi Skirt Set, Mandarin Collar And Pencil Skirt, Tailored Business Outfit",299.0,Outerwear & Coats,['Unknown'],US,0,0,https://www.etsy.com/listing/4556176689/womens-gray-skirt-suit-made-to-measure,
"Women&#39;s Gray Skirt Suit, Made to Measure Mini Skirt Set, Double-Breasted Blazer And Notched Lapel, Tailored Outfit",299.0,Outerwear & Coats,['Unknown'],US,0,0,https://www.etsy.com/listing/4556664337/womens-gray-skirt-suit-made-to-measure,
"Women&#39;s Plum Skirt Suit, Made to Measure Mini Skirt Set, Notched Lapel and Draped Skirt, Tailored Outfit",299.0,Outerwear & Coats,['Unknown'],US,0,0,https://www.etsy.com/listing/4556643116/womens-plum-skirt-suit-made-to-measure,
"Women&#39;s Black Pantsuit, Made to Measure Tapered Pants Set, High Neckline And Cropped Trousers, Tailored Business Outfit",299.0,Outerwear & Coats,['Unknown'],US,0,0,https://www.etsy.com/listing/4556116845/womens-black-pantsuit-made-to-measure,
"Women&#39;s Light Gray Pantsuit, Made to Measure Straight Leg Pants Set, Shawl Collar And Slim Trousers, Tailored Business Outfit",299.0,Outerwear & Coats,['Unknown'],US,0,0,https://www.etsy.com/listing/4556173932/womens-light-gray-pantsuit-made-to,
"Women&#39;s Black Skirt Suit, Made to Measure Maxi Slit Skirt Set, Notched Lapel And Fitted Peplum, Tailored Outfit",299.0,Outerwear & Coats,['Unknown'],US,0,0,https://www.etsy.com/listing/4556696977/womens-black-skirt-suit-made-to-measure,
"Women&#39;s Dark Brown Pantsuit, Made to Measure Wide Leg Pants Set, Notched Lapel And Relaxed Blazer, Tailored Outfit",299.0,Outerwear & Coats,['Unknown'],US,0,0,https://www.etsy.com/listing/4556692171/womens-dark-brown-pantsuit-made-to,
"Women&#39;s Black Skirt Suit, Made to Measure Mini Skirt Set, Notched Lapel And Fitted Blazer, Tailored Outfit",299.0,Outerwear & Coats,['Unknown'],US,0,0,https://www.etsy.com/listing/4556668214/womens-black-skirt-suit-made-to-measure,
"Women&#39;s Charcoal Gray Skirt Suit, Made to Measure Mini Skirt Set, Keyhole Neckline And Structured Shoulders, Tailored Outfit",299.0,Outerwear & Coats,['Unknown'],US,0,0,https://www.etsy.com/listing/4556647937/womens-charcoal-gray-skirt-suit-made-to,
"Women&#39;s Red Skirt Suit, Made to Measure Maxi Skirt Set, Sculpted Peplum And Sweeping Skirt, Tailored Business Outfit",299.0,Outerwear & Coats,['Unknown'],US,0,0,https://www.etsy.com/listing/4556127777/womens-red-skirt-suit-made-to-measure,
"Women&#39;s Gray Skirt Suit, Made to Measure Maxi Skirt Set, Round Neckline And Long Straight Skirt, Tailored Business Outfit",299.0,Outerwear & Coats,['Unknown'],US,0,0,https://www.etsy.com/listing/4556187568/womens-gray-skirt-suit-made-to-measure,
"Women&#39;s Black Skirt Suit, Made to Measure Midi Pencil Skirt Set, Mandarin Collar And Fitted Peplum, Tailored Outfit",299.0,Outerwear & Coats,['Unknown'],US,0,0,https://www.etsy.com/listing/4556699625/womens-black-skirt-suit-made-to-measure,
"Women&#39;s Taupe Skirt Suit, Made to Measure Midi Pencil Skirt Set, Double-Breasted Blazer And Notched Lapel, Tailored Outfit",299.0,Outerwear & Coats,['Unknown'],US,0,0,https://www.etsy.com/listing/4556722378/womens-taupe-skirt-suit-made-to-measure,
"Women&#39;s Taupe Pantsuit, Made to Measure Wide Leg Pants Set, Single-Button Blazer And Flared Trousers, Tailored Business Outfit",299.0,Outerwear & Coats,['Unknown'],US,0,0,https://www.etsy.com/listing/4556112616/womens-taupe-pantsuit-made-to-measure,
"Women&#39;s Gray Skirt Suit, Made to Measure Midi Pencil Skirt Set, Deep V Neckline and Sculpted Peplum, Tailored Outfit",299.0,Outerwear & Coats,['Unknown'],US,0,0,https://www.etsy.com/listing/4556234396/womens-gray-skirt-suit-made-to-measure,
"Women&#39;s Black Pantsuit, Made to Measure Wide Leg Pants Set, Classic Lapel And Wide Trousers, Tailored Business Outfit",299.0,Outerwear & Coats,['Unknown'],US,0,0,https://www.etsy.com/listing/4556132593/womens-black-pantsuit-made-to-measure,
"Women&#39;s Blue Skirt Suit, Made to Measure Midi Skirt Set, Notched Lapel And Asymmetric Skirt, Tailored Business Outfit",299.0,Outerwear & Coats,['Unknown'],US,0,0,https://www.etsy.com/listing/4556171268/womens-blue-skirt-suit-made-to-measure,
"Women&#39;s Gray Skirt Suit, Made to Measure Mini Skirt Set, Sleeveless Mandarin Collar, Button Front, and Peplum, Tailored Outfit",299.0,Outerwear & Coats,['Unknown'],US,0,0,https://www.etsy.com/listing/4556225727/womens-gray-skirt-suit-made-to-measure,
"Women&#39;s Plum Skirt Suit, Made to Measure Maxi Skirt Set, Shawl Collar And Bow-Detail Waist, Tailored Business Outfit",299.0,Outerwear & Coats,['Unknown'],US,0,0,https://www.etsy.com/listing/4556177431/womens-plum-skirt-suit-made-to-measure,
"Women&#39;s Plum Skirt Suit, Made to Measure Midi Skirt Set, Round Neckline And Curved Peplum, Tailored Business Outfit",299.0,Outerwear & Coats,['Unknown'],US,0,0,https://www.etsy.com/listing/4556123424/womens-plum-skirt-suit-made-to-measure,
"Women&#39;s Dark Brown Pantsuit, Made to Measure Wide Leg Pants Set, Longline Blazer And Flowing Trousers, Tailored Business Outfit",299.0,Outerwear & Coats,['Unknown'],US,0,0,https://www.etsy.com/listing/4556113536/womens-dark-brown-pantsuit-made-to,
"Women&#39;s Charcoal Gray Skirt Suit, Made to Measure Maxi Skirt Set, Deep V Neckline And Long Skirt, Tailored Business Outfit",299.0,Outerwear & Coats,['Unknown'],US,0,1,https://www.etsy.com/listing/4556168372/womens-charcoal-gray-skirt-suit-made-to,
"Women&#39;s Gray Skirt Suit, Made to Measure Maxi Mermaid Skirt Set, Notched Lapel And Structured Shoulders, Tailored Outfit",299.0,Outerwear & Coats,['Unknown'],US,0,0,https://www.etsy.com/listing/4556704693/womens-gray-skirt-suit-made-to-measure,
"Women&#39;s Black Pantsuit, Made to Measure Wide Leg Pants Set, High Neckline And Asymmetric Peplum, Tailored Outfit",299.0,Outerwear & Coats,['Unknown'],US,0,0,https://www.etsy.com/listing/4556704694/womens-black-pantsuit-made-to-measure,
"Women&#39;s Navy Blue Pantsuit, Made to Measure Wide Leg Pants Set, Mandarin Collar And Fitted Peplum, Tailored Outfit",299.0,Outerwear & Coats,['Unknown'],US,0,0,https://www.etsy.com/listing/4556647059/womens-navy-blue-pantsuit-made-to,
"Women&#39;s Charcoal Gray Pantsuit, Made to Measure Wide Leg Pants Set, Classic Lapel and Longline Blazer, Tailored Outfit",299.0,Outerwear & Coats,['Unknown'],US,0,0,https://www.etsy.com/listing/4556214084/womens-charcoal-gray-pantsuit-made-to,
"Women&#39;s Black Pantsuit, Made to Measure Wide Leg Pants Set, Sleeveless Strong Shoulders And Button Front, Tailored Outfit",299.0,Outerwear & Coats,['Unknown'],US,0,0,https://www.etsy.com/listing/4556698309/womens-black-pantsuit-made-to-measure,
"Women&#39;s Black Skirt Suit, Made to Measure Maxi Skirt Set, High Neckline And Flared Skirt, Tailored Business Outfit",299.0,Outerwear & Coats,['Unknown'],US,0,0,https://www.etsy.com/listing/4556165464/womens-black-skirt-suit-made-to-measure,
"Women&#39;s White Skirt Suit, Made to Measure Mini Skirt Set, Notched Lapel And Fitted Blazer, Tailored Outfit",299.0,Outerwear & Coats,['Unknown'],US,0,0,https://www.etsy.com/listing/4556697962/womens-white-skirt-suit-made-to-measure,
"Women&#39;s Black Skirt Suit, Made to Measure Mini Skirt Set, Asymmetric Blazer And Draped Hem, Tailored Outfit",299.0,Outerwear & Coats,['Unknown'],US,0,0,https://www.etsy.com/listing/4556726112/womens-black-skirt-suit-made-to-measure,
"Women&#39;s Brown Skirt Suit, Made to Measure Maxi Skirt Set, Mandarin Collar And Fluted Skirt, Tailored Business Outfit",299.0,Outerwear & Coats,['Unknown'],US,0,0,https://www.etsy.com/listing/4556167772/womens-brown-skirt-suit-made-to-measure,
"Women&#39;s Charcoal Gray Skirt Suit, Made to Measure Midi Pencil Skirt Set, Mandarin Collar and Asymmetric Peplum, Tailored Outfit",299.0,Outerwear & Coats,['Unknown'],US,0,0,https://www.etsy.com/listing/4556210238/womens-charcoal-gray-skirt-suit-made-to,
"Women&#39;s Dark Brown Skirt Suit, Made to Measure Maxi Skirt Set, Notched Lapel And Fitted Waist, Tailored Outfit",299.0,Outerwear & Coats,['Unknown'],US,0,0,https://www.etsy.com/listing/4556699642/womens-dark-brown-skirt-suit-made-to,
"Women&#39;s Brown Skirt Suit, Made to Measure Maxi Skirt Set, Round Neckline And Long Straight Skirt, Tailored Business Outfit",299.0,Outerwear & Coats,['Unknown'],US,0,0,https://www.etsy.com/listing/4556169006/womens-brown-skirt-suit-made-to-measure,
"Women&#39;s Black Skirt Suit, Made to Measure Maxi Skirt Set, Notched Lapel And Fitted Peplum, Tailored Outfit",299.0,Outerwear & Coats,['Unknown'],US,0,0,https://www.etsy.com/listing/4556711244/womens-black-skirt-suit-made-to-measure,
"Women&#39;s Light Gray Skirt Suit, Made to Measure Mini Skirt Set, Scarf Collar, Fitted Blazer, and Front Drape, Tailored Outfit",299.0,Outerwear & Coats,['Unknown'],US,0,0,https://www.etsy.com/listing/4556634323/womens-light-gray-skirt-suit-made-to,
"Women&#39;s Light Gray Skirt Suit, Made to Measure Maxi Pleated Skirt Set, Mandarin Collar And Fitted Peplum, Tailored Outfit",299.0,Outerwear & Coats,['Unknown'],US,0,0,https://www.etsy.com/listing/4556682077/womens-light-gray-skirt-suit-made-to,
"Women&#39;s Dark Brown Pantsuit, Made to Measure Wide Leg Pants Set, Mandarin Collar And Covered Buttons, Tailored Outfit",299.0,Outerwear & Coats,['Unknown'],US,0,0,https://www.etsy.com/listing/4556709875/womens-dark-brown-pantsuit-made-to,
"Women&#39;s Plum Pantsuit, Made to Measure Wide Leg Pants Set, High Neckline And Asymmetric Peplum, Tailored Outfit",299.0,Outerwear & Coats,['Unknown'],US,0,0,https://www.etsy.com/listing/4556646409/womens-plum-pantsuit-made-to-measure,
"Women&#39;s Black Skirt Suit, Made to Measure Maxi Mermaid Skirt Set, Round Neckline And Asymmetric Peplum, Tailored Outfit",299.0,Outerwear & Coats,['Unknown'],US,0,0,https://www.etsy.com/listing/4556707118/womens-black-skirt-suit-made-to-measure,
"Women&#39;s Gray Skirt Suit, Made to Measure Mini Skirt Set, Notched Lapel And Longline Blazer, Tailored Outfit",299.0,Outerwear & Coats,['Unknown'],US,0,0,https://www.etsy.com/listing/4556665149/womens-gray-skirt-suit-made-to-measure,
"Women&#39;s Taupe Skirt Suit, Made to Measure Midi Skirt Set, Notched Lapel And Asymmetric Waist, Tailored Business Outfit",299.0,Outerwear & Coats,['Unknown'],US,0,0,https://www.etsy.com/listing/4556100351/womens-taupe-skirt-suit-made-to-measure,
"Women&#39;s Blue Skirt Suit, Made to Measure Mini Skirt Set, Longline Blazer And Short Hem, Tailored Business Outfit",299.0,Outerwear & Coats,['Unknown'],US,0,0,https://www.etsy.com/listing/4556108921/womens-blue-skirt-suit-made-to-measure,
"Women&#39;s Taupe Skirt Suit, Made to Measure Mini Skirt Set, Mandarin Collar And Short Skirt, Tailored Business Outfit",299.0,Outerwear & Coats,['Unknown'],US,0,0,https://www.etsy.com/listing/4556137378/womens-taupe-skirt-suit-made-to-measure,
"Women&#39;s Navy Blue Skirt Suit, Made to Measure Midi Skirt Set, Asymmetric Blazer And Wrap-Effect Skirt, Tailored Business Outfit",299.0,Outerwear & Coats,['Unknown'],US,0,0,https://www.etsy.com/listing/4556125342/womens-navy-blue-skirt-suit-made-to,
"Women&#39;s Black Skirt Suit, Made to Measure Mini Skirt Set, High Neckline And Sculpted Waist, Tailored Business Outfit",299.0,Outerwear & Coats,['Unknown'],US,0,0,https://www.etsy.com/listing/4556095705/womens-black-skirt-suit-made-to-measure,
"Pakistani Red Sharara Salwar Kameez with Dupatta for Women, Top-Sharara Suit for women 3Pc, Pakistani Sharara Suits,Wedding Sharara",72.312,Outerwear & Coats,['Unknown'],IN,46,2135,https://www.etsy.com/listing/4480337686/pakistani-red-sharara-salwar-kameez-with,
"Pure Glass Satin Farshi Plazzo Suit Set with Organza Dupatta, Sequence Embroidery Indian Suit",89.51,Outerwear & Coats,['satin'],IN,73,12791,https://www.etsy.com/listing/4471815715/pure-glass-satin-farshi-plazzo-suit-set,
"Designer Silk Suit with Gold Zari Work, Hand-Embroidered Floral Kurti Palazzo Set With Dupatta",49.98,Outerwear & Coats,['silk'],IN,51,17660,https://www.etsy.com/listing/4448475473/designer-silk-suit-with-gold-zari-work,
Rainbow Elephant Kimono Cardigan blazer Hippie Oversize Gypsy Bohemian Pride Rasta clothing Cover plus size for women men Rave accessories,23.5,Outerwear & Coats,['cotton'],TH,561,8258,https://www.etsy.com/listing/888469861/rainbow-elephant-kimono-cardigan-blazer,
Sky Blue Heavy Net Embroidered Anarkali Gown with Dupatta | Wedding Party Wear Ethnic Dress for Women Semi Stitched Set,78.862,Outerwear & Coats,['Unknown'],ID,12,436,https://www.etsy.com/listing/4534960164/sky-blue-heavy-net-embroidered-anarkali,
"White Chikankari Anarkali suit for women, Embroidered Long Dress With Dupatta set,",77.99,Outerwear & Coats,['cotton'],IN,39,2789,https://www.etsy.com/listing/4485137394/white-chikankari-anarkali-suit-for-women,
Handmade Lucknowi Chikan Dobby Cotton Black Kurti Palazzo Pant Set,29.343999999999998,Outerwear & Coats,['cotton'],IN,81,2297,https://www.etsy.com/listing/1885496841/handmade-lucknowi-chikan-dobby-cotton,
"Pure Linen Tunic Set for Women, Linen Two Piece Set, Linen Tunic and Pants, Modest Linen Outfit, Handmade Linen Set",119.99,Outerwear & Coats,['linen'],IN,0,8,https://www.etsy.com/listing/4556848312/pure-linen-tunic-set-for-women-linen-two,
"Pink Designer Sharara Kurti Suit Set With Dupatta For Womens, Readymade Partywear Dresses, Embroidered Work Traditional wear",75.456,Outerwear & Coats,['Unknown'],IN,63,3017,https://www.etsy.com/listing/4519128175/pink-designer-sharara-kurti-suit-set,
"Emerald Green Women&#39;s Suit, Victorian Tailcoat, Gothic Formal Suit, Military Style Pantsuit, Regency Outfit, Custom Made",107.16,Outerwear & Coats,['Unknown'],US,44,556,https://www.etsy.com/listing/4537923915/emerald-green-womens-suit-victorian,
Handloom Khadi Cotton Kurta Set: Embroidered Indian Dress with Dupatta,78.04,Outerwear & Coats,['cotton'],IN,112,10820,https://www.etsy.com/listing/4316891696/handloom-khadi-cotton-kurta-set,
Zeta Phi Beta Blazer,80.0,Outerwear & Coats,['Unknown'],US,139,4060,https://www.etsy.com/listing/4450057308/zeta-phi-beta-blazer,
"Cotton Short Kurti Women, Sage Green Pink Floral Print Tunic Top, Square Neck Long Sleeve Kurti, Plus Size XXS to 7XL",41.49,Outerwear & Coats,['cotton'],IN,6,181,https://www.etsy.com/listing/4535359283/cotton-short-kurti-women-sage-green-pink,
"Designer Pink Heavy Georgette Embroidered With Sequence Work Salwar kameez with Dupatta, Pink Wedding Palazzo, Ethnic Suit, PartyWear Dress",67.072,Outerwear & Coats,['silk'],IN,36,2378,https://www.etsy.com/listing/4539215013/designer-pink-heavy-georgette,
"Cropped Blazer Women, Short Sleeve Tailored Jacket, Made to Order Linen Satin Crop Blazer, White Minimalist Summer Blazer, Custom Fit",116.105392,Outerwear & Coats,['linen'],US,0,2,https://www.etsy.com/listing/4556108297/cropped-blazer-women-short-sleeve,
"Purple Chikankari Kurta Set, Hand Embroidered Cotton Lucknowi Kurti with Pants & Dupatta, Indian Ethnic Party Wear Salwar Kameez",24.99,Outerwear & Coats,['cotton'],US,24,2058,https://www.etsy.com/listing/4531000856/purple-chikankari-kurta-set-hand,
"Indian Designer Brown Georgette Kurta Sharara Suit, Pakistani Indian Ethnic Wear,Heavy Embroidery, Dupatta Set,Punjabi Suit",66.024,Outerwear & Coats,['Unknown'],IN,4,691,https://www.etsy.com/listing/4536324429/indian-designer-brown-georgette-kurta,
Men&#39;s Beige Linen Kaftan Robe | Summer Jubba | Minimalist Islamic Thobe,92.0,Outerwear & Coats,['linen'],US,6,252,https://www.etsy.com/listing/4512591749/mens-beige-linen-kaftan-robe-summer,
"Cotton Anarkali Gown Set, Long Kurta Pant Dupatta, Wedding Festive Wear",109.99,Outerwear & Coats,['cotton'],IN,53,1713,https://www.etsy.com/listing/4506507402/cotton-anarkali-gown-set-long-kurta-pant,
Royal Blue Georgette Sharara Set with Mirror Work | Indian Festive Party Wear Outfit,42.967999999999996,Outerwear & Coats,['Unknown'],IN,175,6790,https://www.etsy.com/listing/4506352747/royal-blue-georgette-sharara-set-for,
"Designer orange anarkali gown for women, Indian ethnic Ready to wear gown, wedding guest outfit, engagement outfit, long flared gown",72.312,Outerwear & Coats,['Unknown'],IN,13,748,https://www.etsy.com/listing/4522462057/designer-orange-anarkali-gown-for-women,
Blue Crepe Patiala Salwar Kameez Suit For Women Handmade Punjabi Suit Indian Wedding Wear Custom Traditional Suit Party Wear Ethic Wear,131.0,Outerwear & Coats,['Unknown'],IN,4,68,https://www.etsy.com/listing/4509059962/blue-crepe-patiala-salwar-kameez-suit,
"Rose Gold Crunchy Silk Embroidered Gown, Long Anarkali & Matching Palazzo and Sequence Work Dupatta",49.99,Outerwear & Coats,['silk'],IN,94,11467,https://www.etsy.com/listing/4441428974/rose-gold-crunchy-silk-embroidered-gown,
"Handmade Pink Floral Cotton Short Kurti | Square Neck Tunic, Summer Ethnic Top(Pure Cotton Not rayon )",32.99,Outerwear & Coats,['cotton'],IN,0,59,https://www.etsy.com/listing/4530367863/handmade-pink-floral-cotton-short-kurti,
Dark Green Corduroy Two Piece Set Peplum Jacket And Pleated Midi Skirt Vintage 1950s Style Elegant Winter Suit Formal Office Co Ord,110.0,Outerwear & Coats,['corduroy'],VN,4,40,https://www.etsy.com/listing/4553700582/dark-green-corduroy-two-piece-set-peplum,
"Pakistani Designer Party Wear Yellow Salwar Kameez with Dupatta for Women, Sharara Suit, Top-Palazzo, Indian Ethnic Suit, Pakistani Suits",47.82,Outerwear & Coats,['Unknown'],IN,14,843,https://www.etsy.com/listing/4533907581/pakistani-designer-party-wear-yellow,
"Elegant Red Anarkali Gown Set for Women, Embroidered Gown with Pant & Dupatta, Indian Wedding Dress, Festive Ethnic Wear, Readymade outfit",85.41199999999999,Outerwear & Coats,['Unknown'],IN,20,785,https://www.etsy.com/listing/4541665009/elegant-red-anarkali-gown-set-for-women,
Pakistani White Anarkali Gown Dupatta 3pc set Gown Wedding Gown Partywear Gown Long Kurti Indian Wedding wear Suit Partywear Dresses Women,42.75,Outerwear & Coats,['silk'],IN,127,8232,https://www.etsy.com/listing/4470946514/pakistani-white-anarkali-gown-dupatta,
Nursing Friendly Floral Cotton Maternity Dress | Side Zipper Breastfeeding Frock,33.00152,Outerwear & Coats,['cotton'],IN,18,599,https://www.etsy.com/listing/4532069203/nursing-friendly-floral-cotton-maternity,
Vintage 1920s Women Pinstripe Suit Set Wool Overcoat & Fedora | Peaky Blinders Mob Gangster Outfit | Roaring Twenties British Shelby Cosplay,45.0,Outerwear & Coats,['wool'],AE,5,199,https://www.etsy.com/listing/4548687456/vintage-1920s-women-pinstripe-suit-set,
Fuchsia Pink Embroidered Sharara Suit | Georgette Kurta Dupatta Set,69.19,Outerwear & Coats,['silk'],IN,112,7490,https://www.etsy.com/listing/4371857724/fuchsia-pink-embroidered-sharara-suit,
"Blue Embroidered Lehenga Choli Set | Indian Wedding Outfit | Bridal Reception, Engagement, Sangeet and Mehendi Dress",67.06152,Outerwear & Coats,['Unknown'],IN,30,822,https://www.etsy.com/listing/4538850554/blue-embroidered-lehenga-choli-set,
Pink Faux Georgette Anarkali Suit Set | Indian Wedding Guest Dress | Maxi Gown with Dupatta | Festive Ethnic Wear | Gift for Her,40.86152,Outerwear & Coats,['Unknown'],IN,19,617,https://www.etsy.com/listing/4534998939/pink-faux-georgette-anarkali-suit-set,
Emerald Green Women Power Suit – Modern Chic 3 Piece Formalwear with Black Tuxedo Lapel | Designer Female Tux for Prom Wedding Cocktail Gala,89.0,Outerwear & Coats,['Unknown'],AE,9,376,https://www.etsy.com/listing/4427638161/emerald-green-women-power-suit-modern,
Green Floral Hand Block Print Cotton Kurta Pant With Dupatta Set Ethnic Party Wear,55.0,Outerwear & Coats,['cotton'],IN,70,4495,https://www.etsy.com/listing/4387907036/hand-block-print-cotton-kurti-pant,
"Handmade Navy Blue Cotton Kurta Dress: Roll-Up Sleeves, Plus Size",28.924799999999998,Outerwear & Coats,['cotton'],IN,26,1125,https://www.etsy.com/listing/4376985508/handmade-navy-blue-cotton-kurta-dress,
"Indian Cotton Kurti for Women, Brown Printed Short Kurta, Floral Ethnic Tunic, Comfortable Office Wear Top, Everyday Cotton Clothing",41.49,Outerwear & Coats,['cotton'],IN,2,187,https://www.etsy.com/listing/4537119686/indian-cotton-kurti-for-women-brown,
"Pakistani Blue Designer Party Wear Salwar Kameez with Dupatta for Women, Indian Ethnic Suit, Pakistani Suits, Sharara Suit,blue outfit",68.12,Outerwear & Coats,['silk'],IN,73,7800,https://www.etsy.com/listing/4466076650/pakistani-blue-designer-party-wear,
"Popcorn Texture Co Ord Set | Frill Sleeve Top, Flared Trousers Loungewear",25.4466,Outerwear & Coats,['Unknown'],GB,2,42,https://www.etsy.com/listing/4527543824/popcorn-texture-co-ord-set-frill-sleeve,
"Pink paisley  Print Top, Lined Bust, V Neck Long Sleeve Tunic, Plus Size XXS to 7XL Short Kurti for Women Pure Cotton",46.99,Outerwear & Coats,['cotton'],IN,0,39,https://www.etsy.com/listing/4549677267/pink-paisley-print-top-lined-bust-v-neck,
Beautiful Chikankari Lucknawi Handmade White Multi Threads Long Knee Length Kurti Pure Cotton,16.75752,Outerwear & Coats,['cotton'],IN,66,3300,https://www.etsy.com/listing/4492182454/beautiful-chikankari-lucknawi-handmade,
Pink Embroidered Anarkali Gown with Lehenga & Dupatta | Indian Wedding Guest Dress | Pakistani Salwar Suit | Bridal Festive Outfit,49.24552,Outerwear & Coats,['Unknown'],IN,12,411,https://www.etsy.com/listing/4547535212/pink-embroidered-anarkali-gown-with,
Black Printed V-Neck Kurti | Ethnic Indian Tunic for Women | Comfortable Daily Wear Cotton Top,45.05352,Outerwear & Coats,['cotton'],IN,61,1751,https://www.etsy.com/listing/4497661178/black-printed-v-neck-kurti-ethnic-indian,
"Pakistani Designer Salwar Kameez Suit Set With Dupatta For Womens, Embroidered Work, Kurta Kurti Suit 3pcs, Georegette work",71.264,Outerwear & Coats,['Unknown'],IN,17,1144,https://www.etsy.com/listing/4537305795/pakistani-designer-salwar-kameez-suit,
"Premium White Full Flared Anarkali Designer Embroidery with sequence work Gown Bottom with dupatta for women, Womens Wear Gowns,wedding gown",75.456,Outerwear & Coats,['silk'],IN,25,1033,https://www.etsy.com/listing/4515323291/premium-white-full-flared-anarkali,
"Premium  Sky Blue Anarkali Gown, Embroidered Sequence Work Salwar Suit Wedding Festival Gown,Indian Designer Anarkali Flared Kurta Palazzo",66.024,Outerwear & Coats,['Unknown'],IN,25,1456,https://www.etsy.com/listing/4528040964/premium-sky-blue-anarkali-gown,
"Pakistani Salwar Kameez, Sky Blue Embroidered Lawn Suit, Ready to Wear 3 Piece Outfit, Eid Dress, Wedding Guest Kurta Set",68.12,Outerwear & Coats,['Unknown'],IN,8,441,https://www.etsy.com/listing/4539538371/pakistani-salwar-kameez-sky-blue,
"Ikat Kaftan Dress: beige Boho Maxi, Hand Blockprint Cotton",52.2952,Outerwear & Coats,['organic cotton'],IN,312,8454,https://www.etsy.com/listing/4437157910/ikat-kaftan-dress-turquoise-boho-maxi,
Mustard Yellow Leather Blazer | Tailored Genuine Leather Jacket for Women,50.0,Outerwear & Coats,['leather'],US,2,277,https://www.etsy.com/listing/4491529011/mustard-yellow-leather-blazer-tailored,
"Yellow Crepe Punjabi Suit Salwar Kameez, Golden Botti Brocade Patiala, Indian Wedding Outfit",127.856,Outerwear & Coats,['Unknown'],IN,1,92,https://www.etsy.com/listing/4548170683/yellow-crepe-punjabi-suit-salwar-kameez,
National Sorority of Phi Delta Kappa NSPDK Red Business Blazer Embroidered Crest With Silk Lining Custom ΦΔK Greek Letters Buttons Gift,89.0,Outerwear & Coats,['silk'],PK,2,61,https://www.etsy.com/listing/4546173163/national-sorority-of-phi-delta-kappa,
"Red Pink Kurta Palazzo Kurta Set With Designer Dupatta, Indian Women Salwar Kameez Suit 3 Piece Combo Suit Set Pakistani Fully Stitched Suit",67.072,Outerwear & Coats,['Unknown'],IN,39,1975,https://www.etsy.com/listing/4401791121/red-pink-kurta-palazzo-kurta-set-with,
"Designer Light Gold Pakistani Suit with Contrast Dupatta , Pakistani Womenswear",49.98,Outerwear & Coats,['silk'],IN,47,5260,https://www.etsy.com/listing/4473342510/designer-light-gold-pakistani-suit-with,
"Yellow Bandhani Print Anarkali Gown, Chanderi Jacquard, Mirror Work Dupatta",66.99,Outerwear & Coats,['Unknown'],IN,22,1109,https://www.etsy.com/listing/4523885119/yellow-bandhani-print-anarkali-gown,
2 Piece Seersucker Suit for Women Classic Fit Jacket Pants Business Ladise Summer Dress,158.0,Outerwear & Coats,['cotton'],US,102,4018,https://www.etsy.com/listing/4504876365/2-piece-seersucker-suit-for-women,
"Designer Peach Farshi Palazzo suit set, Pakistani Salwar kameez set 3pc, Embroidered and sequence work Sharara set, Ready to wear Outfit",67.06152,Outerwear & Coats,['Unknown'],IN,26,1674,https://www.etsy.com/listing/4532718660/designer-peach-farshi-palazzo-suit-set,
Remember Angel Wings Back Print Shirt | Dark Grunge Comfort Colors Tee,35.0,Outerwear & Coats,['Unknown'],US,1,27,https://www.etsy.com/listing/4546780866/remember-angel-wings-back-print-shirt,
"Gold Silk Kameez Shalwar, Pakistani Mirrorwork 3pc Outfit ( last pc Medium size available)",165.84,Outerwear & Coats,['silk'],US,134,16109,https://www.etsy.com/listing/4352694855/gold-silk-kameez-shalwar-pakistani,
"Beautiful white Designer Anarkali Gown Kurti Suit Set With Dupatta For Women’s, Embroidered Work Anarkali Suit, Pakistani suits",68.12,Outerwear & Coats,['Unknown'],IN,37,810,https://www.etsy.com/listing/4544506170/beautiful-white-designer-anarkali-gown,
Peacock Boho Kimono Cardigan Hippie Oversize Gypsy Bohemian Tribal style colorful Rave Music festival outfit Summer plus size oversized,23.5,Outerwear & Coats,['cotton'],TH,1456,27607,https://www.etsy.com/listing/1304020386/peacock-boho-kimono-cardigan-hippie,
Farfallino di tartan di cotone fatto a mano perfetto per il cosplay di Aziraphale della serie Good Omens,20.808,Outerwear & Coats,['Unknown'],IT,938,10925,https://www.etsy.com/listing/1015699974/farfallino-di-tartan-di-cotone-fatto-a,
Eyelet Lace Two Piece Set Crop Top Maxi Skirt Summer Wedding Guest Vacation Outfit,75.14,Outerwear & Coats,['lace'],PT,6,397,https://www.etsy.com/listing/4542173504/eyelet-lace-two-piece-set-crop-top-maxi,
"Luxury Women&#39;s Dark Green 3-Piece Suit: Elegant Suit with Satin Collar, Wedding Guest Suit, Business Wear",280.0,Outerwear & Coats,['satin'],IN,2,103,https://www.etsy.com/listing/4535618589/luxury-womens-dark-green-3-piece-suit,
"Embroidered Cotton Kurti Pant Dupatta Set, Floral Print Salwar Kameez",63.928,Outerwear & Coats,['cotton'],IN,22,1151,https://www.etsy.com/listing/4544234397/embroidered-cotton-kurti-pant-dupatta,
Custom Linen Jacket Women Linen Suit Linen Two Piece Set Linen Blazer Women Blazer Linen Coat Vintage Blazer Wedding Suit Personalized Gifts,125.68,Outerwear & Coats,['linen'],VN,896,19296,https://www.etsy.com/listing/1374680198/custom-linen-jacket-women-linen-suit,
Dobby Cotton Chikankari Kurti Palazzo Set | Hand Embroidered 3-Piece Indian Ethnic Wear,47.16,Outerwear & Coats,['cotton'],IN,45,1780,https://www.etsy.com/listing/4480025226/dobby-cotton-chikankari-kurti-palazzo,
Black Printed Rayon Kurta Pant Set for Women / Indian Ethnic Wear Elegant Everyday,26.189519999999998,Outerwear & Coats,['rayon'],IN,154,11693,https://www.etsy.com/listing/4335237260/black-printed-rayon-kurta-pant-set-for,
2026 Red Bull Max Race Suit Polyester F1 Go Kart Racing Suit,32.99,Outerwear & Coats,['polyester'],US,0,658,https://www.etsy.com/listing/4532034676/2026-red-bull-max-race-suit-polyester-f1,
"Black Faux Georgette Embroidered Salwar Kameez Suit, Pakistani Ethnic Dress For Women",67.0,Outerwear & Coats,['Unknown'],IN,159,8594,https://www.etsy.com/listing/4350728783/beautiful-designer-blue-women-plazo-set,
White Elegant Silk Kurta Pant Suit with Dupatta: Partywear 3p Salwar Kameez Readymade ethnic kurti,69.87,Outerwear & Coats,['silk'],IN,10,1096,https://www.etsy.com/listing/4501978453/white-elegant-silk-kurta-pant-suit-with,
"Maroon Block Print Anarkali Dress, Cotton Kurti Set with Dupatta, Indian Ethnic Party Wear, Traditional Designer Outfit for Women",29.99,Outerwear & Coats,['cotton'],US,38,1895,https://www.etsy.com/listing/4514056793/maroon-block-print-anarkali-dress-cotton,
Embroidered Faux Georgette Anarkali Suit | Indian Salwar Kameez with Dupatta | Wedding Guest Dress,36.66952,Outerwear & Coats,['Unknown'],IN,8,618,https://www.etsy.com/listing/4549056647/embroidered-faux-georgette-anarkali-suit,
"Vintage Look Floral Cotton Kurti, Cream Short Indian Tunic, Pink Botanical Print Kurta, Women&#39;s Square Neck Top, Romantic Summer Clothing",41.49,Outerwear & Coats,['cotton'],IN,10,121,https://www.etsy.com/listing/4537105059/vintage-look-floral-cotton-kurti-cream,
"Designer Anarkali Sharara Suit for Women, Festive Wedding Party Wear Ethnic Set",46.99,Outerwear & Coats,['silk'],IN,13,611,https://www.etsy.com/listing/4508963459/designer-anarkali-sharara-suit-for-women,
"Designer Anarkali embroidery work gown kurti suit set with dupatta for womens, indian wedding dresses, Ready for wear",82.78152,Outerwear & Coats,['Unknown'],IN,14,551,https://www.etsy.com/listing/4533013189/designer-anarkali-embroidery-work-gown,
"Linen Two Piece Set Women, V Neck Tunic, Wide Leg Pants, Casual Loungewear",120.0,Outerwear & Coats,['linen'],PK,9,887,https://www.etsy.com/listing/4511025071/linen-two-piece-set-women-v-neck-tunic,
Anarkali Embroidered Cotton Kurta Pant Set for Women | Indian Ethnic Suit with Dupatta,52.4,Outerwear & Coats,['cotton'],IN,14,457,https://www.etsy.com/listing/4540039926/anarkali-embroidered-cotton-kurta-pant,
"Designer Purple Embroidery Sequence Work Anarkali Gown With Dupatta 3pc Suit,Flared Anarkali, Party Wear Anarkali Suit, Indian Ethnic Wear",64.976,Outerwear & Coats,['Unknown'],IN,4,141,https://www.etsy.com/listing/4550587410/designer-purple-embroidery-sequence-work,
"Black Blazer and Wide Leg Trouser Suit, Tall Fit Workwear",169.99,Outerwear & Coats,['cotton'],UA,212,8275,https://www.etsy.com/listing/1120598667/black-2-piece-suit-for-women-tall-fit,
"White Designer Embroidered Sharara Suit With Dupatta For Womens, Festival wear Readymade dress, Pakistani Suits Set 3pcs",64.976,Outerwear & Coats,['Unknown'],IN,165,7786,https://www.etsy.com/listing/4490822498/white-designer-embroidered-sharara-suit,
Heavy Fendi Silk  Embroidered Kurta With Sharara  Palazzo And Designer Dupatta Suit Readymade 3p Salwar Kameez Fully Stitched For Her,18.81,Outerwear & Coats,['silk'],IN,4,158,https://www.etsy.com/listing/4527253425/heavy-fendi-silk-embroidered-kurta-with,
"Latest Pakistani Designer Anarkali Gown womens, Kurti Suit Set 2pcs, Lavender Gown Suit, Embroidered Work suit",68.12,Outerwear & Coats,['Unknown'],IN,11,427,https://www.etsy.com/listing/4533545365/latest-pakistani-designer-anarkali-gown,
"Designer Heavy Sequence Work Brown Anarkali Gown Dupatta 3PC Set ,Brown Salwar,Pakistani Gown, Long Kurti Indian Wedding PartyWear",64.976,Outerwear & Coats,['Unknown'],IN,49,2375,https://www.etsy.com/listing/4506712831/designer-heavy-sequence-work-brown,
"Purple Sharara Suit Set for Women with Dupatta, Embroidered Faux Georgette Pakistani Salwar Kameez, Indian Wedding Guest & Party Wear",69.16799999999999,Outerwear & Coats,['Unknown'],IN,4,283,https://www.etsy.com/listing/4551805409/purple-sharara-suit-set-for-women-with,
"Plus Size Chikankari Kurti Pant Set: Dobby Cotton, Hand Embroidered",37.728,Outerwear & Coats,['cotton'],IN,227,11573,https://www.etsy.com/listing/1559793981/plus-size-chikankari-kurti-pant-set,
Women&#39;s Wedding Suits Three Piece Reception Suits Off White Party Wear Outfits,350.0,Outerwear & Coats,['Unknown'],IN,24,9559,https://www.etsy.com/listing/4480311363/womens-wedding-suits-three-piece,
"Cotton Kurta Pant, Hand Block Print, Indian Ethnic Midi Dress, Casual Festive Wear",49.87,Outerwear & Coats,['cotton'],IN,3,262,https://www.etsy.com/listing/4495340747/cotton-kurta-pant-hand-block-print,
"Designer Silk Party Wear Top Sharara & Dupatta,Pakistani salwar kameez,Heavy Sequin Embroidered sharara palazzo suit,Partywear ethnic Outfit",72.312,Outerwear & Coats,['silk'],IN,83,4103,https://www.etsy.com/listing/4512861195/designer-silk-party-wear-top-sharara,
Sky Blue Pure Silk Embroidered Kurta Palazzo Set with Dupatta – Festive Wedding Wear,52.99,Outerwear & Coats,['silk'],IN,10,9575,https://www.etsy.com/listing/4471233342/sky-blue-pure-silk-embroidered-kurta,
Black Ajrakh Print Flared Anarkali Kurta Set with Dupatta | Women&#39;s Festive Ethnic Suit,20.94952,Outerwear & Coats,['cotton'],IN,14,1242,https://www.etsy.com/listing/4510481308/black-ajrakh-print-flared-anarkali-kurta,
Embroidered Silk Farshi Shalwar Suit with Organza Dupatta - 3 Piece - Bottle Green,79.0,Outerwear & Coats,['silk'],US,58,3510,https://www.etsy.com/listing/4435740575/embroidered-silk-farshi-shalwar-suit,
Yellow Sequin Embroidered Sharara Suit | Indian Wedding Outfit wedding guest wear,129.99,Outerwear & Coats,['Unknown'],IN,138,9374,https://www.etsy.com/listing/4402727167/yellow-sequin-embroidered-sharara-suit,
"Fully Stitched Maroon Kurta Palazzo With Embroidered Dupatta Set, 3 Piece Combo Set, Salwar Kameez Readymade,Indian Bollywood Anarkali Kurta",64.976,Outerwear & Coats,['silk'],IN,4,507,https://www.etsy.com/listing/4539211499/fully-stitched-maroon-kurta-palazzo-with,
"Pakistani Designer Embroidered Sequence Work White Anarkali Gown With Dupatta 3pc Suit, Women&#39;s Ethnic Wear, Party Wear Gown",69.692,Outerwear & Coats,['Unknown'],IN,24,1661,https://www.etsy.com/listing/4532172791/pakistani-designer-embroidered-sequence,
Custom Embroidered Jogger Scrubs • Unisex Medical Uniform Set,73.0,Outerwear & Coats,['Unknown'],US,15,1296,https://www.etsy.com/listing/4516573480/custom-embroidered-jogger-scrubs-unisex,
"Designer Green Heavy Embroidered Sequence work Salwar Kameez with Dupatta, Green Wedding Anarkali, Party wear Dress, Function wear,Mahendi O",62.879999999999995,Outerwear & Coats,['Unknown'],IN,46,3952,https://www.etsy.com/listing/4502598577/designer-green-heavy-embroidered,
"Pakistani Orange Salwar Suit for women Wedding Suit ,Party wear dress , Readymade salwar kameez with Dupatta, Kurta Palazzo Set 3pc",68.12,Outerwear & Coats,['silk'],IN,37,2813,https://www.etsy.com/listing/4480896506/pakistani-orange-salwar-suit-for-women,
Indian Corset Short Kurti for Women | Black Cotton Short Kurti | Square Neck | Corset Lace-Up Back | Casual Kurti XXS-7XL,43.99,Outerwear & Coats,['cotton'],IN,4,76,https://www.etsy.com/listing/4546821844/indian-corset-short-kurti-for-women,
"Floral Print Cotton Kurta Set, Embroidered Indian Salwar Kameez",113.95952,Outerwear & Coats,['cotton'],IN,42,3407,https://www.etsy.com/listing/4444885570/party-wear-floral-print-womens-kurta-set,
"Embroidered Chinon Silk Anarkali Gown Set, Pakistani Wedding Party Wear Dress",71.01,Outerwear & Coats,['silk'],IN,33,2113,https://www.etsy.com/listing/4539239096/embroidered-chinon-silk-anarkali-gown,
Bollywood Style Long Flared Fox Georgette Anarkali Gown With Heavy Sequence Work And Dupatta Suit Eid Special Outfits For Her,80.0,Outerwear & Coats,['Unknown'],IN,331,25578,https://www.etsy.com/listing/4456542131/bollywood-style-long-flared-fox,
Floral Hand Painted Anarkali Suit Set | Indian Wedding Guest Party Ensemble (Ready to Wear),41.90952,Outerwear & Coats,['Unknown'],IN,22,1005,https://www.etsy.com/listing/4537693685/floral-hand-painted-anarkali-suit-set,
"New Designer Blue Anarkali style Georgette 3pc Gown for women, Blue Gown, Party Wear Gown, Reception Wear Gown Outfits,Wedding Gown",67.072,Outerwear & Coats,['Unknown'],IN,21,1353,https://www.etsy.com/listing/4496236677/new-designer-blue-anarkali-style,
"Boho 2 Piece Set Women, Relaxed Tunic Top & Wide Leg Pants, Casual Resort Outfit",116.0,Outerwear & Coats,['Unknown'],PK,0,22,https://www.etsy.com/listing/4553150921/boho-2-piece-set-women-relaxed-tunic-top,
"Yellow Floral Anarkali Dress, Muslin Indian Outfit with Dupatta Wedding Wear",51.68736,Outerwear & Coats,['Unknown'],IN,75,3803,https://www.etsy.com/listing/4479509664/yellow-floral-anarkali-dress-muslin,
"Elegant Pink Partywear Anarkali gown with dupatta for women, Indian ethnic Gown set, Readymade outfit, Bridesmaid&#39;s Gown, Wedding dress 3pc",81.22,Outerwear & Coats,['Unknown'],IN,7,416,https://www.etsy.com/listing/4532248046/elegant-pink-partywear-anarkali-gown,
"Pakistani Designer Party Wear Salwar Kameez with Dupatta for Women, Sharara Suit, Top-Palazzo, Indian Ethnic Suit, Pakistani Suits, Eid Suit",66.0,Outerwear & Coats,['Unknown'],IN,38,2993,https://www.etsy.com/listing/4479164960/pakistani-designer-party-wear-salwar,
Luxury Roman Silk Kurta with Pent Dupatta Suit heavy Pakistani Salwar kameez For Women n Girls,18.65,Outerwear & Coats,['silk'],IN,28,1654,https://www.etsy.com/listing/4501386353/luxury-roman-silk-kurta-with-pent,
"Women&#39;s pink Designer Heavy  Embroidered With  Salwar kameez with Dupatta designer,PartyWear Dress, Ethnic Suit,pink Wedding Palazzo",66.9672,Outerwear & Coats,['Unknown'],IN,6,295,https://www.etsy.com/listing/4532661201/womens-pink-designer-heavy-embroidered,
Royal Blue Designer Salwar Kameez | Heavy Embroidered Kurta Palazzo Set with Dupatta | Indian Wedding Guest Outfit | Pakistani Party Suit,68.10952,Outerwear & Coats,['Unknown'],IN,65,4950,https://www.etsy.com/listing/4503550662/royal-blue-designer-salwar-kameez-heavy,
Black Sheer Oversized Blouse: Lightweight Silk Chiffon Top,325.5,Outerwear & Coats,['silk'],UA,13,361,https://www.etsy.com/listing/4308978882/black-sheer-silk-oversized-blouse,
Embroidered Anarkali Suit Set Ready to Wear Fendy Silk Indian Wedding Guest Outfit Salwar Kameez with Pant Dupatta,44.016,Outerwear & Coats,['silk'],IN,9,515,https://www.etsy.com/listing/4522408859/embroidered-anarkali-suit-set-ready-to,
Cream Floral Embroidered Kurta Palazzo Set | Indian Ethnic Wedding Wear Outfit,82.0,Outerwear & Coats,['Unknown'],IN,117,6455,https://www.etsy.com/listing/4499571750/cream-floral-embroidered-kurta-palazzo,
"Blue Sharara Set: Embroidered Silk Kurta, Shrug & Pant - Wedding Guest Outfit",119.0,Outerwear & Coats,['silk'],IN,177,5497,https://www.etsy.com/listing/4446544717/blue-sharara-set-for-women-wedding-guest,
"Lily Print Cotton Women Short  Kurti Tunic Top | Pink & White | Square Neck, Fitted Waist, XXS-7XL Plus size indian(Pure Cotton Not rayon )",32.99,Outerwear & Coats,['cotton'],IN,10,307,https://www.etsy.com/listing/4537881385/lily-print-cotton-women-short-kurti,
Navratri Mirror Work Lehenga Choli | Garba Outfit | Indian Festival & Wedding Wear,45.05352,Outerwear & Coats,['Unknown'],IN,6,426,https://www.etsy.com/listing/4550444120/navratri-mirror-work-lehenga-choli-garba,
Women&#39;s soft cotton embroidered co-ord Set with lace in S to 2XL,79.99,Outerwear & Coats,['cotton'],US,0,85,https://www.etsy.com/listing/4529551864/womens-soft-cotton-embroidered-co-ord,
Oversize Kimono Cardigan blazer Hippie Gypsy Bohemian Boho Tribal Peacock Paisley  Indian Top Dress Beach Cover Summer plus size women men,23.5,Outerwear & Coats,['cotton'],TH,419,8380,https://www.etsy.com/listing/1020419808/oversize-kimono-cardigan-blazer-hippie,
Personalized Suit Custom Blazer for Men All Over Print Personalized Casual Suit Blazer with Pockets Sports Coat Jacket Fashion,32.47,Outerwear & Coats,['Unknown'],PK,5,682,https://www.etsy.com/listing/4479074532/personalized-suit-custom-blazer-for-men,
"Women&#39;s Cotton Linen Blazer, Lightweight Relaxed Fit Suit Coat, Spring Summer Outerwear",49.65,Outerwear & Coats,['cotton'],PK,15,617,https://www.etsy.com/listing/4530248851/womens-cotton-linen-blazer-lightweight,
Pure Cotton White Floral Kurta Pant Set for Summer Daily Wear,20.94952,Outerwear & Coats,['cotton'],IN,26,3984,https://www.etsy.com/listing/4499553281/pure-cotton-white-floral-kurta-pant-set,
Women’s African Print Palazzo Trouser and Kimono Set,160.8,Outerwear & Coats,['Unknown'],GB,10,834,https://www.etsy.com/listing/4487437179/womens-african-print-palazzo-trouser-and,
Purple Embroidered Kurta Pant Set: Silk Blend Dupatta,63.99,Outerwear & Coats,['silk'],US,76,7021,https://www.etsy.com/listing/1888096902/purple-embroidered-kurta-pant-set-silk,
"Yellow Anarkali Dress for Women, Embroidered Georgette Indian Ethnic Gown, Party Wear Kurta Dress, Festive Wedding Outfit, Long Anarkali",66.024,Outerwear & Coats,['Unknown'],IN,5,175,https://www.etsy.com/listing/4544498895/yellow-anarkali-dress-for-women,
Fancy Tassels for blouse,2.0,Outerwear & Coats,['chiffon'],IN,3,135,https://www.etsy.com/listing/4460528715/fancy-tassels-for-blouse,
"Red Pakistani Designer Salwar Kameez Readymade, Indian Designer Dupatta Suit, Kurta Palazzo Suit Set, Wedding Sharara Set Stitched 3Pc Combo",68.12,Outerwear & Coats,['cotton'],IN,224,13224,https://www.etsy.com/listing/4375171716/red-pakistani-designer-salwar-kameez,
"Hot Pink Cotton Co-ord Set, Floral Print Shirt & Palazzo, Indian 2-Piece Outfit, Summer Loungewear",29.0,Outerwear & Coats,['cotton'],US,12,616,https://www.etsy.com/listing/4435649767/beautiful-pure-cotton-kurti-pant-dupatta,
Expedited Order: Rush Fee,33.0,Pants & Trousers,['Unknown'],US,34,2139,https://www.etsy.com/listing/1066823611/expedited-order-rush-fee,
Tall Women&#39;s Cotton Spandex Leggings: High Waisted Yoga Tights (30-36&quot; Inseam),28.95,Pants & Trousers,['cotton'],US,92,3528,https://www.etsy.com/listing/1806555373/tall-womens-cotton-spandex-leggings-high,
Red Lipstick Kisses High Waisted Yoga Leggings | Valentine Heart Pattern,66.14,Pants & Trousers,['Unknown'],US,0,0,https://www.etsy.com/listing/4557132027/red-lipstick-kisses-high-waisted-yoga,
"Black Watch Tartan Leggings, Preppy Plaid Yoga Pants, Heritage Style Gift for Her, Autumn Fall Winter Cozy Aesthetic",51.0,Pants & Trousers,['Unknown'],US,56,2617,https://www.etsy.com/listing/1478240664/black-watch-tartan-leggings-preppy-plaid,
Chaitanya Abara Aureate Burst Yoga Leggings,69.5,Pants & Trousers,['Unknown'],US,0,0,https://www.etsy.com/listing/4557699485/chaitanya-abara-aureate-burst-yoga,
Round Pink Donut Logo Leggings | Yoga Workout Bottoms,52.81,Pants & Trousers,['Unknown'],US,0,0,https://www.etsy.com/listing/4557694400/round-pink-donut-logo-leggings-yoga,
Short de Sport Femme Taille Haute | Short Fitness Gym Yoga Running Blanc | EliteFit,42.772,Pants & Trousers,['Unknown'],FR,1,0,https://www.etsy.com/listing/4557441860/short-de-sport-femme-taille-haute-short,
Women&#39;s Cut & Sew Casual Leggings (AOP),52.95,Pants & Trousers,['Unknown'],US,0,0,https://www.etsy.com/listing/4557634713/womens-cut-sew-casual-leggings-aop,
Bubbly Belle Leggings ~ Women&#39;s Gray Black Fashionable Boozy Cocktail Champagne Drink + Flutes | Whimsy LOL Fun Statement Legwear for Brunch,58.0,Pants & Trousers,['Unknown'],US,1,0,https://www.etsy.com/listing/4557636362/bubbly-belle-leggings-womens-gray-black,
RISE Workout Leggings,57.8,Pants & Trousers,['Unknown'],CZ,1,0,https://www.etsy.com/listing/4557601967/rise-workout-leggings,
Hand dyed Flare Leggings Tie Dye Hippie Festival Geode Agate Large,30.0,Pants & Trousers,['Unknown'],US,0,1,https://www.etsy.com/listing/4557586273/hand-dyed-flare-leggings-tie-dye-hippie,
Blue Capri Leggings for Women High Waisted Yoga Capris Abstract Ocean Print Workout Leggings Activewear Fitness Pants,75.0,Pants & Trousers,['Unknown'],US,1,1,https://www.etsy.com/listing/4557571852/blue-capri-leggings-for-women-high,
"Witchy Halloween Yoga Leggings, Celestial Bookish Workout Pants, Spooky Fall Activewear, Moon Stars Fantasy Reader Outfit",50.0,Pants & Trousers,['Unknown'],US,0,0,https://www.etsy.com/listing/4557403059/witchy-halloween-yoga-leggings-celestial,
Gym Gifts Burning Off The Crazy Leggings Workout Pants Training Wear Fitness Activewear Running Jogging Exercise Yoga Tummy Control Pants,39.303999999999995,Pants & Trousers,['Unknown'],AT,0,2,https://www.etsy.com/listing/4557306706/gym-gifts-burning-off-the-crazy-leggings,
Rebellious Skeleton Hand Gesture (Middle Finger),30.62,Pants & Trousers,['Unknown'],US,0,0,https://www.etsy.com/listing/4557168675/rebellious-skeleton-hand-gesture-middle,
Hera Camo Capri Leggings,45.0,Pants & Trousers,['Unknown'],US,0,3,https://www.etsy.com/listing/4557171276/hera-camo-capri-leggings,
"Witchy Leggings for Women, Dark Angel Blood Moon Yoga Pants, Gothic Cathedral High Waisted Leggings, Halloween Dark Fantasy Activewear",67.03644,Pants & Trousers,['Unknown'],US,1,56,https://www.etsy.com/listing/4551780065/gothic-leggings-dark-angel-gothic,
Cheese Print Leggings – Yellow Swiss Cheese High Waisted Yoga Pants for Women,55.99,Pants & Trousers,['polyester'],US,55,3435,https://www.etsy.com/listing/1009513534/cheese-print-leggings-high-waist-yoga,
"Whale Shark Leggings: Scuba, Yoga, Surf - UPF 50+ Sun Protection",70.0,Pants & Trousers,['polyester'],US,250,6701,https://www.etsy.com/listing/1769533706/whale-shark-leggings-scuba-yoga-surf-upf,
"Black Gold Botanical Leggings, Matching Workout Gym Set, Squat Proof High Waisted Leggings, Capri Biker Shorts Sports Bra, NOIR AUREUM™",29.99,Pants & Trousers,['Unknown'],PK,1,45,https://www.etsy.com/listing/4554538550/black-gold-leggings-activewear-o-noir,
"Custom Face Photo Leggings, Personalized Women&#39;s Fitness Gifts",28.56,Pants & Trousers,['Unknown'],US,183,13207,https://www.etsy.com/listing/825116171/custom-face-photo-leggings-personalized,
Alpaka Leggings Blickdicht  High Waist Knöchellang für Damen (20% Alpaka) Wollmix Blend,104.03999999999999,Pants & Trousers,['cashmere'],DE,299,8380,https://www.etsy.com/listing/1860093500/alpaka-leggings-blickdicht-high-waist,
Vacation Stripes - Merlin Men&#39;s Long Shorts,43.99,Pants & Trousers,['polyester'],US,156,5285,https://www.etsy.com/listing/1284622230/vacation-stripes-merlin-mens-long-shorts,
"TOETOE - Women&#39;s Fishnet Toe Socks – Breathable Foot Cover, Seamless Anklet",7.973000000000001,Pants & Trousers,['nylon'],GB,594,16079,https://www.etsy.com/listing/687807135/toetoe-womens-fishnet-toe-socks,
01 Hells Angels Support81 Men&#39;s Athletic Long Shorts black,47.95,Pants & Trousers,['Unknown'],ES,110,5421,https://www.etsy.com/listing/970413766/01-hells-angels-support81-mens-athletic,
Women High Waist Faux Leather Cheeky Booty Shorts,64.0,Pants & Trousers,['leather'],TH,45,5499,https://www.etsy.com/listing/4531905947/women-high-waist-faux-leather-cheeky,
Shipibo green leggings,34.68,Pants & Trousers,['cotton'],IT,882,11478,https://www.etsy.com/listing/994362954/shipibo-green-leggings,
"Starry Dreamy tights, Fairy Kei Tights, Fairykei Tights, cute tights, kawaii tights, pastel clothing, fairykei clothing, kawaii clothing",40.0,Pants & Trousers,['polyester'],US,14170,111612,https://www.etsy.com/listing/503157865/starry-dreamy-leggings-fairy-kei-tights,
Leopard Yoga Leggings High Waist Animal print tights dance festival pants Rave,88.75999999999999,Pants & Trousers,['polyester'],AU,3,238,https://www.etsy.com/listing/1884417470/leopard-yoga-leggings-high-waist-animal,
High Waisted Yoga Leggings | Minimal Line Art Yoga Pose Print | Women&#39;s Workout Leggings | Soft Stretch Gym Pants | Pilates Activewear,19.09,Pants & Trousers,['Unknown'],PK,0,27,https://www.etsy.com/listing/4551460354/high-waisted-yoga-leggings-minimal-line,
Skirted Patchwork Leggings Organic Cotton Tiedye Festival Wear Sacred Geometry,38.86,Pants & Trousers,['organic cotton'],GB,4527,87421,https://www.etsy.com/listing/819129122/tie-dye-patchwork-leggings-sacred,
"Superwarme Kaschmir Thermo-Unterziehhose Damen – Superwarme Strickleggings als Base Layer, Winter-Long Johns, Anti-Pilling, Normal/Dick",104.03999999999999,Pants & Trousers,['wool'],DE,445,8407,https://www.etsy.com/listing/4414149434/superwarme-kaschmir-thermo-unterziehhose,
Short de Sport Femme Taille Haute | Short Fitness Gym Yoga Running Noir | EliteFit,43.33844,Pants & Trousers,['Unknown'],FR,1,0,https://www.etsy.com/listing/4557622652/short-de-sport-femme-taille-haute-short,
"Dill Delight Leggings ~ Women&#39;s White Green Pickled Vinegar Vibes, Brine + Shine Stretchy Tights Pants | Whimsy Cuke Lover Statement Legwear",58.0,Pants & Trousers,['Unknown'],US,0,0,https://www.etsy.com/listing/4557574739/dill-delight-leggings-womens-white-green,
"Emerald Green Tropical Leggings, Matching Workout Gym Set, Squat Proof High Waisted Leggings, Capri Biker Shorts Sports Bra, ROYAL EMERALD™",29.99,Pants & Trousers,['Unknown'],PK,0,24,https://www.etsy.com/listing/4553244164/emerald-green-leggings-o-royal-emerald,
"Wildflower Print Yoga Leggings: High Waist, Four-Way Stretch",45.0,Pants & Trousers,['Unknown'],US,30,595,https://www.etsy.com/listing/1892561221/wildflower-print-yoga-leggings-high,
Scandinavian Folk Art Leggings: Black and White Christmas Pattern,45.0,Pants & Trousers,['Unknown'],US,9,546,https://www.etsy.com/listing/1614832141/scandinavian-folk-art-leggings-black-and,
Alpaka Leggings Blickdicht  High Waist Knöchellang für Damen (20% Alpaka) Wollmix Blend,102.88399999999999,Pants & Trousers,['cashmere'],DE,267,6476,https://www.etsy.com/listing/1860052440/alpaka-leggings-blickdicht-high-waist,
Leggings,37.5,Pants & Trousers,['Unknown'],US,0,4,https://www.etsy.com/listing/4555544488/leggings,
Bret Hart Hitman - Inspired High Waisted Yoga Leggings (AOP),42.25,Pants & Trousers,['Unknown'],US,70,2297,https://www.etsy.com/listing/1674752009/bret-hart-hitman-inspired-high-waisted,
High Waist Faux Leather Booty Shorts | Hidden Zipper Crotch Shorts | Ruched Clubwear Hot Pants for Women,64.0,Pants & Trousers,['leather'],TH,4,782,https://www.etsy.com/listing/4538150484/high-waist-faux-leather-booty-shorts,
"HARLEQUIN Jester Leggings - White+Black / Beige+Black - Retro circus theme tights, Harlequin, Clown costume, Ship from US/EU",58.0,Pants & Trousers,['Unknown'],US,1458,5904,https://www.etsy.com/listing/4447666395/harlequin-jester-leggings-black-white,
White Lace Tights Black Ripped Fishnet Tights Romantic Goth Leggings Gothic Bridal Witchy Distressed Stockings,52.0,Pants & Trousers,['lace'],AU,0,0,https://www.etsy.com/listing/4545392980/white-lace-tights-black-ripped-fishnet,
"Night Forest Wolf Deer Leggings, High Waisted Woodland Yoga Pants",78.60799999999999,Pants & Trousers,['Unknown'],SK,0,41,https://www.etsy.com/listing/4531080879/night-forest-wolf-deer-leggings-high,
"Solid Color Yoga Pants Women, High Waisted Workout Leggings, Soft Athletic Leggings, Casual Everyday Activewear, Gym Fitness Pants",12.99,Pants & Trousers,['Unknown'],US,84,3535,https://www.etsy.com/listing/4467338071/solid-color-yoga-pants-women-high,
Custom Face Women&#39;s Leggings Personalized Funny Photo All Over Print Leggings for Girls Workout Leggings Yoga Tights Girlfriend Gift for Her,53.99,Pants & Trousers,['spandex'],US,19,880,https://www.etsy.com/listing/1143972162/custom-face-womens-leggings-personalized,
"Crochet Slouchy Leg Warmers Pattern: Sport, Dance, Ski (PDF Pattern)",3.25,Pants & Trousers,['crochet'],CA,147,1995,https://www.etsy.com/listing/252787544/crochet-slouchy-leg-warmers-pattern,
"Lacy Thigh High Crochet Leg Warmers Pattern (PDF), Lace-Up Stockings Tutorial",6.6866,Pants & Trousers,['lace'],PK,46,175,https://www.etsy.com/listing/4509454516/lacy-thigh-high-crochet-leg-warmers,
UUT Yoga Capri Leggings,40.0,Pants & Trousers,['Unknown'],US,1,3,https://www.etsy.com/listing/4555656344/uut-yoga-capri-leggings,
"Game Day Leggings, Orange Green Camo High Waist Microfiber",44.0,Pants & Trousers,['silk'],US,3,145,https://www.etsy.com/listing/4537471181/game-day-leggings-high-waisted-orange,
Raihan - Sword and Shield Men&#39;s Athletic Shorts,43.99,Pants & Trousers,['polyester'],US,311,4750,https://www.etsy.com/listing/773113373/raihan-sword-and-shield-mens-athletic,
Cashmere blended Wool Leggings / Leggings for women  / Extra soft stretchable leggings / Cashmere knit tights /  Sweater knit leggings,49.0,Pants & Trousers,['wool'],KR,3777,84254,https://www.etsy.com/listing/887963791/cashmere-blended-wool-leggings-leggings,
"Fish scales  Women&#39;s Leggings, Mermaid Girl Leggings, Gym Sensation",36.0,Pants & Trousers,['Unknown'],US,556,12114,https://www.etsy.com/listing/1182514441/fish-scales-womens-leggings-mermaid-girl,
"Leggins aus 100% Yakwolle, extrem warm, in dunkelbraun/ Stretch/ Unisex",137.564,Pants & Trousers,['Unknown'],DE,1510,36868,https://www.etsy.com/listing/1117548237/leggins-aus-100-yakwolle-extrem-warm-in,
High Waisted Yoga Leggings (AOP),70.42,Pants & Trousers,['Unknown'],US,0,12,https://www.etsy.com/listing/4552763301/high-waisted-yoga-leggings-aop,
Bumble Bee Leggings – Yellow and Black Horizontal Striped – Yoga Pants for Women,55.99,Pants & Trousers,['polyester'],US,101,2631,https://www.etsy.com/listing/929985133/bumble-bee-stripe-leggings-high-waisted,
Legging Sport Femme Taille Haute Blanc | Legging Fitness Yoga Musculation Gainant | EliteFit,49.835159999999995,Pants & Trousers,['Unknown'],FR,0,0,https://www.etsy.com/listing/4557587907/legging-sport-femme-taille-haute-blanc,
Oak + Ivy Leggings ~ Women&#39;s Black Brown Abstract Autumn Fall Harvest Leaves 4-Way Stretch Soft Tights Pants | Timeless Statement Legwear,58.0,Pants & Trousers,['Unknown'],US,176,3408,https://www.etsy.com/listing/4358223792/oak-ivy-leggings-womens-black-brown,
"Mountain leggings, High Waisted Yoga Pants, Girls Activewear, Climbing gifts",78.60799999999999,Pants & Trousers,['Unknown'],SK,3,52,https://www.etsy.com/listing/4499812146/monochrome-yoga-pants-high-waisted-yoga,
"HARLEQUIN DIAMOND Leggings - Black and White / Vintage circus theme, clown core costume, Freddie Mercury | Studio Yeye",58.0,Pants & Trousers,['Unknown'],US,380,2314,https://www.etsy.com/listing/4365883728/harlequin-diamond-leggings-vintage-off,
BLACK MAGIC III sheer stretch velvet burnout leggings,89.0,Pants & Trousers,['velvet'],US,8760,92862,https://www.etsy.com/listing/236645112/black-magic-iii-sheer-stretch-velvet,
"MONARCH FLORA™ Luxury Botanical Activewear Collection, Women&#39;s Floral Leggings, Capri Leggings, Biker Shorts & Sports Bra, Gift For Her",29.99,Pants & Trousers,['Unknown'],PK,0,25,https://www.etsy.com/listing/4549084077/monarch-flora-luxury-botanical,
"Milky rainbow - Casual leggings - kawaii sweet, fairy kei, pastel, pink and blue striped, melty, stars, yume kawaii - CL3",28.5,Pants & Trousers,['Unknown'],VN,4633,43155,https://www.etsy.com/listing/654242255/milky-rainbow-casual-leggings-kawaii,
"Brown leggings with seams, Ethnic leggings, Psytrance, Punk, Cyberpunk",31.211999999999996,Pants & Trousers,['cotton'],IT,236,4037,https://www.etsy.com/listing/1422353783/brown-leggings-with-seams-ethnic,
High Waisted Butt Lifting Leggings for Women | Scrunch Booty Yoga Pants | Seamless Tummy Control Workout Leggings | Anti Cellulite Pants,50.92,Pants & Trousers,['Unknown'],GB,14,518,https://www.etsy.com/listing/4544071976/high-waisted-butt-lifting-leggings-for,
"Gray Workout Leggings Women&#39;s Cut & Sew Casual Leggings, Workout Pants, Yoga Leggings",36.86,Pants & Trousers,['polyester'],US,2,55,https://www.etsy.com/listing/4423108967/2026-new-years-leggings-gray-workout,
Brown black lace tights torn tights floral lace fishnet tights Halloween tights patterned tights goth tights fishnet stockings gothic tights,52.0,Pants & Trousers,['lace'],AU,96,674,https://www.etsy.com/listing/4361784653/brown-black-lace-tights-torn-tights,
"Braided Cut-Out Leggings - Women Festival Clothing , Fairy Rave, Plus Size, Burning Man Legging- Festival Leggings- legging Festival Rave",65.0,Pants & Trousers,['Unknown'],US,93,1346,https://www.etsy.com/listing/4490510701/braided-cut-out-leggings-women-festival,
Mortal Kombat Sonya Blade MK3 Green / Black Cosplay Leggings,50.0,Pants & Trousers,['Unknown'],US,88,2016,https://www.etsy.com/listing/4308962986/mortal-kombat-sonya-blade-mk3-green,
Luxuriöses Soft 100% Ziegenkaschmir boot socks legwarmer｜Kaschmir Beinstulpen Rippstrick｜elastische Boot Cuffs für Winter Layering,90.16799999999999,Pants & Trousers,['wool'],DE,224,2394,https://www.etsy.com/listing/4431910304/luxurioses-soft-100-ziegenkaschmir-boot,
Pink tight pocket leggings/Long slim fit pants/Luxury modern urban style pants/Invisible zipper crotch pants/Black yoga pants/Casual legging,57.5,Pants & Trousers,['Unknown'],MY,284,44827,https://www.etsy.com/listing/1762686705/pink-tight-pocket-leggingslong-slim-fit,
"Morphing Fractals Fire-Safe Sacred Geometry Leggings, Psychedelic Cotton Yoga Pants, Flow Arts Rave Clothing",50.0,Pants & Trousers,['cotton'],US,44,286,https://www.etsy.com/listing/4533175817/morphing-fractals-fire-safe-sacred,
"Stewart Black Plaid Leggings, Tartan Christmas Leggings, Active Wear Yoga Pants",51.0,Pants & Trousers,['Unknown'],US,38,1099,https://www.etsy.com/listing/1484989932/stewart-black-plaid-leggings-tartan,
Black Booty Shorts | Women&#39;s Gym Shorts | Yoga Clothing | Marble Pattern | Fluid Art,19.99,Pants & Trousers,['Unknown'],TR,0,9,https://www.etsy.com/listing/4547961499/black-booty-shorts-womens-gym-shorts,
Perry Space Suit Origin Separates Customizable Name Suit Women in Space Astronaut Inspired Music Concert Outfit Fun Halloween Cosplay,57.7422,Pants & Trousers,['polyester'],NL,66,10775,https://www.etsy.com/listing/4300623392/perry-space-suit-origin-separates,
Legging Sport Femme Taille Haute Noir | Legging Fitness Yoga Musculation Gainant | EliteFit,49.708,Pants & Trousers,['Unknown'],FR,0,0,https://www.etsy.com/listing/4557604983/legging-sport-femme-taille-haute-noir,
Prismatic Shift Leggings ~ Women&#39;s Black Beige Fade Effect Gradient Geometric Triangles Print |  Unique Monochrome Statement Legwear for Her,58.0,Pants & Trousers,['Unknown'],US,1,1,https://www.etsy.com/listing/4555810918/prismatic-shift-leggings-womens-black,
"Mountain Print High Waisted Leggings, Athletic Tights, Vibrant Art, Comfortable Fit",78.60799999999999,Pants & Trousers,['Unknown'],SK,1,95,https://www.etsy.com/listing/4499794818/mountain-high-waisted-yoga-leggings,
"Light Blue Watercolor Leggings, Matching Workout Gym Set, Squat Proof High Waisted Leggings, Capri Biker Shorts Sports Bra, NORDIC ICE™",29.99,Pants & Trousers,['Unknown'],PK,1,38,https://www.etsy.com/listing/4551056208/nordic-ice-luxury-performance-activewear,
"Lollipop - Casual leggings - fairy kei, yume kawaii, pastel rainbow, colorful, sweet cute - CL2",28.5,Pants & Trousers,['Unknown'],VN,2631,13981,https://www.etsy.com/listing/1559865785/lollipop-casual-leggings-fairy-kei-yume,
black lace tights floral lace torn tights fishnet tights Halloween tights patterned tights fishnet stockings gothic tights goth tights,52.0,Pants & Trousers,['lace'],AU,697,4349,https://www.etsy.com/listing/4361784899/black-lace-tights-floral-lace-torn,
Retro 80s Pattern Leggings: Colorful Abstract Art Print,39.89,Pants & Trousers,['polyester'],US,156,3206,https://www.etsy.com/listing/1672760863/retro-80s-pattern-leggings-colorful,
"Thompson Camel Leggings, Tartan Plaid Leggings, Active Wear Yoga Pants, Preppy Clothing",51.0,Pants & Trousers,['Unknown'],US,91,3254,https://www.etsy.com/listing/1784252789/thompson-camel-leggings-tartan-plaid,
"Camo Leggings, Orange Green High-Waisted Four-Way Stretch Activewear, college graduation gift",44.0,Pants & Trousers,['Unknown'],US,1,112,https://www.etsy.com/listing/4555932538/orange-green-camo-leggings-for-women,
"Capri Leggings for Women, Mid-Rise Cropped Yoga Pants, Moisture-Wicking Gym Activewear  TI/QIU",54.99,Pants & Trousers,['Unknown'],US,0,60,https://www.etsy.com/listing/4537580059/capri-leggings-for-women-mid-rise,
Milo - Sword and Shield Men&#39;s Athletic Shorts,43.99,Pants & Trousers,['polyester'],US,213,2988,https://www.etsy.com/listing/773115439/milo-sword-and-shield-mens-athletic,
Handmade Braided Cotton Leggings: Unique Slit Weave Design,34.68,Pants & Trousers,['cotton'],PT,1401,21465,https://www.etsy.com/listing/1543092754/handmade-braided-cotton-leggings-unique,
"Black Meshз зл Hшigh Stockings, Sheer шз (Women’s XS-M)шшшшш ш шшшшшшшшшшшшшшшшшшшшшшшшшшшу",230.99,Pants & Trousers,['Unknown'],UA,112,3623,https://www.etsy.com/listing/4478066184/black-meshz-zl-high-stockings-sheer-z,
"High Waist Hollow Out Yoga Pants, Scrunch Butt Leggings with Cutout Details, Women&#39;s Gym Workout Sportswear",32.425799999999995,Pants & Trousers,['Unknown'],PT,1,29,https://www.etsy.com/listing/4550880024/high-waist-hollow-out-yoga-pants-scrunch,
"Custom Face Photo Leggings, Personalized Women&#39;s Sports Gifts",19.9,Pants & Trousers,['Unknown'],TH,0,193,https://www.etsy.com/listing/4487759758/custom-face-photo-leggings-personalized,
Shipibo legging,50.864,Pants & Trousers,['cotton'],ES,638,10884,https://www.etsy.com/listing/864028591/shipibo-legging,
Cosmic Flares Ripped Yoga Pants - High Waisted Cotton Spandex Bell Bottoms for Festival Dance,86.0,Pants & Trousers,['cotton'],US,5716,71963,https://www.etsy.com/listing/1526269919/cosmic-flares-ripped-yoga-pants-high,
Red Cyberpunk Robot Women&#39;s Spandex Leggings,60.0,Pants & Trousers,['spandex'],US,21,352,https://www.etsy.com/listing/1858286027/red-cyberpunk-robot-womens-spandex,
Pink Yoga Shorts | High Waisted | Women&#39;s Gym | Fitness Apparel | Terylene,19.99,Pants & Trousers,['Unknown'],TR,0,11,https://www.etsy.com/listing/4547922860/pink-yoga-shorts-high-waisted-booty,
"Organic Cotton Leggings: High Waisted Lounge Pants, Dark Green",45.083999999999996,Pants & Trousers,['organic cotton'],LV,1344,27875,https://www.etsy.com/listing/975225387/organic-cotton-leggings-high-waisted,
Rib Wool Leggings / Cashmere blended leggings / Leggings for women / Extra soft stretchable leggings / Wool knit tights / Sweater leggings,49.0,Pants & Trousers,['wool'],KR,1094,21551,https://www.etsy.com/listing/1085681171/rib-wool-leggings-cashmere-blended,
"Pastel hearts - Casual leggings - fairy kei, yume kawaii, colorful, sweet, cute leggings - CL5",28.5,Pants & Trousers,['Unknown'],VN,1098,5841,https://www.etsy.com/listing/4326317477/pastel-hearts-casual-leggings-fairy-kei,
"LADYBUG Leggings - RED / Large Polka Dot Tights, Maximalist Fashion, Festival Stage outfit | Studio Yeye",58.0,Pants & Trousers,['Unknown'],US,56,357,https://www.etsy.com/listing/4365911517/ladybug-leggings-red-large-polka-dot,
Shipibo print leggings,34.68,Pants & Trousers,['cotton'],IT,59,986,https://www.etsy.com/listing/1667246082/shipibo-print-leggings,
Vanellope Disney womens Leggings Wreck it Ralph run Disney Costume pants candy girl,45.0,Pants & Trousers,['Unknown'],US,105,2063,https://www.etsy.com/listing/1785793387/vanellope-disney-womens-leggings-wreck,
"Luxuriös weiche Kaschmir-Wolle-Beinstulpen (Legwarmer), gestrickte Beinstulpen, Winter-Boot-Cuffs, gemütliche Slouch-Stulpen",77.452,Pants & Trousers,['wool'],DE,140,1544,https://www.etsy.com/listing/4432838136/luxurios-weiche-kaschmir-wolle,
Ginger Faun Leggings,45.0,Pants & Trousers,['Unknown'],US,448,11511,https://www.etsy.com/listing/1675811520/ginger-faun-leggings,
High-Stretch Stirrup Leggings: Biflex Slim Fit Yoga Pants,56.0,Pants & Trousers,['Unknown'],UA,37,4813,https://www.etsy.com/listing/1880770823/high-stretch-stirrup-leggings-biflex,
"Women&#39;s Leggings, Animal Print Leggings, Leopard Leggings, Jaguar Leggings, Cheetah Leggings, Leopard Print Leggings, Brushed Poly Leggings",24.0,Pants & Trousers,['Unknown'],US,142,3935,https://www.etsy.com/listing/718601398/womens-leggings-animal-print-leggings,
Purple Teal Mandala Leggings – Dark Boho Feather Print High Waisted,55.99,Pants & Trousers,['polyester'],US,611,9921,https://www.etsy.com/listing/927670267/mandala-leggings-high-waist-yoga-pants,
Braided Garter Yoga Leggings: Ripped Festival Fashion with Metal Rings,66.99,Pants & Trousers,['cotton'],US,4043,43801,https://www.etsy.com/listing/857735080/braided-garter-yoga-leggings-ripped,
"Gebleichte Boho Blumen Leggings mit Blumenmuster, schwarze Festival Leggings, hangefärbt",40.459999999999994,Pants & Trousers,['Unknown'],DE,844,13562,https://www.etsy.com/listing/1690925016/gebleichte-boho-blumen-leggings-mit,
soft leggings essential basic leggings for women Black Grey Size S to XXL,6.6866,Pants & Trousers,['polyester'],GB,25,1737,https://www.etsy.com/listing/1622104566/soft-leggings-essential-basic-leggings,
Leopard Print Yoga Shorts | Cheetah Animal Gym Booty Athleisure,19.99,Pants & Trousers,['Unknown'],TR,1,9,https://www.etsy.com/listing/4547893775/leopard-print-yoga-shorts-cheetah-print,
KAMPFKATZE LOCUST_BW_leggings winter pants black white animalier  net inserts diy metal industrial rock punk rave alternative festival,53.754,Pants & Trousers,['cotton'],IT,72,1056,https://www.etsy.com/listing/4351675253/kampfkatze-locustbwleggings-winter-pants,
Alice in Wonderland Print High-Waisted Yoga Leggings,42.96,Pants & Trousers,['Unknown'],US,31,460,https://www.etsy.com/listing/4469270716/storybook-yoga-leggings-women-activewear,
"Custom High Waisted Leggings with Pockets, Your Text Spandex Workout Pants",62.0,Pants & Trousers,['spandex'],US,6,244,https://www.etsy.com/listing/4536512990/custom-high-waisted-leggings-with,
"Green Gold Metallic Foil Leggings, Wet Look Women&#39;s Tights, Workout Clothing Gym Shiny PVC Yoga Pants Shaping Push-Up Apparel",79.98,Pants & Trousers,['leather'],BG,62,1519,https://www.etsy.com/listing/4399518259/green-gold-metallic-foil-leggings-wet,
Blockprint Leggings Tribal Boho Yoga Hippie,36.992,Pants & Trousers,['jersey'],DE,454,7341,https://www.etsy.com/listing/1304275524/blockprint-leggings-tribal-boho-yoga,
Barbie Leggings Disney Toy Story 4 womens cosplay run Disney costume Disney bounding Barbie pants,45.0,Pants & Trousers,['Unknown'],US,72,3265,https://www.etsy.com/listing/1637446786/barbie-leggings-disney-toy-story-4,
"SILENT FILM GRAYSCALE Jester Leggings - Black + Grey / Monochrome film noir, Retro circus theme tights, Harlequin, Clown costume",58.0,Pants & Trousers,['Unknown'],US,261,1312,https://www.etsy.com/listing/4441362051/silent-film-grayscale-jester-leggings,
"Hurt bear - Casual leggings - Injured bear, menhera, yami kawaii, pastel goth, harajuku, medical, creepy cute leggings - CL4",28.5,Pants & Trousers,['Unknown'],VN,1126,5334,https://www.etsy.com/listing/4324719049/hurt-bear-casual-leggings-injured-bear,
Lemon Vines | Leggings,102.24,Pants & Trousers,['spandex'],ZA,0,12,https://www.etsy.com/listing/4545580447/lemon-vines-leggings,
"Handmade Braided Leggings: Cotton Spandex Blend, Slit Weave Design",34.68,Pants & Trousers,['cotton'],PT,1262,22369,https://www.etsy.com/listing/1557288935/handmade-braided-leggings-cotton-spandex,
Snake Skin Leggings – Realistic Python Print Yoga Pants – Animal Pattern Tights for Women,55.99,Pants & Trousers,['polyester'],US,255,5699,https://www.etsy.com/listing/940312003/snake-skin-print-leggings-womens-yoga,
Blockprint Leggings | Tribal Boho Yoga Hippie,36.992,Pants & Trousers,['jersey'],DE,791,18759,https://www.etsy.com/listing/1258167464/blockprint-leggings-tribal-boho-yoga,
"Gray Marble Swirl Leggings, Abstract Smoke Print Skinny Fit Leggings, Soft Brushed Suede Athletic Tights, Women&#39;s Casual Everyday Leggings",51.06,Pants & Trousers,['suede'],AE,0,1,https://www.etsy.com/listing/4556797315/womens-cut-sew-casual-leggings-aop,
"organic cotton legging, legging organische katoen, legging biologische katoen, fair trade, fair fashion, sustainable fashion",56.644,Pants & Trousers,['organic cotton'],NL,507,19386,https://www.etsy.com/listing/510816045/organic-cotton-legging-legging,
Push Up Leggings | Leggings | Yoga Pants | Workout Leggings | Push Up Pants | Workout Outfit | Slimming Leggings | Brown Leggings,84.98,Pants & Trousers,['Unknown'],UA,256,24866,https://www.etsy.com/listing/1735105208/push-up-leggings-leggings-yoga-pants,
"Fold Over Yoga Pants, XS-XL, Flare Leggings, Cotton Stretch Pants, Casual outfit,  Women Pants, Wide Leg, Summer Outfit",27.99,Pants & Trousers,['cotton'],US,159,2496,https://www.etsy.com/listing/4519736484/fold-over-yoga-pants-xs-xl-flare,
Mid Weight Merino Wool Leggings 100 Percent Wool Custom Made in the USA,165.0,Pants & Trousers,['merino wool'],US,3579,82062,https://www.etsy.com/listing/109715293/mid-weight-merino-wool-leggings-100,
Serengeti leggings,88.0,Pants & Trousers,['cotton'],ID,28,383,https://www.etsy.com/listing/1579790108/serengeti-leggings,
"Curvy Game Day Camo Leggings, Green Orange Black White Leggings, Plus Size Athletic Pants, College Game Day Outfit,",54.0,Pants & Trousers,['Unknown'],US,0,0,https://www.etsy.com/listing/4558464297/curvy-game-day-camo-leggings-green,
"Women&#39; Disco Leggings, Ladies High Waisted Shiny Dance Trouser Club Wear Pants",17.353,Pants & Trousers,['nylon'],GB,20,673,https://www.etsy.com/listing/4443552074/women-disco-leggings-ladies-high-waisted,
"Weatherproof Cast Cover: Adjustable Nylon, Medium Adult Size",21.66,Pants & Trousers,['nylon'],CA,5,1053,https://www.etsy.com/listing/1872839553/weatherproof-cast-cover-adjustable-nylon,
"White Sheer Mesh Thigh Highs - Stretchy, Transparent Layering Piece",230.99,Pants & Trousers,['Unknown'],UA,7,197,https://www.etsy.com/listing/4485690277/white-sheer-mesh-thigh-highs-stretchy,
Kyokushin Karate Men&#39;s Athletic Long Shorts,45.95,Pants & Trousers,['Unknown'],US,44,2532,https://www.etsy.com/listing/1014668826/kyokushin-karate-mens-athletic-long,
"The Kiss Women&#39;s Cut & Sew Casual Leggings,   Art by Gustav Klimt,  Cute Romantic Girls Gift",36.0,Pants & Trousers,['Unknown'],US,24,660,https://www.etsy.com/listing/1176398701/the-kiss-womens-cut-sew-casual-leggings,
"HARLEQUIN JESTER Leggings - Vintage RED / Retro circus theme tights, Jester clown costume, Studio Yeye",58.0,Pants & Trousers,['Unknown'],US,369,2270,https://www.etsy.com/listing/4404894406/harlequin-jester-leggings-vintage-red,
"Sweethearts - Casual leggings - fairy kei, yume kawaii, heart candies, sprinkles, pastel, sweet cute, pink purple - CL1",28.5,Pants & Trousers,['Unknown'],VN,2083,12582,https://www.etsy.com/listing/4321199578/sweethearts-casual-leggings-fairy-kei,
GYM TIME High Waisted Yoga Leggings | All-Over Print Workout Leggings,44.65,Pants & Trousers,['Unknown'],US,0,10,https://www.etsy.com/listing/4544784112/gym-time-high-waisted-yoga-leggings-all,
Scrunch Butt Claude Soft Pijamas,40.0,Pants & Trousers,['Unknown'],US,9,349,https://www.etsy.com/listing/4519080805/scrunch-butt-claude-soft-pijamas,
"Womens Stretchy Denim Look Skinny Jeggings, Ladies Leggings Plus Size",17.085,Pants & Trousers,['denim'],GB,12,489,https://www.etsy.com/listing/4471524960/womens-stretchy-denim-look-skinny,
Tribal Yoga Leggings – Handmade Indian Block Print Boho Leggings – Psychedelic Hippie Festival Pixie Pants – Cotton Stretch Yoga Trousers,34.5644,Pants & Trousers,['cotton'],PL,1662,34573,https://www.etsy.com/listing/1174359828/tribal-yoga-leggings-handmade-indian,
Organic Cotton Waffle Knit Leggings: Women&#39;s Soft Home & Sleepwear,65.46,Pants & Trousers,['organic cotton'],UA,23,646,https://www.etsy.com/listing/4426957875/organic-cotton-waffle-knit-leggings,
High Waisted Rave Suspender Tights Cutout Festival Leggings Shredded Lattice Braided Psytrance Pants Sacred Geometry Wear,42.88,Pants & Trousers,['cotton'],GB,143,1430,https://www.etsy.com/listing/4422299930/high-waisted-festival-leggings-hand,
"Leggings Hemp, Organic Cotton BASE Layer- Thin Fabric- No Tariffs/ import fees for USA.",64.98,Pants & Trousers,['organic cotton'],CA,5834,118002,https://www.etsy.com/listing/605647375/leggings-hemp-organic-cotton-base-layer,
"Hamsa Hand Chakra Yoga Leggings – Sacred Geometry, Glow in Dark Festival Pants",46.0,Pants & Trousers,['cotton'],US,1511,15326,https://www.etsy.com/listing/274579570/hamsa-hand-chakra-leggings-sacred,
Seamless High-Waist Booty Lifting Leggings - Scrunch Butt Yoga Pants Quick-Dry Sweat-Wicking Gym Leggings for Women Gift for her,30.659200000000002,Pants & Trousers,['polyester'],GB,92,3357,https://www.etsy.com/listing/1877006597/seamless-high-waist-booty-lifting,
"Ribbed Organic Cotton Leggings, High Waist Yoga Pants, Thermal Knit",78.0,Pants & Trousers,['organic cotton'],US,47,1226,https://www.etsy.com/listing/1862907519/ribbed-organic-cotton-leggings-thick-rib,
World Map Yoga Leggings,60.0,Pants & Trousers,['Unknown'],US,54,3362,https://www.etsy.com/listing/1179945414/world-map-yoga-leggings,
"Metallic Mermaid Leggings: Shiny Fish Scale Tights, Cosplay Costume",30.0,Pants & Trousers,['spandex'],US,998,18894,https://www.etsy.com/listing/241680889/metallic-mermaid-leggings-shiny-fish,
Maroon & Gold Camo Leggings | Game Day High-Waisted Leggings | College-Inspired Athletic Leggings,45.99,Pants & Trousers,['Unknown'],US,0,0,https://www.etsy.com/listing/4558475538/garnet-gold-camo-leggings-game-day-high,
Travel Around the World Vintage World Map Leggings,25.0,Pants & Trousers,['Unknown'],US,2,194,https://www.etsy.com/listing/4348812028/travel-around-the-world-vintage-world,
Gold Star Yoga Shorts | Blue Activewear | Women&#39;s Gym Clothing,19.99,Pants & Trousers,['Unknown'],TR,0,8,https://www.etsy.com/listing/4547919469/gold-star-yoga-shorts-blue-activewear,
Black Extra Long Leggings with Genuine Leather Front,109.82,Pants & Trousers,['cotton'],BG,19177,141801,https://www.etsy.com/listing/107634548/black-extra-long-leggings-with-genuine,
Etsy Top Seller! Rustic Plaid Leggings ~ Women&#39;s Blue Brown Red Yellow Tartan Checked Flannel Lumberjack | Soft Outdoorsy Stretchy Tights,58.0,Pants & Trousers,['Unknown'],US,100,2242,https://www.etsy.com/listing/1311160714/etsy-top-seller-rustic-plaid-leggings,
"Braided Slit Leggings  Festival Weave Rave Burning Man Weave Leggings - Festival  Clothing Women, Fairy Rave, Plus Size, Burning Man Legging",65.0,Pants & Trousers,['Unknown'],US,69,875,https://www.etsy.com/listing/4491775175/braided-slit-leggings-festival-weave,
Comic Pop Art Leggings – Retro Boom Pow Speech Bubble Print Activewear,55.99,Pants & Trousers,['polyester'],US,206,4981,https://www.etsy.com/listing/757932282/comic-pop-art-leggings-graffiti-print,
"CLOWN POLKA Dot Leggings - Vintage Circus Costume, Monochrome Film Noir",58.0,Pants & Trousers,['Unknown'],US,103,318,https://www.etsy.com/listing/4456298947/clown-polka-dot-leggings-vintage-circus,
"Skulltini - Casual leggings - pastel goth, creepy cute, kawaii goth, skull candy, bats, book of spells, spooky stripped harajuku- CL7",28.5,Pants & Trousers,['Unknown'],VN,810,4349,https://www.etsy.com/listing/4346953883/skulltini-casual-leggings-pastel-goth,
Brown Canvas Gaiters Handmade | Hiking Boot Gaiters | Outdoor Leg Gaiters | Trekking Hunting Boot Covers | Trail Walking Gear,139.99,Pants & Trousers,['leather'],PK,67,1073,https://www.etsy.com/listing/4533038496/brown-canvas-gaiters-handmade-hiking,
Yoga Leggings Chainmail Print,46.0,Pants & Trousers,['Unknown'],US,144,1874,https://www.etsy.com/listing/1738838189/yoga-leggings-chainmail-print,
Organic Cotton High Waist Capri Leggings | Sustainable Activewear,65.0,Pants & Trousers,['organic cotton'],US,9,136,https://www.etsy.com/listing/4544722140/organic-cotton-high-waist-capri-leggings,
Abstract Blue Green Wave Leggings,38.99,Pants & Trousers,['Unknown'],US,1,13,https://www.etsy.com/listing/4441907692/abstract-blue-green-wave-leggings,
"Hose 100% Yakwolle, Premiumwolle //extrem warm, in dunkelbraun/ Stretch/ feminin, robust & bequem",218.48399999999998,Pants & Trousers,['Unknown'],DE,112,2517,https://www.etsy.com/listing/4387835172/hose-100-yakwolle-premiumwolle-extrem,
Descendants Chloe leggings adult blue pants activewear running costume Disney Rise of Red,45.0,Pants & Trousers,['Unknown'],US,18,301,https://www.etsy.com/listing/1840375371/descendants-chloe-leggings-adult-blue,
"Organic Cotton Yoga Pants, Bamboo Yoga Leggings, Lounge Pants, Loungewear",72.0,Pants & Trousers,['organic cotton'],US,557,12738,https://www.etsy.com/listing/627813922/organic-cotton-yoga-pants-bamboo-yoga,
Low Rise Cotton Spandex Leggings: Slim Fit Yoga Pants - Handmade USA,28.95,Pants & Trousers,['cotton'],US,81,4146,https://www.etsy.com/listing/1792388288/low-rise-cotton-spandex-leggings-slim,
"Goth Clothes for Women, Occult Skull Gate Leggings, Gothic Cathedral High Waisted Yoga Pants, Witchy Halloween Dark Fantasy Activewear",67.03644,Pants & Trousers,['Unknown'],US,0,16,https://www.etsy.com/listing/4552857719/gothic-angel-leggings-skull-cathedral,
Jellyfish Leggings – Teal Deep Sea Print – High Waisted for Women,55.99,Pants & Trousers,['polyester'],US,317,4386,https://www.etsy.com/listing/771282201/jellyfish-print-leggings-sea-creature,
"Dragon Scale Leggings, Colorful Snake & Mermaid Skin Yoga Rave Party Pants",69.3,Pants & Trousers,['Unknown'],AU,22,469,https://www.etsy.com/listing/4376267882/dragon-scale-leggings-colorful-snake,
Full Print Metkayina Leggings,55.0,Pants & Trousers,['Unknown'],US,190,2569,https://www.etsy.com/listing/1839619312/full-print-metkayina-leggings,
Voodoo doll leggings : Witchy Occult Clothing,26.0,Pants & Trousers,['polyester'],US,30,177,https://www.etsy.com/listing/4456897903/voodoo-doll-leggings-witchy-occult,
01 Hells Angels Support81 Men&#39;s Athletic Long Shorts,47.95,Pants & Trousers,['Unknown'],ES,163,6704,https://www.etsy.com/listing/971002356/01-hells-angels-support81-mens-athletic,
Women&#39;s Leeloo Dallas The Fifth Element Inspired Leggings,49.0,Pants & Trousers,['spandex'],US,351,6436,https://www.etsy.com/listing/1189872829/womens-leeloo-dallas-the-fifth-element,
Latex Look Rubber Leggings Women Clothing Black Wet Look Shiny Yoga Pants Street Wear Extravagant Shaping PVC Tights Vinyl Plus Size,79.0,Pants & Trousers,['polyester'],BG,2916,96639,https://www.etsy.com/listing/677568829/latex-look-rubber-leggings-women,
FEARLESS Women&#39;s High-Rise Performance Leggings,35.0,Pants & Trousers,['Unknown'],US,0,20,https://www.etsy.com/listing/4542347084/fearless-womens-high-rise-performance,
Own Your Power in Our “Queen of Spades” Stretch Leggings,25.0,Pants & Trousers,['polyester'],US,43,922,https://www.etsy.com/listing/1627457461/own-your-power-in-our-queen-of-spades,
"CIRCUS CIRCUS Leggings - RED / Retro Clown outfit, Vintage circus core tights, Mommy and me, Layered Fashion | Studio Yeye",58.0,Pants & Trousers,['Unknown'],US,244,1568,https://www.etsy.com/listing/4364918730/circus-circus-leggings-red-retro-clown,
"Broken hearts - Casual leggings - Menhera, kawaii goth, cute heart candy, pastel goth, alt fashion, j-fahsion harajuku- CL8",28.5,Pants & Trousers,['Unknown'],VN,1937,8600,https://www.etsy.com/listing/4396464828/broken-hearts-casual-leggings-menhera,
Dragon Scales Leggings: Visionary Art Rave Yoga Mermaid Pants,69.3,Pants & Trousers,['Unknown'],AU,605,13571,https://www.etsy.com/listing/4301322664/dragon-scales-leggings-visionary-art,
"Custom Face Low Rise Leggings, Personalized Photo Gift",28.56,Pants & Trousers,['Unknown'],US,101,6042,https://www.etsy.com/listing/1000839515/custom-face-low-rise-leggings,
"Gold Sat Nam Leggings, Gold Mandala, Yoga Pants, Kundalini Yoga, Women&#39;s Workout Pants, Yoga Gift, Kundalini Clothing, White Leggings",65.0,Pants & Trousers,['polyester'],US,88,1750,https://www.etsy.com/listing/688070137/gold-sat-nam-leggings-gold-mandala-yoga,
"Personalized Latina Leggings, Day Of The Dead Sugar Skeleton Hispanic Mexican Latinos Flower, Dia de los Muertos Leggings, Printed Leggings",16.95,Pants & Trousers,['Unknown'],AU,1,7,https://www.etsy.com/listing/4548830502/personalized-latina-leggings-day-of-the,
"Whale Shark Leggings: Low Waist, UPF 50+ Sun Protection",67.0,Pants & Trousers,['polyester'],US,39,768,https://www.etsy.com/listing/4349059948/whale-shark-leggings-low-waist-upf-50,
"Women Vinyl PVC Shiny Disco Pant, Ladies Wet Look Elasticated High Waist Leggings",21.105,Pants & Trousers,['leather'],GB,10,543,https://www.etsy.com/listing/4445535467/women-vinyl-pvc-shiny-disco-pant-ladies,
Yoga Braided leggings Hand Dyed Terracotta,71.99,Pants & Trousers,['cotton'],US,1213,14244,https://www.etsy.com/listing/841541615/yoga-braided-leggings-hand-dyed,
Red and Black Striped High Waisted Leggings: Women&#39;s Yoga Pants,49.95,Pants & Trousers,['Unknown'],US,50,742,https://www.etsy.com/listing/4351387920/red-and-black-striped-high-waisted,
White Knee Length Cropped Leggings for Women | Summer Casual Workout Yoga Pants | High Waist Leggings | Soft Stretch Activewear Pants,29.1,Pants & Trousers,['Unknown'],US,1,19,https://www.etsy.com/listing/4549521643/white-knee-length-cropped-leggings-for,
Retro 80&#39;s Eighties Party Pattern Pop Felix Designer Yoga Leggings,39.95,Pants & Trousers,['Unknown'],US,48,834,https://www.etsy.com/listing/1892091709/retro-80s-eighties-party-pattern-pop,
"Black and Dark Gray Striped Knitted Leggings, Leggings for Women",79.0,Pants & Trousers,['acrylic'],TR,160,2650,https://www.etsy.com/listing/1774660906/black-and-dark-gray-striped-knitted,
Lemon Vines | Plus Size Leggings,91.46,Pants & Trousers,['Unknown'],ZA,0,15,https://www.etsy.com/listing/4545599367/lemon-vines-plus-size-leggings,
"Womens Push Up Yoga Pants, High Waist Straight Leg Butter Soft Workout Leggings",28.99,Pants & Trousers,['nylon'],PK,8,454,https://www.etsy.com/listing/4429581346/womens-push-up-yoga-pants-high-waist,
"Custom Capri Leggings, Breathable Mid-Rise Activewear for Women",35.61,Pants & Trousers,['Unknown'],US,1,62,https://www.etsy.com/listing/4550060190/custom-capri-leggings-breathable-mid,
"High-Stretch Stirrup Leggings: Slim-Fit Biflex Pants, Black Versatile Style",64.0,Pants & Trousers,['Unknown'],UA,5,195,https://www.etsy.com/listing/4466380128/high-stretch-stirrup-leggings-slim-fit,
Organic Cotton High Waisted Leggings - Anthracite Grey,45.083999999999996,Pants & Trousers,['organic cotton'],LV,260,5433,https://www.etsy.com/listing/975213679/organic-cotton-high-waisted-leggings,
Pink Booty Shorts | High Waist Activewear | Gym Essentials | Gift for Her,19.99,Pants & Trousers,['Unknown'],TR,0,4,https://www.etsy.com/listing/4547963963/womens-yoga-shorts-high-waist-fitness,
Cotton Blend Ribbed Leggings: Comfortable White Loungewear Sleep Clothes,50.66,Pants & Trousers,['cotton'],UA,80,1223,https://www.etsy.com/listing/4404377627/cotton-ribbed-leggings-comfortable-white,
"Steampunk leggings, hot pants, fall leggings, punk pants, festival leggings, custom leggings, rave outfit, dance pants, apocalyptic clothing",88.0,Pants & Trousers,['cotton'],ID,423,4733,https://www.etsy.com/listing/1182393792/steampunk-leggings-hot-pants-fall,
"n My Pilates Era Leggings | Black Lotus Yoga Pants, High Waisted Women&#39;s Workout Tights",51.99,Pants & Trousers,['Unknown'],PK,1,9,https://www.etsy.com/listing/4553677250/in-my-pilates-era-lotus-leggings-womens,
"Lazy Women&#39;s Athletic Shorts - Lightweight, Mesh Pockets, Stretchy Waist",53.586600000000004,Pants & Trousers,['Unknown'],GB,503,6484,https://www.etsy.com/listing/1260419095/mikaela-reid-lazy-pajamas-womens-shorts,
Nester Leggings by JaybirdFit  |  Nephrostomy Bag Leggings,54.95,Pants & Trousers,['cotton'],US,155,15120,https://www.etsy.com/listing/761102890/nester-leggings-by-jaybirdfit,
"HARLEQUIN JESTER Leggings - PINK - Vintage circus tights, Jester clown core costume | Studio Yeye",58.0,Pants & Trousers,['Unknown'],US,529,3741,https://www.etsy.com/listing/4438478161/harlequin-jester-leggings-pink-retro,
"Personalized Horror Halloween Yoga Pants, Custom Bloody Creepy Leggings for Girlfriend, Funny Wife Costume Apparel, Scary Matching Bottoms",19.95,Pants & Trousers,['Unknown'],AU,0,52,https://www.etsy.com/listing/4544679031/personalized-horror-halloween-yoga-pants,
"Coral Reef Leggings Edith: High Waist Swim, Yoga, Scuba Diving Pants",70.0,Pants & Trousers,['polyester'],US,8,184,https://www.etsy.com/listing/4396364866/coral-reef-leggings-edith-high-waist,
Organic Cotton High Waisted Leggings - Sand Lounge Wear,45.083999999999996,Pants & Trousers,['organic cotton'],LV,156,2906,https://www.etsy.com/listing/1322953703/organic-cotton-high-waisted-leggings,
"Nature’s Nectar Fire Safe Cotton Leggings, High Waist Festival Leggings, Honeycomb Flow Arts Pants",50.0,Pants & Trousers,['cotton'],US,19,92,https://www.etsy.com/listing/4544244494/natures-nectar-fire-safe-cotton-leggings,
"Women’s Cotton Ribbed Leggings: High Waisted Yoga Pants, Soft Stretch Fabric Pjs",65.46,Pants & Trousers,['cotton'],UA,36,810,https://www.etsy.com/listing/4425824269/ribbed-cotton-leggings-womens-soft-home,
Dark Botanical Floral Leggings – Vintage Chinoiserie Print – High Waisted Yoga Pants for Women,55.99,Pants & Trousers,['polyester'],US,110,1474,https://www.etsy.com/listing/982674873/floral-print-leggings-high-waist-yoga,
Rainbow Mermaid Fish Scale Leggings: Colorful Yoga Pants,39.27,Pants & Trousers,['polyester'],US,33,788,https://www.etsy.com/listing/1770569251/rainbow-mermaid-fish-scale-leggings,
XXS-6XL leggings schwarz cutouts cut out goa pixie hooping psy burning cosplay yoga geometrisch rave trance party festival gogo slit weave,34.68,Pants & Trousers,['Unknown'],DE,784,13673,https://www.etsy.com/listing/763612865/xxs-6xl-leggings-schwarz-cutouts-cut-out,
Black Cotton Spandex Lace-Waist Leggings XS S M L XL 2XL 3XL 4XL plus size stretch high waist high-waisted with Black Lace Trim goth gothic,40.0,Pants & Trousers,['cotton'],US,725,7440,https://www.etsy.com/listing/172202970/black-cotton-spandex-lace-waist-leggings,
Pale Cyan Blue Yoga Leggings Women&#39;s Seamless Poly-Span Stretchy Aqua Activewear Pants,47.0,Pants & Trousers,['Unknown'],US,0,23,https://www.etsy.com/listing/4547450435/pale-cyan-blue-yoga-leggings-womens,
"Pink Mandala Yoga Leggings, High Waisted Spiritual Activewear, Boho Workout Pants",34.99,Pants & Trousers,['Unknown'],US,8,134,https://www.etsy.com/listing/4476214423/pink-mandala-yoga-leggings-high-waisted,
Solid knit leggings / Cashmere blended Wool Leggings / Leggings for women  / Extra soft stretchable leggings / Sweater knit leggings,49.0,Pants & Trousers,['wool'],KR,328,6375,https://www.etsy.com/listing/1556423886/solid-knit-leggings-cashmere-blended,
Seamless Scrunch Butt Leggings - High-Waist Booty Lifting Yoga Pants | Ribbed Waist Tummy Control Leggings Quick-Dry  Activewear for Women,30.659200000000002,Pants & Trousers,['polyester'],GB,76,3503,https://www.etsy.com/listing/1862304382/seamless-scrunch-butt-leggings-high,
"Yoga Pants for Women, Boho Pants, Harem Pants, Loose Fit, Wide Trousers, Comfy Pants, Travel Pants, Pants with Bowknot, Leopard print Pants.",60.0,Pants & Trousers,['Unknown'],MY,218,68085,https://www.etsy.com/listing/1735360246/yoga-pants-for-women-boho-pants-harem,
Abstract Geometric Gradient Leggings | All-Over Print,60.53,Pants & Trousers,['Unknown'],PK,0,26,https://www.etsy.com/listing/4528263808/abstract-geometric-gradient-leggings-all,
Women&#39;s High-Waisted Faux Leather Slim-Fit Hip-Hugging Skirt,68.0,Pants & Trousers,['leather'],TH,4,161,https://www.etsy.com/listing/4532419935/womens-high-waisted-faux-leather-slim,
"Flower Capri Leggings, Custom Printed Activewear for Comfort",35.61,Pants & Trousers,['Unknown'],US,0,7,https://www.etsy.com/listing/4550048635/flower-capri-leggings-custom-printed,
"Buffalo Plaid Yoga Leggings, Women&#39;s Clothing, Holiday Season Tights for Women, Winter Style Tights, Comfy Yoga Leggings Gift for Her",45.0,Pants & Trousers,['Unknown'],US,2,56,https://www.etsy.com/listing/1792052990/buffalo-plaid-yoga-leggings-womens,
Chaitanya Abara Sunset Orange and Pink Floral Pattern Yoga Leggings,69.5,Pants & Trousers,['Unknown'],US,11,20379,https://www.etsy.com/listing/1730871949/chaitanya-abara-sunset-orange-and-pink,
HARLEQUIN JESTER Leggings – Olive & Dusty Oxblood Vintage Circus Tights,58.0,Pants & Trousers,['Unknown'],US,2086,10438,https://www.etsy.com/listing/4431425724/harlequin-jester-leggings-olive-dusty,
Women&#39;s Cut & Sew | All-Over Print | Hairy Man Leg-gings,39.99,Pants & Trousers,['suede'],US,0,0,https://www.etsy.com/listing/4558425204/womens-cut-sew-all-over-print-hairy-man,
"Superwarm Kaschmir Warme Leggings – Winter Strickleggings, Thermo Unterziehhose, Anti-Pilling Kaschmir Leggings in Normal oder Dick",104.03999999999999,Pants & Trousers,['wool'],DE,178,3351,https://www.etsy.com/listing/4414151856/superwarm-kaschmir-warme-leggings-winter,
SET Shiva Braided Yoga Leggings and Top SET,88.0,Pants & Trousers,['cotton'],US,374,5747,https://www.etsy.com/listing/1692752062/set-shiva-braided-yoga-leggings-and-top,
"Tree Bark Leggings with Pockets – Dryad Costume, Forest Cosplay Dance Tights, Woodland LARP Outfit",50.0,Pants & Trousers,['spandex'],US,157,2684,https://www.etsy.com/listing/1657797115/oak-tree-bark-leggings-performance-dance,
Black Organic Cotton Yoga Leggings: High Waist Full Length Tights,45.083999999999996,Pants & Trousers,['organic cotton'],LV,250,4727,https://www.etsy.com/listing/960406994/black-organic-cotton-yoga-leggings-high,
Strappy Capri Leggings: Tied Up Cotton Lycra Dance Pants,56.644,Pants & Trousers,['cotton'],CY,223,2393,https://www.etsy.com/listing/878008805/strappy-capri-leggingstied-up-yoga,
"Fancy Nancy Leggings (Adult, Plus, Capri)",42.0,Pants & Trousers,['Unknown'],US,93,3199,https://www.etsy.com/listing/677997991/fancy-nancy-leggings-adult-plus-capri,
Blue Cosmic Space Galaxy Stars Recycled Yoga Pants Workout Leggings: Meditation,59.9,Pants & Trousers,['recycled polyester'],US,35,251,https://www.etsy.com/listing/662194397/blue-cosmic-space-galaxy-stars-recycled,
Ladies Leopard Animal Print Women Stretch Full Length Leggings Pants,8.0266,Pants & Trousers,['Unknown'],GB,144,4069,https://www.etsy.com/listing/1152204968/ladies-leopard-animal-print-women,
Lowcountry Lifted Womens Luxe Leggings | Teal Logo,48.71,Pants & Trousers,['Unknown'],US,0,0,https://www.etsy.com/listing/4558420146/lowcountry-lifted-womens-luxe-leggings,
AK Black Pearl Pull on Horse Riding Tights,46.88660000000001,Pants & Trousers,['Unknown'],GB,31,1009,https://www.etsy.com/listing/1494048244/ak-black-pearl-pull-on-horse-riding,
Womens Leggings- Shipibo- Printed Leggings Tights- Festival Clothing For Women- Sacred Geometry Leggings- Yoga Pants- Tribal Leggings,71.0,Pants & Trousers,['recycled polyester'],IL,309,5233,https://www.etsy.com/listing/551804096/womens-leggings-shipibo-printed-leggings,
Cottagecore mushrooms Printed Pocket Shorts - OS/TC/TC2,26.0,Pants & Trousers,['polyester'],US,4,21,https://www.etsy.com/listing/4553537407/cottagecore-mushrooms-printed-pocket,
Purple Stripe High Waisted Leggings: Colorful Yoga Pants,49.95,Pants & Trousers,['Unknown'],US,26,268,https://www.etsy.com/listing/4351386712/purple-stripe-high-waisted-leggings,
Viking Armor Leggings – Norse Chainmail & Leather Print – Shieldmaiden Cosplay Pants for Women,55.99,Pants & Trousers,['leather'],US,3296,169613,https://www.etsy.com/listing/947927193/viking-armor-print-leggings-norse,
"PANASIAM Leggings Batik Leo mit Schlag - Damen Schlaghose Sport Yoga Leggings Bootcut Hose Flare Leggings Jazzpants - Braun, Größe S bis L",63.2332,Pants & Trousers,['Unknown'],DE,96,1890,https://www.etsy.com/listing/1865525714/panasiam-leggings-batik-leo-mit-schlag,
"Personalized Wife Halloween Costume 3D Bloody Creepy Legging, Bloody Horror Costume Pants, Custom Spooky Girlfriend Gift, Scary Woman Outfit",19.95,Pants & Trousers,['Unknown'],US,7,86,https://www.etsy.com/listing/4544692605/personalized-wife-halloween-costume-3d,
Glow in the Dark Sacred Geometry Yoga Leggings - Hand Made Flower of Life Pants,46.0,Pants & Trousers,['cotton'],US,1127,15732,https://www.etsy.com/listing/473404600/sacred-geometry-chakra-leggings-glow-in,
"HALF MOON - High-Waisted Pocket Leggings / Geometric Statement Yoga Pants, Abstract but minimalist | Studio yeye",78.0,Pants & Trousers,['Unknown'],US,52,2958,https://www.etsy.com/listing/4364108747/half-moon-high-waisted-pocket-leggings,
"Superwarme Kaschmir Thermo-Unterziehhose Damen – Superwarme Strickleggings als Base Layer, Winter-Long Johns, Anti-Pilling, Normal/Dick",104.03999999999999,Pants & Trousers,['wool'],DE,67,1203,https://www.etsy.com/listing/4433261669/superwarme-kaschmir-thermo-unterziehhose,
Marathon - White Rabbit Thief Leggings,45.99,Pants & Trousers,['Unknown'],US,16,228,https://www.etsy.com/listing/4525420048/marathon-white-rabbit-thief-leggings,
"Michigan Yoga Shorts | Navy Blue with Yellow Waistband, blue and yellow shorts, michigan fan, football fan, college gear, alumni, gift",22.99,Pants & Trousers,['Unknown'],US,2,68,https://www.etsy.com/listing/4483053399/michigan-yoga-shorts-navy-blue-with,
Black Cotton leggings/ Black women&#39;s yoga pants/ Organic yoga leggings/ Leggings/ Tight yoga pants ladies made of cotton/ Second skin tights,58.0,Pants & Trousers,['cotton'],UA,716,10122,https://www.etsy.com/listing/226038993/black-cotton-leggings-black-womens-yoga,
Tribal Leggings ⋙⋘ Organic Cotton,59.0,Pants & Trousers,['organic cotton'],US,13557,147735,https://www.etsy.com/listing/200783973/tribal-leggings-organic-cotton,
Gothic Wide Leg Jeans Women Black Punk Cross Rhinestone Chain Denim Pants Grunge Y2K Alternative Fashion,89.23060000000001,Pants & Trousers,['denim'],US,2,34,https://www.etsy.com/listing/4547722982/gothic-wide-leg-jeans-women-black-punk,
"Womens Leggings, Octopus Design, Women&#39;s Beach Aesthetic Fashion Pants, Custom Style, Marine Life, Fishing Aesthetics, Yoga leggings",45.99,Pants & Trousers,['polyester'],US,51,1014,https://www.etsy.com/listing/4300780359/womens-leggings-octopus-design-womens,
Victor Gym Challenger - Sword and Shield Men&#39;s Athletic Shorts,42.99,Pants & Trousers,['polyester'],US,134,1825,https://www.etsy.com/listing/759237722/victor-gym-challenger-sword-and-shield,
"Painfully Hurt Abby Bunny Bandage Yami Kawaii Tights, menhera leggings, kawaii pills tights, menhera womens leggings, kawaii leggings, yami",40.0,Pants & Trousers,['polyester'],US,1814,11773,https://www.etsy.com/listing/547677599/painfully-hurt-abby-bunny-bandage-yami,
Lowcountry Lifted Women&#39;s Leggings | White Logo,48.71,Pants & Trousers,['Unknown'],US,0,0,https://www.etsy.com/listing/4558404804/lowcountry-lifted-womens-leggings-white,
"Pink Lotus Yoga Shorts, High Waisted Workout Athletic Terylene Activewear",18.0,Pants & Trousers,['Unknown'],TR,1,12,https://www.etsy.com/listing/4537531364/pink-lotus-yoga-shorts-high-waisted,
"Kraken Leggings with pockets, Graphic Denim Tentacle Leggings with bubbles, Kraken Gift, Leggings Gift",50.0,Pants & Trousers,['denim'],US,7,0,https://www.etsy.com/listing/1580023743/kraken-leggings-with-pockets-graphic,
High Waisted Yoga Leggings (AOP),55.98,Pants & Trousers,['Unknown'],US,0,0,https://www.etsy.com/listing/1754197865/high-waisted-yoga-leggings-aop,
Rainbow Fish Scale Leggings: Colorful Yoga Gym Pants,39.27,Pants & Trousers,['polyester'],US,57,1459,https://www.etsy.com/listing/1759254546/rainbow-fish-scale-leggings-colorful,
Neon Cat Leggings – Glowing Feline Print on Black – Yoga Pants for Women,55.99,Pants & Trousers,['polyester'],US,219,4471,https://www.etsy.com/listing/757661016/cat-print-yoga-leggings-womens-workout,
Octopus Tentacle Leggings high waisted yoga leggings | ocean sea creature print,51.99,Pants & Trousers,['Unknown'],US,1,170,https://www.etsy.com/listing/4484318567/octopus-tentacle-leggings-high-waisted,
"White Yoga Leggings, Active Wear, Running Tights",30.0,Pants & Trousers,['polyester'],FI,366,7726,https://www.etsy.com/listing/661873540/white-leggings-yoga-leggings-active-wear,
"Whale Shark Low Waist Swim Shorts: Scuba diving, UPF 50+ Sun Protection Swimsuit Bottom",45.0,Pants & Trousers,['polyester'],US,14,139,https://www.etsy.com/listing/4359953381/whale-shark-low-waist-swim-shorts-scuba,
"Bamboo Leggings, High Waist Sustainable Yoga Pants with Four Way Stretch",62.0,Pants & Trousers,['bamboo'],US,70,933,https://www.etsy.com/listing/4460100655/hand-dyed-bamboo-leggings-high-waist,
"Colorful Geometric Yoga Leggings, High Waisted Activewear, Wearable Art Pants",59.99,Pants & Trousers,['Unknown'],US,0,16,https://www.etsy.com/listing/4548494275/colorful-geometric-yoga-leggings-high,
"Goddess2 Yoga Leggings – High Waist, Stretchy & Comfortable Activewear | Gaia Energy Studio",59.0,Pants & Trousers,['Unknown'],US,1,29,https://www.etsy.com/listing/4454180965/goddess2-yoga-leggings-high-waist,
"Personalized Day Of The Dead Sugar Skeleton Leggings, Hispanic Mexican Latinos Flower, Running Pants, Pocket Leggings, Latina Leggings",16.95,Pants & Trousers,['Unknown'],US,1,12,https://www.etsy.com/listing/4548848664/personalized-day-of-the-dead-sugar,
Women;s Roxanne Wolf Cosplay Freddy Costume Halloween Horror Set Rash Guard + Flared Leggings,57.7422,Pants & Trousers,['Unknown'],NL,0,0,https://www.etsy.com/listing/4558397690/womens-roxanne-wolf-cosplay-freddy,
"HARLEQUIN DIAMOND Leggings - PURPLE / Vintage circus theme, Clown core costume, halloween tights | Studio yeye",58.0,Pants & Trousers,['Unknown'],US,237,1154,https://www.etsy.com/listing/4365896397/harlequin-diamond-leggings-purple-retro,
"Superwarme gestrickte Leggings-Unterwäsche ｜ Kaschmir-Thermo-Baselayer-Hose｜Lange Unterhose für extreme Kälte , Dicke/ Mitteldicke Version",143.344,Pants & Trousers,['wool'],DE,227,3857,https://www.etsy.com/listing/4426857556/superwarme-gestrickte-leggings,
XXS-6XL leggings schwarz cutouts cut out goa pixie hooping psy burning cosplay yoga geometrisch fire save party festival gogo slit weave,34.68,Pants & Trousers,['Unknown'],DE,1473,17400,https://www.etsy.com/listing/726761546/xxs-6xl-leggings-schwarz-cutouts-cut-out,
Molly printed fabric leggings / joggers / flare leggings,45.0,Pants & Trousers,['polyester'],ZA,749,8593,https://www.etsy.com/listing/758526072/molly-printed-fabric-leggings,
"Black leggings with geometric print, Psytrance, punk, Cyberpunk",34.68,Pants & Trousers,['cotton'],IT,23,356,https://www.etsy.com/listing/4306377855/black-leggings-with-geometric-print,
Alpaka  L-XXL Leggings Blickdicht  High Waist Knöchellang für Damen (20% Alpaka) Wollmix big size,104.03999999999999,Pants & Trousers,['cashmere'],DE,25,1281,https://www.etsy.com/listing/4375826916/alpaka-l-xxl-leggings-blickdicht-high,
Halloween Skulls Allover Print Sleepwear Pants Gift Her Happy Halloween Lounge Wear Stretch Fabric Leggings Workout Stretch Durable Pants,40.99,Pants & Trousers,['Unknown'],US,0,0,https://www.etsy.com/listing/4558373693/halloween-skulls-allover-print-sleepwear,
"Camo Leggings Forest Green Yoga Pants, High Waist Hunting , Military Style Tights, Womens Outdoor Fitness Outfit Camouflage Mallard Hunt",59.0,Pants & Trousers,['Unknown'],US,9,452,https://www.etsy.com/listing/1853259610/camo-leggings-forest-green-yoga-pants,
AURORA Yoga Leggings Hand Dyed,71.0,Pants & Trousers,['cotton'],US,1150,15091,https://www.etsy.com/listing/556788229/aurora-yoga-leggings-hand-dyed,
"Silver Shattered Glass Holographic High Waisted Leggings Pants - Rave, Festival, EDM, 80s Clothing - High Waisted Funky",49.0,Pants & Trousers,['spandex'],US,488,6450,https://www.etsy.com/listing/531956869/silver-shattered-glass-holographic-high,
BLACK MAGIC III sheer stretch velvet burnout leggings,89.0,Pants & Trousers,['velvet'],US,55,414,https://www.etsy.com/listing/4514972452/black-magic-iii-sheer-stretch-velvet,
Legging | boho | collant | résille | ethnique | chevrons | festival | yoga |,27.744,Pants & Trousers,['Unknown'],FR,78,752,https://www.etsy.com/listing/1681788879/legging-o-boho-o-collant-o-resille-o,
"Best Day Ever Mouse Leggings, Womens Plus Size Leggings, Theme Park Leggings, Womens Vacation Outfit, Park Bounding Leggings",25.95,Pants & Trousers,['polyester'],US,618,16352,https://www.etsy.com/listing/734595673/best-day-ever-mouse-leggings-womens-plus,
"Brown braided leggings cotton. Cut out, yoga leggings, for festival nights.",34.68,Pants & Trousers,['cotton'],CY,3,38,https://www.etsy.com/listing/4543200449/brown-braided-leggings-cotton-cut-out,
neon pink black fishnet tights fishnet stockings double layered tattered & torn tights fishnet leggings | goth tights cyberpunk clothing,49.0,Pants & Trousers,['Unknown'],AU,316,2882,https://www.etsy.com/listing/970091109/neon-pink-black-fishnet-tights-fishnet,
Ribbed Cotton Blend Lounge Leggings: Soft Pajama Pants for Comfortable Women&#39;s Sleepwear,50.66,Pants & Trousers,['cotton'],UA,39,359,https://www.etsy.com/listing/4446053058/ribbed-cotton-lounge-leggings-soft,
"Dashiki Leggings for Women, African Print Leggings, Black Stretch Pants, Afrocentric Yoga Pants, Festival Leggings, Tribal Print Tights",13.97,Pants & Trousers,['Unknown'],US,14,248,https://www.etsy.com/listing/4510089422/dashiki-leggings-for-women-african-print,
Black Organic Cotton Leggings: High Waisted Slim Fit,26.8,Pants & Trousers,['organic cotton'],GB,234,6225,https://www.etsy.com/listing/1455728520/black-organic-cotton-leggings-high,
"Best Winter Thermal Fleece Leggings Pants – Wool Lined, Ultra Warm, Stretch Fit – Black, Grey, Skin Tone, Coffee Brown",40.0,Pants & Trousers,['merino wool'],US,57,997,https://www.etsy.com/listing/4436705834/best-winter-thermal-fleece-leggings,
cut out rave festival techno Fransen Highwaist leggings,52.019999999999996,Pants & Trousers,['Unknown'],DE,461,6275,https://www.etsy.com/listing/1747267296/cut-out-rave-festival-techno-fransen,
Psytrance Cut out leggings braided organic cotton Festival Pants Psytrance burning man gear,26.8,Pants & Trousers,['organic cotton'],GB,608,9147,https://www.etsy.com/listing/513584830/wobble-leggings-knotting-slash-and-weave,
"Naomi High Waist Leggings: Scuba, Surf & Yoga - UV Protection",70.0,Pants & Trousers,['polyester'],US,11,386,https://www.etsy.com/listing/1783902775/naomi-high-waist-leggings-scuba-surf,
"HARLEQUIN DIAMOND Leggings - Olive Green / Vintage circus core tights, Crown core outfit | Studio Yeye",58.0,Pants & Trousers,['Unknown'],US,125,822,https://www.etsy.com/listing/4389748006/harlequin-diamond-leggings-olive-green,
Mandala Fishnet Tights Witchy Lace Leggings Sacred Geometry Festival Tights Dark Boho Goth Alternative Clothing,52.0,Pants & Trousers,['lace'],AU,7,58,https://www.etsy.com/listing/4537651822/mandala-fishnet-tights-witchy-lace,
"High Waisted Cotton Spandex Yoga Capris: Cropped Leggings, Custom Length",26.95,Pants & Trousers,['cotton'],US,78,1990,https://www.etsy.com/listing/1818270529/high-waisted-cotton-spandex-yoga-capris,
Lyte Leggings: Grey Honeycomb High Waist Tummy Control (Small),24.99,Pants & Trousers,['polyester'],US,10,576,https://www.etsy.com/listing/1784604200/lyte-leggings-grey-honeycomb-high-waist,
Abstract Paint Splatter Leggings | High Waisted Yoga Leggings | Pollock Inspired,69.0,Pants & Trousers,['Unknown'],IE,0,26,https://www.etsy.com/listing/4448092803/abstract-paint-splatter-leggings-high,
"Fox and Floral Print Leggings, Black Stretchy Skinny Pants",79.99,Pants & Trousers,['Unknown'],TR,0,0,https://www.etsy.com/listing/4558358909/fox-and-floral-print-leggings-black,
Women High Waist Flare Yoga Pants Soft Stretch Gym Leggings Wide Leg Fitness Trousers,34.754999999999995,Pants & Trousers,['Unknown'],AU,3,161,https://www.etsy.com/listing/4478324524/women-high-waist-flare-yoga-pants-soft,
Hand Painted Green Leaves Tights: Sheer Botanical Pantyhose,45.083999999999996,Pants & Trousers,['nylon'],BG,138,1659,https://www.etsy.com/listing/4332111099/hand-painted-green-leaves-tights-sheer,
"Here for the Boos Halloween Leggings – Cute Ghost Print Yoga Pants, Spooky Season Witchy Activewear",52.0,Pants & Trousers,['Unknown'],US,12,114,https://www.etsy.com/listing/4376179968/here-for-the-boos-halloween-leggings,
Psytrance Leggings: Sacred Geometry Slit Weave Flower of Life Festival Dance Wear,32.160000000000004,Pants & Trousers,['cotton'],GB,1109,12790,https://www.etsy.com/listing/275313594/weave-leggings-sacred-geometry-slashed,
"Transgender Pride Flag Leggings for Trans Women, Trans Men, Trans Non Binary People",39.99,Pants & Trousers,['Unknown'],US,705,11042,https://www.etsy.com/listing/688242407/transgender-pride-flag-leggings-for,
"Brown alpaca leggings, skinny pants, natural wool trousers, knit winter pants, women leggings, knit beige, gray, black pants, woman gift",128.316,Pants & Trousers,['wool'],LT,2420,42309,https://www.etsy.com/listing/534495788/brown-alpaca-leggings-skinny-pants,
Colorful Rainbow Sushi Pattern Leggings | High Waisted Yoga Leggings,70.42,Pants & Trousers,['Unknown'],US,0,0,https://www.etsy.com/listing/4558370120/colorful-rainbow-sushi-pattern-leggings,
Autumn Leaves Yoga Leggings | Brown Cottagecore Workout Pants | Botanical High Waisted Fall Leggings,78.60799999999999,Pants & Trousers,['Unknown'],SK,2,10,https://www.etsy.com/listing/4551204214/autumn-leaves-yoga-leggings-brown,
"Yoga Leggings, Liminal Y2K 2000s Nostalgia Frutiger Aero Vaporwave Retro New Age Design, High Waisted Leggings, Workout Pants, Athletic",55.0,Pants & Trousers,['Unknown'],US,17,105,https://www.etsy.com/listing/4375943105/yoga-leggings-liminal-y2k-2000s,
"Gothic Faux Leather Lace Leggings, High Waist Black Lace Up Pants, Sheer Mesh Goth Leggings, Punk Alternative Clothing",89.99,Pants & Trousers,['leather'],US,0,5,https://www.etsy.com/listing/4556572827/gothic-faux-leather-lace-leggings-high,
Skull Pocket Leggings: Witchy Styles,27.0,Pants & Trousers,['polyester'],US,97,544,https://www.etsy.com/listing/4377336455/halloween-skull-pocket-leggings-witchy,
Zebra leggings / Zebra Yoga pants / Zebra Costume,86.95,Pants & Trousers,['Unknown'],US,23,619,https://www.etsy.com/listing/1688563634/zebra-leggings-zebra-yoga-pants-zebra,
Organic Cotton Yoga Leggings: High Waist Navy Blue Tights,45.083999999999996,Pants & Trousers,['organic cotton'],LV,91,2586,https://www.etsy.com/listing/961250366/organic-cotton-yoga-leggings-high-waist,
"TARTAN Leggings - Traditional Red Plaid / Tartan check pants, Punk Fashion | Studio Yeye",58.0,Pants & Trousers,['Unknown'],US,46,682,https://www.etsy.com/listing/4406237761/tartan-leggings-traditional-red-plaid,
Japanese Crane Leggings – Teal Wave Art High Waist for Women,55.99,Pants & Trousers,['polyester'],US,233,4301,https://www.etsy.com/listing/980648649/japanese-crane-art-leggings-high-waist,
"Poppies Print Bike Shorts: Black Cotton-Spandex Blend, USA Made",34.0,Pants & Trousers,['cotton'],US,0,0,https://www.etsy.com/listing/4558354448/poppies-print-bike-shorts-black-cotton,
Unisex 24k Gold Mars Inspired Look Iconic Blouse Video Clip Genderless & Size Inclusive Celeb Fashion,63.5222,Pants & Trousers,['recycled polyester'],NL,9,1174,https://www.etsy.com/listing/4439870750/unisex-24k-gold-mars-inspired-look,
Yoga Leggings - Shipibo ‘Icaros’,46.0,Pants & Trousers,['Unknown'],US,4,92,https://www.etsy.com/listing/1569803385/yoga-leggings-shipibo-icaros,
Doll Pink Yoga Leggings Women&#39;s Seamless Poly-Span Comfortable Everyday Workout Tights,47.0,Pants & Trousers,['Unknown'],US,0,16,https://www.etsy.com/listing/4547427891/doll-pink-yoga-leggings-womens-seamless,
"Halloween Yoga Leggings, Pumpkin Leggings, Spooky Yoga pants, Fun yoga lounge Leggings",43.99,Pants & Trousers,['Unknown'],US,1,0,https://www.etsy.com/listing/1545239136/halloween-yoga-leggings-pumpkin-leggings,
Jasmine Leggings Womens Disney Princess activewear pants run Disney Aladdin clothing workout,42.95,Pants & Trousers,['Unknown'],US,126,2425,https://www.etsy.com/listing/1693427592/womens-disney-jasmine-leggings-princess,
The Conduit Leggings ~ Women&#39;s B/W Abstract Aztec Tribal Southwest Geometric | 4-Way Soft Stretchy Pants | Unique Elevated Statement Legwear,58.0,Pants & Trousers,['Unknown'],US,0,54,https://www.etsy.com/listing/4348607271/the-conduit-leggings-womens-bw-abstract,
"Poison Dart Frog Leggings - All Over Print Yoga Pants, Unique Tropical Amphibian Pattern Tights, Vibrant Nature Graphic Stretchy Athleisure",29.95,Pants & Trousers,['polyester'],US,6,102,https://www.etsy.com/listing/4345367047/deadly-frogs-leggings-all-over-print,
Accessorize Agoraphobix double layered tattered & torn tights fishnet leggings,49.0,Pants & Trousers,['Unknown'],AU,5292,32557,https://www.etsy.com/listing/125372008/accessorize-agoraphobix-double-layered,
"Liquid Titanium™ Activewear Collection | Leggings, Capri Leggings, Biker Shorts & Sports Bra | Luxury Gym, Yoga Wear",29.99,Pants & Trousers,['Unknown'],PK,0,10,https://www.etsy.com/listing/4548477851/liquid-titanium-activewear-collection-o,
Braided leggings | Leggings | Yoga Leggings Pants | Festival Leggings | Cut Out Leggings | women’s Summer | Boho Festival Clothing,40.0,Pants & Trousers,['cotton'],IN,137,989,https://www.etsy.com/listing/1734983344/braided-leggings-o-leggings-o-yoga,
Black & Gold Gothic Circus Stripe Print Leggings | Alternative Fashion | Ringmaster Style Activewear,33.5,Pants & Trousers,['Unknown'],GB,8,83,https://www.etsy.com/listing/4520491788/black-gold-gothic-circus-stripe-print,
"Custom Face Photo Leggings with Pockets, Personalized Women&#39;s Sports Gifts",19.9,Pants & Trousers,['Unknown'],TH,0,92,https://www.etsy.com/listing/4487751459/custom-face-photo-leggings-with-pockets,
Sheer Black Spandex Dot Mesh Leggings XS S M L XL 2xl 3xl plus size stretch high-waist durable tights punk goth see-through pants,52.0,Pants & Trousers,['spandex'],US,9,124,https://www.etsy.com/listing/4531812244/sheer-black-spandex-dot-mesh-leggings-xs,
Golden Gills Leggings,71.0,Pants & Trousers,['polyester'],US,8,0,https://www.etsy.com/listing/580998862/golden-gills-leggings,
Slow Living Leggings | Women&#39;s Leggings,28.2,Pants & Trousers,['Unknown'],NL,0,27,https://www.etsy.com/listing/4540298488/slow-living-leggings-womens-leggings,
"Faux Leather Leggings Women Black – Matte High Waisted Leggings with V Waistband, Booty Lift, Shaping Fit, Stretchy Slim Pants, Yoga Pants",79.98,Pants & Trousers,['leather'],BG,1910,76359,https://www.etsy.com/listing/674626225/faux-leather-leggings-women-black-matte,
"CIRCUS STRIPE Leggings - Gold + Burgundy / Retro Clown theme, Vintage circus-core costume, Goth Punk | Studio YéYé",58.0,Pants & Trousers,['Unknown'],US,145,581,https://www.etsy.com/listing/4495738494/circus-stripe-leggings-gold-burgundy,
Organic Cotton Pocket Passionflower Leggings in Black,62.0,Pants & Trousers,['organic cotton'],US,0,0,https://www.etsy.com/listing/4558328089/organic-cotton-pocket-passionflower,
Christmas Leggings for Women - Santa Reindeer Snowflake Print - Holiday Tights Festive Workout Wear,55.99,Pants & Trousers,['polyester'],US,19,670,https://www.etsy.com/listing/920713128/womens-christmas-santa-reindeer-leggings,
Tattoo Print Mesh Leggings – Sheer Floral Festival Tights,94.08,Pants & Trousers,['Unknown'],MX,827,21517,https://www.etsy.com/listing/1821367870/antik-tattoo-print-mesh-leggings,
High-Stretch Stirrup Leggings: Biflex Slim-Fit Pants,62.0,Pants & Trousers,['Unknown'],UA,10,1223,https://www.etsy.com/listing/1904469823/high-stretch-stirrup-leggings-biflex,
Winter Berry Pattern Leggings | Navy Winter Botanical All-Over Print,42.66,Pants & Trousers,['Unknown'],US,1,10,https://www.etsy.com/listing/4556421582/winter-berry-pattern-leggings-navy,
"Samoan Ula Fala High Waisted Yoga Leggings, Polynesian Pattern Activewear for Women, Pasifika Gym Tights, IslandRise Cultural Leggings",63.0,Pants & Trousers,['Unknown'],AU,9,45,https://www.etsy.com/listing/4496030685/samoan-ula-fala-high-waisted-yoga,
Easter Bunny Leggings - High Waisted - Womens Soft Yoga Pants - Blue/Pink - OS/TC,39.99,Pants & Trousers,['polyester'],US,17,617,https://www.etsy.com/listing/1663770896/floral-easter-leggings-buttery-soft-yoga,
"Cotton Leggings, XS-XXL, Stretch Pants, Elastic Waist, Lounge Tights, Casual Leggings, Soft Cotton, Women Bottoms",24.99,Pants & Trousers,['cotton'],US,34,696,https://www.etsy.com/listing/4512348160/cotton-leggings-xs-xxl-stretch-pants,
Mixed Leather / Latex Leggings Black Yoga Pants Women Streetwear Clothing Faux Wet Look Stretchable Tights Shaping High Waist Bottoms,79.98,Pants & Trousers,['leather'],BG,1887,74435,https://www.etsy.com/listing/685704263/mixed-leather-latex-leggings-black-yoga,
Ladies Plain All Black Stretchy New Viscose Full Length Leggings,6.6866,Pants & Trousers,['viscose'],GB,112,5008,https://www.etsy.com/listing/957050003/ladies-plain-all-black-stretchy-new,
Christmas Snowman Leggings: Matching Milk Silk Yoga Pants,24.12,Pants & Trousers,['silk'],GB,22,2084,https://www.etsy.com/listing/1110517669/christmas-snowman-leggings-matching-milk,
Black and White Striped High Waisted Leggings: Women&#39;s Yoga Workout Pants,51.95,Pants & Trousers,['Unknown'],US,42,643,https://www.etsy.com/listing/4351388756/black-and-white-striped-high-waisted,
"GINGHAM LOVER Leggings - RED / Gingham check tights, Harajuku Style, Mommy and Me, Layered Fashion",58.0,Pants & Trousers,['Unknown'],US,20,143,https://www.etsy.com/listing/4365857518/gingham-lover-leggings-red-gingham-check,
Organic Cotton Pocket Ginkgo Leggings in Slate Blue,62.0,Pants & Trousers,['organic cotton'],US,0,0,https://www.etsy.com/listing/4558326493/organic-cotton-pocket-ginkgo-leggings-in,
Cyberpunk Armor Leggings – Mecha Robot Skin Print – Sci-Fi Yoga Pants for Women,55.99,Pants & Trousers,['polyester'],US,569,10570,https://www.etsy.com/listing/933980978/cyberpunk-robot-leggings-armor-skin,
Green Paisley Floral Leggings | All-Over Print,42.66,Pants & Trousers,['Unknown'],US,1,9,https://www.etsy.com/listing/4556422880/green-paisley-floral-leggings-all-over,
"Personalized Christmas Dog Leggings, Custom Pet Photo Leggings, Golden Retriever Pajama Leggings, Santa Dog Gift for Dog Mom",54.3102,Pants & Trousers,['Unknown'],GB,0,12,https://www.etsy.com/listing/4549405434/personalized-christmas-dog-leggings,
Yellow Feather Leggings: Limited Edition Yoga Rave Pants,69.3,Pants & Trousers,['Unknown'],AU,4,166,https://www.etsy.com/listing/4301795832/yellow-feather-leggings-limited-edition,
Tie Dye Flare Leggings - Women’s Size XL (16-18) - 32” Inseam Cotton Yoga Pants,27.0,Pants & Trousers,['cotton'],US,1,28,https://www.etsy.com/listing/4552404414/tie-dye-flare-leggings-womens-size-xl-16,
"Boho Paisley Yoga Set: High Waist Shorts, Crop Top, Summer Activewear",44.9,Pants & Trousers,['polyester'],US,0,65,https://www.etsy.com/listing/4485653903/boho-paisley-yoga-set-high-waist-shorts,
Women’s Yoga Shorts | High Waisted Workout Shorts | Gym Shorts for Women | Running Shorts | Activewear Fitness Shorts,57.60660000000001,Pants & Trousers,['Unknown'],GB,0,62,https://www.etsy.com/listing/4527415256/womens-yoga-shorts-o-high-waisted,
"Octopus Leggings, Beachy Yoga Pants, Ocean Lover Gift",45.99,Pants & Trousers,['Unknown'],US,53,1510,https://www.etsy.com/listing/1855957953/octopus-leggings-beachy-yoga-pants-ocean,
"High Waist Organic Cotton Leggings – Mocha, Sustainable Comfort Fit",45.0,Pants & Trousers,['organic cotton'],US,2,13,https://www.etsy.com/listing/4550145673/high-waist-organic-cotton-leggings-mocha,
"Black leggings with seams, Psytrance, punk, Cyberpunk",31.211999999999996,Pants & Trousers,['cotton'],IT,1392,15401,https://www.etsy.com/listing/1377210852/black-leggings-with-seams-psytrance-punk,
"woman leggings, yoga and workout",55.0,Pants & Trousers,['Unknown'],US,0,11,https://www.etsy.com/listing/4556653679/woman-leggings-yoga-and-workout,
"Stretch Velvet Leggings , Leggings for women , Women&#39;s Trousers Bottoms, Hight Waist Winter Leggings, Velvet Tights, Customize Leggings",101.728,Pants & Trousers,['velvet'],IT,273,4470,https://www.etsy.com/listing/1105474138/stretch-velvet-leggings-leggings-for,
Te Ka Leggings womens Moana costume Te Fiti Lava monster run Disney adult pants cosplay,45.0,Pants & Trousers,['Unknown'],US,10,190,https://www.etsy.com/listing/4362212394/te-ka-leggings-womens-moana-costume-te,
Tropical Hibiscus Leaf Leggings | High Waisted Yoga Leggings,62.84,Pants & Trousers,['Unknown'],US,0,0,https://www.etsy.com/listing/4487597089/tropical-hibiscus-leaf-leggings-high,
"Eko-printed, leggings  from cotton  natural dyeing, yoga.",23.0,Pants & Trousers,['cotton'],UA,0,6,https://www.etsy.com/listing/4555165425/eko-printed-leggings-from-cotton-natural,
"Pinky Mazing Women&#39;s Leggings, Comfy Cozy Stretchy Trousers, Lounge Pants",28.4,Pants & Trousers,['Unknown'],US,2,60,https://www.etsy.com/listing/4301487067/pinky-mazing-womens-leggings-comfy-cozy,
Jamaica flag Leggings,34.5,Pants & Trousers,['Unknown'],US,10,324,https://www.etsy.com/listing/873916985/jamaica-flag-leggings,
"HARLEQUIN DIAMOND Leggings - PUMPKIN / Retro circus theme, clown costume, Recycle fabric tights, matching outfit, halloween, yeye",58.0,Pants & Trousers,['Unknown'],US,278,2685,https://www.etsy.com/listing/4365892163/harlequin-diamond-leggings-pumpkin-retro,
Organic Cotton Pocket Moon Phases Leggings in Black,62.0,Pants & Trousers,['organic cotton'],US,0,0,https://www.etsy.com/listing/4556240910/organic-cotton-pocket-moon-phases,
Lotus Flower Leggings – Glowing Purple Pink Floral Print – Yoga Pants for Women,55.99,Pants & Trousers,['polyester'],US,41,296,https://www.etsy.com/listing/929425879/lotus-flower-yoga-leggings-floral-print,
"Superwarme gestrickte Leggings-Unterwäsche ｜ Kaschmir-Thermo-Baselayer-Hose｜Lange Unterhose für extreme Kälte , Dicke/ Mitteldicke Version",143.344,Pants & Trousers,['wool'],DE,206,3875,https://www.etsy.com/listing/4429981988/superwarme-gestrickte-leggings,
Womens Super Soft High Waisted Elasticated Lined Seamless Full Length Yoga Tummy Control Sweat Leggings,14.726600000000001,Pants & Trousers,['polyester'],GB,27,2144,https://www.etsy.com/listing/1595725108/womens-super-soft-high-waisted,
"Mickey & Minnie Halloween Leggings , Women&#39;s Sports Pants for Oogie Boogie Bash ,",40.0,Pants & Trousers,['Unknown'],PR,3,56,https://www.etsy.com/listing/4529579714/mickey-minnie-halloween-leggings-womens,
"Polka Dot Leggings, Yoga Tights, Dotted Yoga Leggings, Yoga Pants, Active wear for women, Many sizes",46.0,Pants & Trousers,['polyester'],FI,172,2084,https://www.etsy.com/listing/675635317/polka-dot-leggings-yoga-tights-dotted,
Flower Biker Shorts High Waisted Floral Pattern Yoga Shorts Pink Athletic Gift for Her,33.95,Pants & Trousers,['spandex'],US,50,1435,https://www.etsy.com/listing/1884113935/flower-biker-shorts-high-waisted-floral,
"Octopus Leggings: High Waisted Dive Yoga Pants, UPF 50+ Sun Protection Swim Leggings",70.0,Pants & Trousers,['polyester'],US,69,1111,https://www.etsy.com/listing/1074869327/octopus-leggings-high-waisted-dive-yoga,
Mistress of All Evil Leggings (Adult & Plus Sizes),42.0,Pants & Trousers,['Unknown'],US,1190,16919,https://www.etsy.com/listing/1066625989/mistress-of-all-evil-leggings-adult-plus,
Tinkerbell leggings Disney bounding athleticwear run Disney costume yoga pants green and gold,45.0,Pants & Trousers,['Unknown'],US,107,1200,https://www.etsy.com/listing/4405760196/tinkerbell-leggings-disney-bounding,
"Black and White pattern All-Over Print Plus Size Leggings, Women&#39;s Activewear",30.87,Pants & Trousers,['Unknown'],US,2,53,https://www.etsy.com/listing/1564649480/black-and-white-pattern-all-over-print,
"Capri Pants, XS-XL, Fold Over, Knee Length, Leggings, Cotton Stretch Pants, Summer Outfit, Cropped Pants, Yoga , Women Fashion",24.99,Pants & Trousers,['cotton'],US,21,838,https://www.etsy.com/listing/4519847006/capri-pants-xs-xl-fold-over-knee-length,
"Leggings featuring a whale shark print, great for SCUBA diving, yoga pants. Stylish active wear",56.0,Pants & Trousers,['Unknown'],CA,17,295,https://www.etsy.com/listing/4368230830/leggings-featuring-a-whale-shark-print,
"Custom Family Photo Leggings, Personalized Low Rise Yoga Pants",28.56,Pants & Trousers,['Unknown'],US,100,4419,https://www.etsy.com/listing/811211950/custom-family-photo-leggings,
Sheer Black Mini Stripe Leggings XS S M L XL 2xl 3xl plus size stretch high-waist mesh textured vertical stripe durable tights see through,49.0,Pants & Trousers,['spandex'],US,235,6120,https://www.etsy.com/listing/1726099181/sheer-black-mini-stripe-leggings-xs-s-m,
"Halloween Minnie and Black Spider Leggings, Halloween Disney Leggings,  Plus Size Women Leggings, Disney Halloween Outfit",35.49,Pants & Trousers,['Unknown'],US,14,330,https://www.etsy.com/listing/4355894049/halloween-minnie-and-black-spider,
Black Medieval Canvas Gaiters | Renaissance Leg Gaiters | Viking Spats | Pirate Costume | Historical Reenactment | LARP Leg Covers,139.99,Pants & Trousers,['leather'],PK,30,420,https://www.etsy.com/listing/4532972410/black-medieval-canvas-gaiters,
Abstract Gradient Lotus Leggings | Leggings,73.22,Pants & Trousers,['Unknown'],PK,0,33,https://www.etsy.com/listing/4527408368/abstract-gradient-lotus-leggings,
Red Squares “Dark Santa” Yoga Leggings XS-XL Wide Waisted Stretchy 18% spandex Tights,41.95,Pants & Trousers,['polyester'],US,2,0,https://www.etsy.com/listing/1835666621/red-squares-dark-santa-yoga-leggings-xs,
"GALAXY SILK™ Luxury Activewear Collection | Women&#39;s Galaxy Leggings, Capri, Biker Shorts & Sports Bra | Yoga Gym Wear | Gift for Her",29.99,Pants & Trousers,['silk'],PK,0,9,https://www.etsy.com/listing/4551587861/galaxy-silk-luxury-activewear-collection,
"Bat Storm Leggings - Chroma Goth, Underground Style, Harajuku Pants, Activewear",48.552,Pants & Trousers,['Unknown'],LU,0,0,https://www.etsy.com/listing/4558153639/bat-storm-leggings-chroma-goth,
"CIRCUS CIRCUS Leggings - BLACK / Retro Clown, Old Circus costume, Mommy and me, Family matching, Vintage Layered Fashion Tights, Studio yeye",58.0,Pants & Trousers,['Unknown'],US,203,811,https://www.etsy.com/listing/4364914382/circus-circus-leggings-black-retro-clown,
House Pride Sweater Leggings,42.0,Pants & Trousers,['Unknown'],US,676,12533,https://www.etsy.com/listing/623378118/house-pride-sweater-leggings,
7 Chakra Leggings – Colorful Energy Symbols on Black – High Waisted for Women,55.99,Pants & Trousers,['polyester'],US,330,4500,https://www.etsy.com/listing/762052778/chakra-leggings-black-yoga-pants,
"Onyx Slit Weave Leggings: High-Waisted, Hand-Braided Boho Rave Festival Pants",55.0,Pants & Trousers,['Unknown'],US,112,1878,https://www.etsy.com/listing/4439095253/onyx-slit-weave-leggings-high-waisted,
New multi-product listing,1.652,Pants & Trousers,['Unknown'],AU,1,1,https://www.etsy.com/listing/4556033295/new-multi-product-listing,
Bio Leggins braun,51.904399999999995,Pants & Trousers,['Unknown'],DE,132,3162,https://www.etsy.com/listing/713837315/bio-leggins-braun,
"Ladies jogger pants merino wool leggings, ladies lounge pants, tracksuit bottoms, legging for sport, runner gear, gymwear women, underpants",64.99,Pants & Trousers,['merino wool'],CA,405,9704,https://www.etsy.com/listing/4343693720/ladies-jogger-pants-merino-wool-leggings,
Red Lace Tights Black Ripped Fishnet Tights floral tights Gothic Witchy Leggings Dark Romantic Alternative Distressed Tights,52.0,Pants & Trousers,['lace'],AU,9,35,https://www.etsy.com/listing/4545375715/red-lace-tights-black-ripped-fishnet,
"3/4 Length Cotton Leggings, Handmade Capri Yoga Pants, Stretch Boho Trousers, Comfortable Activewear, Casual Lounge Pants for Women",53.16444,Pants & Trousers,['cotton'],IN,333,7040,https://www.etsy.com/listing/672973932/34-length-women-trouser-leggings-cotton,
Etsy Top Seller! Classic Black White Houndstooth Leggings ~ Women’s Timeless Elevated Casual Checked 4-Way Butter Soft Stretchy Tights Pants,58.0,Pants & Trousers,['Unknown'],US,38,1323,https://www.etsy.com/listing/929216566/best-seller-classic-black-white,
"Custom College, Team, Dance, Company Apparel Super Soft Striped Flowy Lounge Pants, Dorm Wear, Bed Party Gift, Commitment, Game Day Tailgate",39.0,Pants & Trousers,['Unknown'],US,126,5233,https://www.etsy.com/listing/4351573344/custom-college-team-dance-company,
Black See Through Disco Style Leggings | Sheer Footless Tights | Rave Wear,41.808,Pants & Trousers,['Unknown'],GB,1,25,https://www.etsy.com/listing/4552126276/black-see-through-disco-style-leggings,
Blue Cheetah Print Athletic Leggings: High Waisted Tummy Control,22.95,Pants & Trousers,['polyester'],US,15,400,https://www.etsy.com/listing/1605958701/blue-cheetah-print-athletic-leggings,
"Purple Mystique Metallic Leggings Pants - Rave, Festival, EDM, 80s Clothing - High Waisted Funky",49.0,Pants & Trousers,['spandex'],US,480,8288,https://www.etsy.com/listing/568653102/purple-mystique-metallic-leggings-pants,
"Customized High Waist Cotton Leggings With Phone Pocket, Buttery Ultra Soft Premium Yoga Pants, Personalized",59.0,Pants & Trousers,['cotton'],US,55,2064,https://www.etsy.com/listing/1765836764/high-waist-cotton-leggings-with-phone,
"Women&#39;s fitness leggings with pockets,solid high waisted gathered polyester fitness leggings,overalls, gifts for her,personalized yoga pants",55.0,Pants & Trousers,['cotton'],MY,92,4637,https://www.etsy.com/listing/1739454551/womens-fitness-leggings-with,
Jack Stripes - Leggings,39.0,Pants & Trousers,['polyester'],US,176,1806,https://www.etsy.com/listing/617437328/jack-stripes-leggings,
Black Cotton leggings/ Sport yoga leggings/ Gym leggings/ Leggings for training/ Training pants/ Cotton clothing/ Cotton leggings for yoga,55.0,Pants & Trousers,['organic cotton'],UA,80,1229,https://www.etsy.com/listing/916615816/black-cotton-leggings-sport-yoga,
Zebra Print High Waisted Leggings | Black White Animal Athleisure Pants,52.12,Pants & Trousers,['Unknown'],US,0,61,https://www.etsy.com/listing/4529161620/zebra-print-high-waisted-leggings-black,
Pastel Watercolor Daisy Floral Yoga Capri Leggings with inside pocket,38.99,Pants & Trousers,['Unknown'],US,7,398,https://www.etsy.com/listing/1738589619/pastel-watercolor-daisy-floral-yoga,
"Personalized Bachelorette Leggings, Custom Text Yoga Pants",12.99,Pants & Trousers,['Unknown'],US,6,237,https://www.etsy.com/listing/4458226089/personalized-bachelorette-leggings,
"Aztec Print Leggings, Bohemian Yoga Pants, Vintage Tribal Pattern, High Waisted",49.29093999999999,Pants & Trousers,['polyester'],CA,12,243,https://www.etsy.com/listing/1716930403/brown-aztec-leggings-vintage-tribal,
"Owl Yoga Leggings: Nature Print, High-Waisted, Ultra-Soft",20.0,Pants & Trousers,['Unknown'],US,124,1910,https://www.etsy.com/listing/1753934093/owl-yoga-leggings-nature-print-high,
High waist leggings Stretch casual leggings for women Faux suede beige slim pants,19.5,Pants & Trousers,['polyester'],UA,163,3599,https://www.etsy.com/listing/986715865/high-waist-leggings-stretch-casual,
Personalized &quot;This Ass Belongs To&quot; Leggings – Funny Valentine&#39;s Gift,5.95,Pants & Trousers,['polyester'],US,61,2391,https://www.etsy.com/listing/4330171332/personalized-this-ass-belongs-to,
"CARNIVAL STRIPE - High-Waisted Pocket Leggings / Circus theme tights, Striped pants | Studio Yeye",78.0,Pants & Trousers,['Unknown'],US,114,775,https://www.etsy.com/listing/4363772108/carnival-stripe-high-waisted-pocket,
Go Pats Go Leggings ~ Women&#39;s Blue White Red New England Football Sports Fan Stretchy Pants | NFL Game Day Tailgating Statement Tights,58.0,Pants & Trousers,['Unknown'],US,1,31,https://www.etsy.com/listing/4542162037/go-pats-go-leggings-womens-blue-white,
Koi Fish Leggings – Gold Peony Japanese Tattoo Print – Yoga Pants for Women,55.99,Pants & Trousers,['polyester'],US,185,2656,https://www.etsy.com/listing/977113444/koi-fish-yoga-leggings-japanese-style,
Lipedema Awareness High Waisted Yoga Leggings | Chronic Illness Activewear | Compression Support Pants,47.99,Pants & Trousers,['Unknown'],US,1,290,https://www.etsy.com/listing/4479465824/lipedema-awareness-high-waisted-yoga,
Boho Yoga Shorts | Moon Phase | Botanical Print | Active Shorts,19.99,Pants & Trousers,['Unknown'],TR,0,3,https://www.etsy.com/listing/4547951529/boho-yoga-shorts-moon-phase-botanical,
"High Waist Biker Shorts – Black White Smoke Print, Athletic Compression Leggings",39.99,Pants & Trousers,['Unknown'],US,1,21,https://www.etsy.com/listing/4548333807/high-waist-biker-shorts-black-white,
Sissy Girl Leggings - lip smacking pink on black,59.496,Pants & Trousers,['Unknown'],US,219,5277,https://www.etsy.com/listing/635927623/sissy-girl-leggings-lip-smacking-pink-on,
Denim All-Over Print Plus Size Yoga Leggings/Jeggings Women&#39;s Activewear,30.87,Pants & Trousers,['denim'],US,9,431,https://www.etsy.com/listing/1380214508/denim-all-over-print-plus-size-yoga,
High Waisted Yoga Leggings -  Pink *Love - Design by Olivia,48.0,Pants & Trousers,['Unknown'],US,0,0,https://www.etsy.com/listing/4558173255/high-waisted-yoga-leggings-pink-love,
"Christmas Light Leggings Christmas Pattern Christmas Yoga Pants Black Holiday Outfit Christmas Tree For Girls and Women - Regular,High Waist",39.95,Pants & Trousers,['Unknown'],US,399,9578,https://www.etsy.com/listing/639889536/christmas-light-leggings-christmas,
"Leggings mit gestreiftem Feuermuster, gebleicht, apokalyptisch, oversize plussize curvy",39.303999999999995,Pants & Trousers,['Unknown'],DE,125,1480,https://www.etsy.com/listing/1690913892/leggings-mit-gestreiftem-feuermuster,
Yoga Pants - White,45.0,Pants & Trousers,['Unknown'],US,1,98,https://www.etsy.com/listing/1758930221/yoga-pants-white,
Japanese Triple Cat Tomoe Motif Yoga Leggings,56.5,Pants & Trousers,['Unknown'],JP,0,10,https://www.etsy.com/listing/4548415954/japanese-triple-cat-tomoe-motif-yoga,
Rose Gold Metallic Leggings | High Waist Shiny Wet Look Yoga Pants | Stretchy Activewear Tights | Festival & Everyday Women’s Outfit V-shape,79.98,Pants & Trousers,['leather'],BG,179,6708,https://www.etsy.com/listing/789918970/rose-gold-metallic-leggings-o-high-waist,
Women&#39;s Handmade Leather Beaded Leggings | Native Inspired Dance Regalia | Women&#39;s Powwow Outfit PLG58,299.0,Pants & Trousers,['leather'],US,5,728,https://www.etsy.com/listing/4515174628/womens-handmade-leather-beaded-leggings,
"African Print Leggings, Black and Gold HDMX Yoga Pants, Afrocentric Women&#39;s Activewear, Bold Streetwear Leggings",27.0,Pants & Trousers,['Unknown'],US,1,18,https://www.etsy.com/listing/4531110474/african-print-leggings-black-and-gold,
Brasil Flag Leggings: Women&#39;s Casual Sport Tights,35.92,Pants & Trousers,['polyester'],US,12,293,https://www.etsy.com/listing/1039324953/brasil-flag-leggings-womens-casual-sport,
Sheer Mocha Mesh High Waist Stirrup Leggings Transparent Minimalist Fashion Tights Women Elegant,150.0,Pants & Trousers,['Unknown'],UA,5,129,https://www.etsy.com/listing/4505692561/sheer-mocha-mesh-high-waist-stirrup,
High Waisted Polka Dot Yoga Leggings | Black White Scattered Dot Print,54.43604,Pants & Trousers,['Unknown'],HR,0,72,https://www.etsy.com/listing/4473981592/high-waisted-polka-dot-yoga-leggings,
Black Holographic Disco Mermaid High Waisted Leggings,53.6,Pants & Trousers,['spandex'],GB,82,1735,https://www.etsy.com/listing/1419178367/black-holographic-disco-mermaid-high,
Womens Disney Frozen Elsa Leggings Costume Running outfit Frozen 2 Disney on Ice Snow Queen pants,45.0,Pants & Trousers,['Unknown'],US,114,1664,https://www.etsy.com/listing/1606402754/womens-disney-frozen-elsa-leggings,
"GEOMETRIC DOTS - High-Waisted Pocket Leggings / Abstract Unique Leggings, Statement Gym Outfit | Studio Yeye",78.0,Pants & Trousers,['Unknown'],US,12,239,https://www.etsy.com/listing/4364106613/geometric-dots-high-waisted-pocket,
Fractal Floral Leggings: Tropical Designer Yoga Gym Wear,39.89,Pants & Trousers,['polyester'],US,29,741,https://www.etsy.com/listing/1760377586/fractal-floral-leggings-tropical,
MTO Hemp fleece leggings highwaist,100.0,Pants & Trousers,['hemp'],US,211,3144,https://www.etsy.com/listing/1196780001/mto-hemp-fleece-leggings-highwaist,
Print Sublimation Leggings – High Waist Yoga Pants | Colorful Paisley & Floral Pattern Workout Leggings | Fitness Leggings for Women,20.0866,Pants & Trousers,['polyester'],GB,2,85,https://www.etsy.com/listing/4398089985/print-sublimation-leggings-high-waist,
"Custom Capri Leggings, Moisture-Wicking Polyester Spandex, Activewear for Women",35.61,Pants & Trousers,['polyester'],US,0,3,https://www.etsy.com/listing/4550045565/custom-capri-leggings-moisture-wicking,
Floral Yoga Leggings: High-Waisted Botanical Print Workout Pants,64.49,Pants & Trousers,['polyester'],US,41,654,https://www.etsy.com/listing/1896707121/floral-yoga-leggings-high-waisted,
"Look Upon My Works Ye Mighty And Despair - Ozymandias, Percy Bysshe Shelley, Poetry, Meme Booty Shorts",35.99,Pants & Trousers,['Unknown'],US,844,8156,https://www.etsy.com/listing/1065226969/look-upon-my-works-ye-mighty-and-despair,
"Red Tartan Plaid Leggings - Soft High Waisted Stretchy Pants for Women, Cozy Holiday Winter Tartan Loungewear, Scottish Check Print Tights",29.95,Pants & Trousers,['polyester'],US,5,313,https://www.etsy.com/listing/4355609443/red-tartan-plaid-leggings-scottish,
Angel Wings Yoga Leggings – Light Blue Flare Leggings with Foldover Waistband,53.0,Pants & Trousers,['Unknown'],NO,3,58,https://www.etsy.com/listing/4512877960/angel-wings-yoga-leggings-light-blue,
High Waisted Yoga Leggings (AOP),81.5,Pants & Trousers,['Unknown'],US,0,0,https://www.etsy.com/listing/4558148536/high-waisted-yoga-leggings-aop,
Festival SlitWeave Braided Yoga Leggings Dystopian Clothes Cyber Punk Flow Clothes Burning Man SpinWear Cut Up Leggings Distressed Leggings,59.95,Pants & Trousers,['cotton'],US,1447,17880,https://www.etsy.com/listing/268327159/festival-slitweave-braided-yoga-leggings,
Lilac Doe Print Tights – Pastel Goth High-Stretch Footed Legwear tights,35.0,Pants & Trousers,['Unknown'],US,8,38,https://www.etsy.com/listing/4507689514/lilac-doe-print-tights-pastel-goth-high,
Mermaid Legging for Surf/Yoga by Nalu Tribe,58.0,Pants & Trousers,['spandex'],US,1788,9852,https://www.etsy.com/listing/197014824/mermaid-legging-for-surfyoga-by-nalu,
WOOL ALPACA knitted warm leggings for women skinny pants trousers sweatpants slim fit pants black pink blue white gray,132.94,Pants & Trousers,['wool'],LT,1697,36621,https://www.etsy.com/listing/610135684/wool-alpaca-knitted-warm-leggings-for,
Tie Dye Cut Out Braided Leggings Organic Cotton Festival Pants Unique Rave Yoga Wear,29.48,Pants & Trousers,['organic cotton'],GB,845,8244,https://www.etsy.com/listing/156357420/tie-dye-ladder-leggings-festival-knot,
Women&#39;s Low Rise Cotton Spandex Leggings - Long Inseam Yoga Tights,28.95,Pants & Trousers,['cotton'],US,46,2495,https://www.etsy.com/listing/1792390032/womens-low-rise-cotton-spandex-leggings,
Corgi Butt Leggings© Black Large/XL - The original,63.58,Pants & Trousers,['Unknown'],FR,399,60335,https://www.etsy.com/listing/659010786/corgi-butt-leggings-black-largexl-the,
"STARDUST CIRCUS Leggings / Retro circus theme tights, Vintage clown core, Mid-century | Studio YéYé",58.0,Pants & Trousers,['Unknown'],US,149,473,https://www.etsy.com/listing/4520331923/stardust-circus-leggings-retro-circus,
African Tribal Print Leggings: Colorful Abstract Design,39.27,Pants & Trousers,['polyester'],US,22,515,https://www.etsy.com/listing/1790214320/african-tribal-print-leggings-colorful,
High Waisted Yoga Leggings (AOP),52.99,Pants & Trousers,['Unknown'],US,0,0,https://www.etsy.com/listing/4558146960/high-waisted-yoga-leggings-aop,
Mesh Leggings Sport Urban Yoga Schwarz Waldgrün,45.083999999999996,Pants & Trousers,['nylon'],DE,68,0,https://www.etsy.com/listing/1318292465/mesh-leggings-sport-urban-yoga-schwarz,
"Plus Size Luxury Marble Leggings - IVORY VEIN™ Gold and White High Waisted Yoga Pants, All Over Print Workout Tights, Flattering Activewear",67.0,Pants & Trousers,['Unknown'],PK,0,0,https://www.etsy.com/listing/4558111244/plus-size-luxury-marble-leggings-ivory,
"Black Capri Leggings, 3/4 Length Cotton Yoga Pants, Handmade Boho Activewear, Stretch Workout Leggings, Comfortable Capri Tights for Women",46.22844,Pants & Trousers,['cotton'],IN,316,5982,https://www.etsy.com/listing/496839042/black-capri-leggings-34-length-yoga,
Jungle Pixie Leggings Shipibo Tribal Leggings High Waist Woman Yoga Tight Leggings Fairy Costume Hippie Psytrance Festival,32.252399999999994,Pants & Trousers,['cotton'],PL,301,4758,https://www.etsy.com/listing/1803048353/jungle-pixie-leggings-shipibo-tribal,
Handmade  Hiking Boot Gaiters | Outdoor Leg Gaiters | Cosplay Footwear | Medieval Combat Shoes |  Taller Spats with Antiqued Brass,279.99,Pants & Trousers,['leather'],PK,0,0,https://www.etsy.com/listing/4558062754/handmade-hiking-boot-gaiters-outdoor-leg,
"Fleece Lined - High Waisted - Leggings/ Tights, Winter, Warm",19.99,Pants & Trousers,['nylon'],US,80,2290,https://www.etsy.com/listing/1745316811/fleece-lined-high-waisted-leggings,
Plain Leggings ~ Organic Cotton,59.0,Pants & Trousers,['organic cotton'],US,1571,22179,https://www.etsy.com/listing/158298725/plain-leggings-organic-cotton,
Skull Pocket Leggings: Witchy Styles,26.0,Pants & Trousers,['polyester'],US,53,337,https://www.etsy.com/listing/4374147271/skull-pocket-leggings-witchy-styles,
"Maroon Leggings, Buttery Soft, High Waist Yoga Pants, Women&#39;s Sizes OS/TC",39.99,Pants & Trousers,['polyester'],US,17,419,https://www.etsy.com/listing/1736709376/maroon-leggings-high-waisted-buttery,
Maleficent activewear shorts Disney villain yoga shorts Disney run costume Sleeping Beauty,37.0,Pants & Trousers,['Unknown'],US,15,191,https://www.etsy.com/listing/1891616519/maleficent-activewear-shorts-disney,
"80&#39;s New Wave Stirrup Pants, Black Leggings, Women Leggings, Cotton Leggings, Black Stirrup, High Waist Leggings with Pockets, 80&#39;s Leggings",89.0,Pants & Trousers,['cotton'],IT,49,1767,https://www.etsy.com/listing/720425164/80s-new-wave-stirrup-pants-black,
Raven Braided Ripped Leggings: Festival Hoop Fashion,54.0,Pants & Trousers,['cotton'],US,2191,24347,https://www.etsy.com/listing/1178402613/raven-braided-ripped-leggings-festival,
Glow in the Dark Metatron&#39;s Cube Leggings - Hand Made Sacred Geometry Yoga Leggings,46.0,Pants & Trousers,['cotton'],US,6068,22451,https://www.etsy.com/listing/209400660/platonic-crystal-leggings-glow-in-the,
Metal Threads Wild Side custom made to order Black leopard zebra print lace up pants studded leggings spandex glam rock 80&#39;s 70&#39;s,335.29999999999995,Pants & Trousers,['spandex'],AU,727,21737,https://www.etsy.com/listing/662652161/metal-threads-wild-side-custom-made-to,
Tropical Birds and Palm Leaf Print Leggings,61.0,Pants & Trousers,['polyester'],US,33,662,https://www.etsy.com/listing/569627150/tropical-birds-and-palm-leaf-print,
"Capri Leggings Women, Running Pants, Pilates & Mobility Pants, High-Waist Yoga Capris, Gym Gift for Her, 3/4 Yoga Pants",25.0,Pants & Trousers,['Unknown'],US,0,8,https://www.etsy.com/listing/4541937739/capri-leggings-women-running-pants,
Crow Tree Design Yoga Leggings: High-Waisted Activewear,72.39,Pants & Trousers,['polyester'],US,108,2549,https://www.etsy.com/listing/1847554054/crow-tree-design-yoga-leggings-high,
Noir Flow: Yoga Shorts,28.462,Pants & Trousers,['Unknown'],SE,1,75,https://www.etsy.com/listing/1873400415/noir-flow-yoga-shorts,
Leggings Bamboo Fleece Cotton Super Soft - NO TARIFFS/ import fees for USA.,68.59,Pants & Trousers,['cotton'],CA,1229,25684,https://www.etsy.com/listing/605501661/leggings-bamboo-fleece-cotton-super-soft,
"Green and white Plaid Leggings, cute yoga Leggings, New York themed leggings, football fan pants, game day clothes, Women&#39;s Leggings,  gift",65.0,Pants & Trousers,['Unknown'],US,0,0,https://www.etsy.com/listing/4558112326/green-and-white-plaid-leggings-cute-yoga,
"High Waisted Floral Leggings, Artistic Yoga Pants, Stretchy Workout Tights",33.4866,Pants & Trousers,['polyester'],GB,5,211,https://www.etsy.com/listing/4463577574/high-waisted-floral-leggings-artistic,
POST PUNK STRIPE Leggings - Beige / Diagonal stripe tights - Alt fashion - New wave outfit | Studio yeye,58.0,Pants & Trousers,['Unknown'],US,6,48,https://www.etsy.com/listing/4516743170/post-punk-stripe-leggings-beige-diagonal,
High Waisted Yoga Leggings (AOP),52.99,Pants & Trousers,['Unknown'],US,0,0,https://www.etsy.com/listing/4558124423/high-waisted-yoga-leggings-aop,
Handmade Leather Spats | Boot Covers |  Leg Armor | Leg Guards | Pirate Costume | Historical Reenactment | Viking Spats,269.99,Pants & Trousers,['leather'],PK,1,0,https://www.etsy.com/listing/4558034775/handmade-leather-spats-boot-covers-leg,
Haunted Mansion womens Leggings Disney cosplay Halloween pants adult athletic wear workout run Disney,45.0,Pants & Trousers,['Unknown'],US,45,239,https://www.etsy.com/listing/4334728117/haunted-mansion-womens-leggings-disney,
"Blue Yoga Leggings, Blue Ombre, Tie Dye, High Waist, Long Length, Handmade by Ombeautiful",69.0,Pants & Trousers,['cotton'],US,10014,22922,https://www.etsy.com/listing/116942959/blue-yoga-leggings-blue-ombre-tie-dye,
Stretch-Cotton Bloom Pink Solid Color Print Seamless - Ladies Cut & Sew Poly-Span Casual Leggings,42.0,Pants & Trousers,['cotton'],US,0,10,https://www.etsy.com/listing/4512366015/cotton-bloom-pink-color-womens-poly-span,
"Hungry Jungle Yoga Leggings | Fitness Leggings based on a Painting by: Abner Harris | A Forest of Angry Tees, Nightmare Cannibal Creatures",46.900000000000006,Pants & Trousers,['Unknown'],GB,0,25,https://www.etsy.com/listing/4478057823/hungry-jungle-dark-yoga-leggings,
PANASIAM Batik Leggings Blattmuster - florales Muster - abstraktes Streifen Muster - Unikat handgefertigt - Yoga Sport Fitness - Goa Boho,50.170399999999994,Pants & Trousers,['Unknown'],DE,79,901,https://www.etsy.com/listing/1689082254/panasiam-batik-leggings-blattmuster,
"Red White Polka Dot Leggings, Christmas Mommy and Me Women Yoga Pants Print Cute Graphic Workout Running Fun Designer Kids Girls Matching",39.98,Pants & Trousers,['Unknown'],US,18,0,https://www.etsy.com/listing/731012480/red-white-polka-dot-leggings-christmas,
"Leggings for Women, Tiger Fur Design, Custom Print Handmade",46.0,Pants & Trousers,['fur'],US,92,2558,https://www.etsy.com/listing/589588217/leggings-for-women-tiger-fur-design,
Prized & Purple Leggings ~ Women&#39;s Lavendar Pastels Abstract Geometric Color Blocks Stretch Tights Pants | Unique Fashion Athleisure Legwear,58.0,Pants & Trousers,['Unknown'],US,2,50,https://www.etsy.com/listing/1469304446/prized-purple-leggings-womens-lavendar,
True Crime Serial Killer High Waisted Yoga Leggings (AOP),42.90846,Pants & Trousers,['Unknown'],CA,47,810,https://www.etsy.com/listing/1772954230/true-crime-serial-killer-high-waisted,
"Burlesque Leggings , garter leggings, Womens tights, stockings, bottoms, tights,",58.0,Pants & Trousers,['polyester'],US,10471,50557,https://www.etsy.com/listing/154146388/burlesque-leggings-garter-leggings,
"Bleached Leggings, Queen Of Hearts Leggings, QOH Leggings, BWC Leggings, Hotwife Leggings, Cuckold Leggings, Interracial Leggings",53.586600000000004,Pants & Trousers,['Unknown'],GB,148,5952,https://www.etsy.com/listing/1339872903/bleached-leggings-queen-of-hearts,
Hash House Leggings,43.349999999999994,Pants & Trousers,['Unknown'],NL,0,45,https://www.etsy.com/listing/4498268657/hash-house-leggings,
"This Place Is Not A Place Of Honor - Meme, Apocalyptic, Nuclear Waste, Booty Shorts",35.99,Pants & Trousers,['lace'],US,726,23031,https://www.etsy.com/listing/1040185896/this-place-is-not-a-place-of-honor-meme,
"White leggings, cotton leggings with unique print",88.0,Pants & Trousers,['cotton'],ID,16,237,https://www.etsy.com/listing/1580507842/white-leggings-cotton-leggings-with,
"Black Viscose Leggings: Ribbed One Leg, Extra Long Tights",102.88399999999999,Pants & Trousers,['leather'],BG,3476,63762,https://www.etsy.com/listing/487787071/black-viscose-leggings-ribbed-one-leg,
"Tropical Palm Leaf Capri Leggings – High Waist Yoga, Running, Gym",61.0,Pants & Trousers,['polyester'],US,35,1576,https://www.etsy.com/listing/708860914/palm-leaf-capri-yoga-pants-high-waist,
"UPS Strong Leggings, Polyester Spandex Blend",39.99,Pants & Trousers,['polyester'],US,6,472,https://www.etsy.com/listing/1863768556/ups-leggings-ups-strong-leggings,
"High Rise Fleece Lined Leggings | Satin Finish, One Size Fits 8-16",12.046600000000002,Pants & Trousers,['fleece'],GB,16,589,https://www.etsy.com/listing/4397315999/high-rise-fleece-lined-leggings-satin,
Black and White Checkered Flare leggings,52.0,Pants & Trousers,['Unknown'],US,8,141,https://www.etsy.com/listing/1754213661/black-and-white-checkered-flare-leggings,
"MISMATCH BOX High-Waisted Pocket Leggings / Abstract Fashion Leggings, Gym Running Yoga pants | Studio yeye",78.0,Pants & Trousers,['Unknown'],US,21,301,https://www.etsy.com/listing/4363461029/mismatch-box-high-waisted-pocket,
Leather Full Length Gaiters | Handmade Gaiters |  Leather Gaiters | Boot Covers |  Leather Boot Cover | Hiking Boot Gaiters | Outdoor Gaiter,259.99,Pants & Trousers,['leather'],PK,0,0,https://www.etsy.com/listing/4558020957/leather-full-length-gaiters-handmade,
Moana Yoga Leggings Womens Disney pants cosplay Disney bounding run Disney athleticwear,45.0,Pants & Trousers,['Unknown'],US,63,817,https://www.etsy.com/listing/4386044908/moana-yoga-leggings-womens-disney-pants,
"Workout Yoga Woman Leggings, Ankle Length, Mandala, Spiritual Hippy Clothing, Rave, Festival, Boho Pants, Festival clothes, Vegan Art, Cyan",54.540079999999996,Pants & Trousers,['Unknown'],LV,13,0,https://www.etsy.com/listing/975632955/workout-yoga-woman-leggings-ankle-length,
The ULTIMATE Legwarmers ~Leggings~Layers~Warm~Fleece~Cozy~Long~Fun~Functional~ 20 Plus Colors~ Unisex~ Gift Idea,22.0,Pants & Trousers,['cotton'],US,262,8037,https://www.etsy.com/listing/1127783627/the-ultimate-legwarmers,
"QuinciesQuestCo Women&#39;s Polyester Yoga Shorts (can run small, size up)",16.21,Pants & Trousers,['polyester'],US,0,0,https://www.etsy.com/listing/4558048373/quinciesquestco-womens-polyester-yoga,
"Super soft, stretchy, and comfortable Yoga Leggings",34.68,Pants & Trousers,['Unknown'],US,0,42,https://www.etsy.com/listing/4534013521/super-soft-stretchy-and-comfortable-yoga,
"Custom College, Team, Dance, Company Apparel Soft Flowy Lounge Pants, Dorm Wear, Bed Party Gift, Commitment, Game Day, Tailgate",39.0,Pants & Trousers,['Unknown'],US,52,2275,https://www.etsy.com/listing/4351365295/custom-college-team-dance-company,
Swirl Pattern Yoga Leggings Women Activewear Stretch High-Waist Fitness Pants Comfort Design Apparel,51.5,Pants & Trousers,['Unknown'],US,0,24,https://www.etsy.com/listing/4421763942/swirl-pattern-yoga-leggings-women,
"Muscle High Waisted Leggings for Women, workout leggings, plus size gym leggings, squat proof leggings, yoga pants, anatomy leggings",45.00308,Pants & Trousers,['polyester'],BG,1829,51126,https://www.etsy.com/listing/823899034/muscle-high-waisted-leggings-for-women,
Handmade high waisted blue foil print shimmer leggings,111.3,Pants & Trousers,['Unknown'],AU,0,26,https://www.etsy.com/listing/4528202959/handmade-high-waisted-blue-foil-print,
"Super Soft YOGA Floral LEGGINGS For WORKOUT, Flexible And Unique Gym Apparel For Women, Gift For Fitness Lover",28.0,Pants & Trousers,['Unknown'],US,0,80,https://www.etsy.com/listing/1590241517/super-soft-yoga-floral-leggings-for,
Organic Cotton Leggings ⋙⋘ Natural Cream Yoga Pants,59.0,Pants & Trousers,['organic cotton'],US,351,7624,https://www.etsy.com/listing/759126339/organic-cotton-leggings-natural-cream,
"Arcane Jinx Capri Leggings, Netflix League of Legends Inspired Cosplay Casual Purple Pants Lol Video Gaming Apparel Birthday Gift for Her",52.0,Pants & Trousers,['Unknown'],US,306,4561,https://www.etsy.com/listing/1858390596/arcane-jinx-capri-leggings-netflix,
"Mermaid Scale Yoga Leggings: Customizable Colors, Hidden Pocket",57.0,Pants & Trousers,['Unknown'],US,114,1644,https://www.etsy.com/listing/691361635/mermaid-scale-yoga-leggings-customizable,
Aqua Blue Mermaid Scales Fantasy Recycled Yoga Pants Workout Leggings: Meditation,59.9,Pants & Trousers,['recycled polyester'],US,16,199,https://www.etsy.com/listing/862079331/aqua-blue-mermaid-scales-fantasy,
Darkstalkers Inspired Leggings Morrigan or Lilith Cosplay Tights,43.32,Pants & Trousers,['polyester'],CA,1369,25035,https://www.etsy.com/listing/256104776/darkstalkers-inspired-leggings-morrigan,
Legging tribal,34.68,Pants & Trousers,['Unknown'],FR,196,3562,https://www.etsy.com/listing/1793214445/legging-tribal,
"LEOPARD LOVER Leggings - FUCHSIA / Punk Rock Fashion, Animal Print Pants, Hot pink tights",58.0,Pants & Trousers,['Unknown'],US,156,958,https://www.etsy.com/listing/4365927616/leopard-lover-leggings-fuchsia-punk-rock,
Handmade Leather Gaiters | Cosplay Boot Covers | Ranger Gaiters | Renaissance Leg Gaiters | Viking Spats |  Pirate Costume | Leg Covers,249.99,Pants & Trousers,['leather'],PK,0,0,https://www.etsy.com/listing/4557968675/handmade-leather-gaiters-cosplay-boot,
"Galaxy Yoga Woman Leggings, Blue Cyan, Ankle Length, Hippy Clothing, Sustainable, Festival, Squat proof, Super stretchy, High waist, Epic",55.753879999999995,Pants & Trousers,['Unknown'],LV,2,0,https://www.etsy.com/listing/963825860/galaxy-yoga-woman-leggings-blue-cyan,
Christmas Leggings Candy cane stripped womens leggings red and green holiday pants,45.0,Pants & Trousers,['Unknown'],US,24,328,https://www.etsy.com/listing/1828936261/christmas-leggings-candy-cane-stripped,
Light Blue High Waisted Leggings – Soft Stretch Yoga Pants,46.94,Pants & Trousers,['polyester'],US,4,392,https://www.etsy.com/listing/4421771341/light-blue-yoga-leggings-high-waist,
"Goth Death Moth Leggings - Women&#39;s Leggings, Luna Moth Trendy Tights, Dark Aesthetic, Vintage Vibe Gift for Goth",33.0,Pants & Trousers,['Unknown'],CA,61,378,https://www.etsy.com/listing/1794932880/goth-death-moth-leggings-womens-leggings,
"High Waisted Solid Color Leggings, Buttery Soft Athleisure, XS-5XL",29.422172,Pants & Trousers,['Unknown'],PH,2,152,https://www.etsy.com/listing/4423669676/solid-color-high-waisted-leggings-for,
Sage Green Leggings  Country Floral Women&#39;s High Waist Leggings,23.42,Pants & Trousers,['Unknown'],US,1,76,https://www.etsy.com/listing/1276175879/sage-green-country-floral-womens-high,
"Elegant Leaf Print Yoga Leggings, Dark Blue Athletic Pants, Pilates Fitness Gym Wellness, Women&#39;s Workout Leggings",51.0,Pants & Trousers,['Unknown'],US,6,174,https://www.etsy.com/listing/1872371462/elegant-leaf-print-yoga-leggings-dark,
Only Latex Turquoise Leggings Female for Woman | Blue,160.0,Pants & Trousers,['Unknown'],UA,16,565,https://www.etsy.com/listing/4318372833/only-latex-turquoise-leggings-female-for,
honeycomb style white and black colour leggings M and L size,20.1,Pants & Trousers,['Unknown'],GB,0,0,https://www.etsy.com/listing/4557998391/honeycomb-style-white-and-black-colour,
Paisley Velvet Bell Bottoms: High Waisted Bohemian Festival Fashion,93.80000000000001,Pants & Trousers,['velvet'],GB,375,10052,https://www.etsy.com/listing/1797082469/paisley-velvet-bell-bottoms-high-waisted,
"CUSTOM LEGGINGS Pants for Women and Youths Workout Yoga Gym Your Text Here, Workout Leggings, Design Your Own Spandex & High Waisted Pants",21.0,Pants & Trousers,['cotton'],US,566,18438,https://www.etsy.com/listing/946626365/custom-leggings-pants-for-women-and,
"Mandala Tights for Women – Boho Paisley Print, High Waist Funky Tights",55.99,Pants & Trousers,['polyester'],US,45,875,https://www.etsy.com/listing/942111537/mandala-yoga-leggings-high-waist-printed,
"Black High Waisted Pocket Leggings, Buttery Soft Yoga Pants, OS/TC/TC2",39.99,Pants & Trousers,['polyester'],US,79,2816,https://www.etsy.com/listing/1388391619/black-pocket-leggings-high-waisted,
Silly Goose On The Loose Leggings Workout Pants Training Wear Fitness Activewear Running Jogging Exercise Yoga Coffee Lover Pants,39.303999999999995,Pants & Trousers,['Unknown'],AT,0,0,https://www.etsy.com/listing/4557996509/silly-goose-on-the-loose-leggings,
"Studded Faux Leather Leggings, Heavy Metal, Rock Style",215.0,Pants & Trousers,['leather'],MX,198,3789,https://www.etsy.com/listing/665781044/leggings-studded-leggings-heavy-metal,
Pink Animal Velvet Costume Spandex Bodysuits Animal Catsuit Size XS S M L XL,125.0,Pants & Trousers,['polyester'],US,40,827,https://www.etsy.com/listing/4423192950/pink-animal-velvet-costume-spandex,
Custom Mens Leggings: Personalized All Over Print Pants - Halloween Costume Made to Order,61.95,Pants & Trousers,['polyester'],US,3,223,https://www.etsy.com/listing/4371028368/custom-mens-leggings-personalized-all,
Black Samoan Tribal Art Polynesian Womens Leggings,45.0,Pants & Trousers,['Unknown'],US,297,5915,https://www.etsy.com/listing/1125398778/black-samoan-tribal-art-polynesian,
"Personalized Leggings with Name Bride Squad Leggings Custom Active Leggings High Waist Fitness Pants for Gym, Yoga, or Bridal Party Gifts",21.99,Pants & Trousers,['cotton'],IN,12,436,https://www.etsy.com/listing/4343162231/personalized-leggings-with-name-bride,
Tropical Fruit Leggings – Pineapple Coconut Banana Print – Women,55.99,Pants & Trousers,['polyester'],US,19,322,https://www.etsy.com/listing/982675089/tropical-fruit-print-leggings-high-waist,
"Yoga Woman Leggings, Gym Ankle Length, Flower print, Hippy Clothing, Rave, Sustainable, Boho Pants, Festival clothes, Vegan Art, Stretchy",55.696079999999995,Pants & Trousers,['Unknown'],LV,7,0,https://www.etsy.com/listing/975872161/yoga-woman-leggings-gym-ankle-length,
"Peony Yoga Woman Leggings, Gym Ankle Length, Mandala Flower print, Hippy Clothing, Rave, Sustainable, Boho Pants Festival clothes, Vegan Art",55.696079999999995,Pants & Trousers,['Unknown'],LV,9,0,https://www.etsy.com/listing/975778413/peony-yoga-woman-leggings-gym-ankle,
Colorful Abstract Stained Glass Leggings | High Waisted Yoga Leggings | Cubist inspired,69.0,Pants & Trousers,['Unknown'],IE,1,69,https://www.etsy.com/listing/4448090205/colorful-abstract-stained-glass-leggings,
"Pills Pastel Menhera OTK, Yami Kawaii Over the knee Gory Version (made to order)",20.0,Pants & Trousers,['polyester'],US,901,5203,https://www.etsy.com/listing/4407414784/pills-pastel-menhera-otk-yami-kawaii,
Ash - Ultra Guardian Blue Shorts,40.99,Pants & Trousers,['polyester'],US,30,597,https://www.etsy.com/listing/739578735/ash-ultra-guardian-blue-shorts,
"Black Banana Print Leggings, High Waist Athleisure",29.95,Pants & Trousers,['polyester'],US,5,144,https://www.etsy.com/listing/4344130136/black-banana-leggings-banana-print,
It&#39;s the dress code Leggings - java script - coding - computer programmer - source code,59.95,Pants & Trousers,['Unknown'],AU,11,207,https://www.etsy.com/listing/1198900124/its-the-dress-code-leggings-java-script,
Halloween Pumpkin Face Leggings – Orange Jack O Lantern Print – Spooky Yoga Pants for Women,55.99,Pants & Trousers,['polyester'],US,136,2342,https://www.etsy.com/listing/1047121125/halloween-jack-o-lantern-print-leggings,
Gravity Black Biker Shorts | High Waisted Women’s Activewear,43.31278,Pants & Trousers,['Unknown'],CA,2,19,https://www.etsy.com/listing/4536698917/gravity-black-biker-shorts-o-high,
Cow print Leggings | High Waisted Yoga Leggings,69.14036,Pants & Trousers,['Unknown'],HR,0,0,https://www.etsy.com/listing/4557988296/cow-print-leggings-high-waisted-yoga,
Black Tight Leggings/Long Slim Pants/Extravagant Modern Urban Style Pants/Elastic Waist Black Leggings/Black Yoga Pants METP0029,86.69999999999999,Pants & Trousers,['cotton'],BG,1175,20962,https://www.etsy.com/listing/501186986/black-tight-leggingslong-slim,
tie dye lace tights floral lace rainbow tie dye funky tights torn tights fishnet tights patterned tights fishnet stockings colorful tights,52.0,Pants & Trousers,['lace'],AU,225,1151,https://www.etsy.com/listing/4361774792/tie-dye-lace-tights-floral-lace-rainbow,
Velvet Super Flare Yoga Pants: Braided Festival Bell Bottoms,86.0,Pants & Trousers,['polyester'],US,89,826,https://www.etsy.com/listing/4455944256/velvet-super-flare-yoga-pants-braided,
Black Extra Long Leggings / Genuine Leather Front  / Viscose Back by Aakasha A05125,109.82,Pants & Trousers,['cotton'],BG,4135,49872,https://www.etsy.com/listing/207890262/black-extra-long-leggings-genuine,
Klimt-Inspired Art Leggings: Abstract Black and Gold Yoga Pants,38.91,Pants & Trousers,['polyester'],US,91,2642,https://www.etsy.com/listing/1776140341/klimt-inspired-art-leggings-abstract,
KAMPFKATZE AEON-PU geometrica leggings with pu leather inserts diy  punk rock goth metal crust tekno goa yoga festival industrial rave,53.754,Pants & Trousers,['cotton'],IT,565,5864,https://www.etsy.com/listing/936800913/kampfkatze-aeon-pu-geometrica-leggings,
Handmade EcoFriendly High-Waisted Bamboo French Terry Capris,68.0,Pants & Trousers,['bamboo'],US,7,53,https://www.etsy.com/listing/4527468572/handmade-ecofriendly-high-waisted-bamboo,
Rainbow Yoga Shorts,28.0,Pants & Trousers,['Unknown'],US,333,3455,https://www.etsy.com/listing/979022946/rainbow-yoga-shorts,
"Womens Cropped Skirted Leggings, relaxed fit Yoga or Lounge pants, Stretch Cotton knit Jersey, high waist legging with skirt",66.0,Pants & Trousers,['cotton'],US,324,11064,https://www.etsy.com/listing/651219987/womens-cropped-skirted-leggings-relaxed,
Rich Teal Mermaid Scales Yoga Leggings,66.33,Pants & Trousers,['polyester'],GB,210,3878,https://www.etsy.com/listing/1477248817/rich-teal-mermaid-scales-yoga-leggings,
Sage Siren slit weave leggings / boho fashion / green leggings,30.0,Pants & Trousers,['Unknown'],US,0,21,https://www.etsy.com/listing/4551279396/sage-siren-slit-weave-leggings-boho,
"Manatee Stained Glass Yoga Leggings, Ocean Lover Gift, Marine Life Activewear, Beach Biking Pants, Coastal Workout Leggings for Women",45.99,Pants & Trousers,['polyester'],US,6,211,https://www.etsy.com/listing/1892770607/manatee-stained-glass-yoga-leggings,
Rainbow Leggings - Women and men cuts,38.0,Pants & Trousers,['Unknown'],US,492,6233,https://www.etsy.com/listing/857923461/rainbow-leggings-women-and-men-cuts,
Candy Cane leggings womens Christmas pants peppermint striped tights adult costume athleticwear dancing,45.0,Pants & Trousers,['Unknown'],US,138,2162,https://www.etsy.com/listing/1571274858/candy-cane-leggings-womens-christmas,
Tropical Forest Leggings: Matching Kids & Mum Yoga Style,24.12,Pants & Trousers,['silk'],GB,3,318,https://www.etsy.com/listing/1237727962/tropical-forest-leggings-matching-kids,
"Chocolate Sweets Print Leggings, Foodie Fashion Yoga Pants",29.95,Pants & Trousers,['polyester'],US,4,160,https://www.etsy.com/listing/4371391201/chocolate-sweets-leggings-all-over-print,
DNA Couture Brown Lace Capri Leggings – Soft Stretch Mid-Calf Leggings | Women&#39;s S/M & M/L,9.95,Pants & Trousers,['lace'],US,0,11,https://www.etsy.com/listing/4549937944/dna-couture-brown-lace-capri-leggings,
Legging tribal,34.68,Pants & Trousers,['Unknown'],FR,216,6226,https://www.etsy.com/listing/1593547360/legging-tribal,
"FLORAL DREAMS Yoga Shorts, FLORAL Shorts for Exercising Pilates Dance Workout, Sports Shorts, Gym Fitness Clothing, Activewear",38.25,Pants & Trousers,['polyester'],US,29,474,https://www.etsy.com/listing/1606800716/floral-dreams-yoga-shorts-floral-shorts,
"Ghost Gang Leggings, Fun Halloween Design, Cartoon Spooky Silly Ghosts, Halloween Yoga Leggings for Women, Running Tights for Her",45.0,Pants & Trousers,['Unknown'],US,12,419,https://www.etsy.com/listing/1538431920/ghost-gang-leggings-fun-halloween-design,
"DOTTY Leggings - RED / Polka Dot Retro Tights, Layered fashion item, Harajuku Style, Rock Fashion | Studio yeye",58.0,Pants & Trousers,['Unknown'],US,13,135,https://www.etsy.com/listing/4386475388/dotty-leggings-red-polka-dot-retro,
Mesh Leggings Sport Urban Yoga Blau Grau Schwarz,52.019999999999996,Pants & Trousers,['nylon'],DE,71,1015,https://www.etsy.com/listing/1290220236/mesh-leggings-sport-urban-yoga-blau-grau,
"Boho Floral Leggings, High Waist Yoga Leggings, Stretchy Bohemian Print Pants, Festival Floral Activewear for Women, Soft Comfort Fit",34.0,Pants & Trousers,['Unknown'],US,10,181,https://www.etsy.com/listing/4409698260/boho-floral-leggings-high-waist-yoga,
"Womens Cropped Leggings in Stretch Cotton knit, crop length high waist yoga pant",52.0,Pants & Trousers,['cotton'],US,228,4687,https://www.etsy.com/listing/97947073/womens-cropped-leggings-in-stretch,
"Custom Face Photo Leggings, Personalized Women’s Yoga Fitness Workout Gift, Unique Photo Print Leggings, Best Birthday Present for Her",56.0,Pants & Trousers,['Unknown'],TH,6,212,https://www.etsy.com/listing/4467052525/custom-face-photo-leggings-personalized,
"Mermaid Scale Holo Holographic High Waisted Leggings Pants - Rave, Festival, EDM, 80s Clothing - High Waisted Funky",49.0,Pants & Trousers,['Unknown'],US,1363,20086,https://www.etsy.com/listing/556106794/mermaid-scale-holo-holographic-high,
Reigning Champion - Sword and Shield Women&#39;s Short Shorts,40.99,Pants & Trousers,['polyester'],US,168,2406,https://www.etsy.com/listing/775618721/reigning-champion-sword-and-shield,
80s Retro Leggings: Colorful Abstract Art Print Workout Pants,39.82,Pants & Trousers,['polyester'],US,24,691,https://www.etsy.com/listing/1795523338/80s-retro-leggings-colorful-abstract-art,
Blue and White Marble Yoga Leggings,30.0,Pants & Trousers,['Unknown'],US,1,77,https://www.etsy.com/listing/1277654719/blue-and-white-marble-yoga-leggings,
Rave Shorts Pole Dance Wear Pole Shorts Booty Shorts Slit weave Rave outfit Braided clothing,80.0,Pants & Trousers,['polyester'],TH,360,3308,https://www.etsy.com/listing/1312886396/rave-shorts-pole-dance-wear-pole-shorts,
PANASIAM Batik Leggings Blattmuster - florales abstraktes Muster - handgefertigtes Unikat - Yoga Sport Fitness Gymnastik - Goa Festival Boho,52.8292,Pants & Trousers,['Unknown'],DE,226,2695,https://www.etsy.com/listing/1703247959/panasiam-batik-leggings-blattmuster,
Womens Viloft Blend Lightweight Thermal Leggings White,9.3666,Pants & Trousers,['polyester'],GB,6,284,https://www.etsy.com/listing/1875801788/womens-viloft-blend-lightweight-thermal,
"Disney Cruise High Waist Leggings , Disney Pants",41.5,Pants & Trousers,['polyester'],PR,8,191,https://www.etsy.com/listing/4444005248/disney-cruise-high-waist-leggings-disney,
Custom Gym Gifts Custom Name Gym Rat Leggings Workout Pants Training Fitness Activewear Running Jogging Wear Exercise Yoga Tummy Control Fit,39.303999999999995,Pants & Trousers,['Unknown'],AT,0,9,https://www.etsy.com/listing/4554603876/custom-gym-gifts-custom-name-gym-rat,
Whale Shark Print Dive Leggings with pockets,85.0,Pants & Trousers,['Unknown'],US,28,162,https://www.etsy.com/listing/4521061344/whale-shark-print-dive-leggings-with,
Cotton Blend Ribbed Pajama Leggings | Soft Lounge Pants | Cozy Sleep Gift for Her,50.66,Pants & Trousers,['cotton'],UA,10,77,https://www.etsy.com/listing/4452486737/cotton-ribbed-pajama-leggings-soft,
"Psychedelic Yoga Pants with Pockets: Colorful Rave Hippie Leggings, UPF 50+",45.95,Pants & Trousers,['recycled polyester'],US,295,6803,https://www.etsy.com/listing/1795283584/psychedelic-yoga-pants-with-pockets,
"Psychedelic Printed leggings, Striped Women Leggings, festival clothing, Rave Outfit, Burning man, high waisted leggings, Festival Set",39.072799999999994,Pants & Trousers,['polyester'],BG,4663,53445,https://www.etsy.com/listing/458780428/psychedelic-printed-leggings-striped,
Stirrup Pant | Leggings | Fashion Pant,43.0,Pants & Trousers,['Unknown'],US,11,582,https://www.etsy.com/listing/1110687118/stirrup-pant-leggings-fashion-pant,
"Thanksgiving/Fall Rhinestone or Spangle Bling Leggings, Tween, Ladies, Plus Sizes, Pumpkins,",49.99,Pants & Trousers,['cotton'],US,21,656,https://www.etsy.com/listing/1810281890/thanksgivingfall-rhinestone-or-spangle,
High Waist Fleece Lined Faux Leather Leggings | Stretchy PU Trousers,77.99,Pants & Trousers,['leather'],US,3,107,https://www.etsy.com/listing/4522244359/high-waist-fleece-lined-faux-leather,
"African Mud Cloth Leggings: Black and White Print, Women&#39;s Casual Apparel",27.67,Pants & Trousers,['Unknown'],US,47,1260,https://www.etsy.com/listing/1693415202/african-mud-cloth-leggings-black-and,
Linen Blend Slim Fit Trousers: Khaki Tweed Pocket Trousers,86.69999999999999,Pants & Trousers,['linen'],IE,51,821,https://www.etsy.com/listing/4352416786/linen-blend-slim-fit-trousers-khaki,
"Navy Blue Capri Leggings, High Waist, Buttery Soft Yoga Pants, Sizes OS/TC/TC2",39.99,Pants & Trousers,['polyester'],US,29,1309,https://www.etsy.com/listing/1423788940/navy-blue-capri-leggings-buttery-soft,
Purple Halloween Leggings | Pumpkin Bat Witch Yoga Pants | Spooky Black Cat Outfit,52.12,Pants & Trousers,['Unknown'],US,0,13,https://www.etsy.com/listing/4546579272/purple-halloween-leggings-pumpkin-bat,
"CLASSIC BLACK With All Black Logo - Over the Boot High-Waisted Figure Skating Leggings, Ice Skating Practice Apparel, Leggings, Custom Skate",80.0,Pants & Trousers,['Unknown'],US,39,758,https://www.etsy.com/listing/4405605360/classic-black-with-all-black-logo-over,
"Enemy Of The State - Meme, Radical, Anarchist, Leftist, Socialist, Meme Booty Shorts",35.99,Pants & Trousers,['Unknown'],US,2564,21999,https://www.etsy.com/listing/1055874439/enemy-of-the-state-meme-radical,
We are the world Leggings - Fat Cat Productions - flag leggings - world flags - flag swim leggings - country flag - sun protection - beach,59.95,Pants & Trousers,['Unknown'],AU,11,297,https://www.etsy.com/listing/1150322312/we-are-the-world-leggings-fat-cat,
Gloria Gym Challenger - Sword and Shield Women&#39;s Short Shorts,38.99,Pants & Trousers,['polyester'],US,79,845,https://www.etsy.com/listing/775618717/gloria-gym-challenger-sword-and-shield,
"Ethereal Flares Yoga Pants, ripped pants, gift for her, festival, rave, fire safe",86.0,Pants & Trousers,['cotton'],US,997,11233,https://www.etsy.com/listing/1617320661/ethereal-flares-yoga-pants-ripped-pants,
Jamaica Independence Two-Piece Set | Jamaican Print Outfit | Women’s Tropical Lounge Set,62.0,Pants & Trousers,['Unknown'],US,16,570,https://www.etsy.com/listing/4511896147/jamaica-independence-two-piece-set-o,
Flower Garden Leggings,43.99,Pants & Trousers,['Unknown'],US,12,553,https://www.etsy.com/listing/4373199697/flower-garden-leggings,
"Australian made long leggings, available in size 8-26 and 7 colours",27.965,Pants & Trousers,['cotton'],AU,191,6212,https://www.etsy.com/listing/204066692/australian-made-long-leggings-available,
Neon Zigzag Burst Leggings,100.08,Pants & Trousers,['Unknown'],US,0,0,https://www.etsy.com/listing/4557849772/neon-zigzag-burst-leggings,
Abstract Neon Paint Splash Leggings | High Waisted Yoga Leggings,116.43,Pants & Trousers,['Unknown'],US,0,0,https://www.etsy.com/listing/4557829885/abstract-neon-paint-splash-leggings-high,
90s Memphis Neon Pattern Leggings | Yoga Leggings,116.43,Pants & Trousers,['Unknown'],US,0,0,https://www.etsy.com/listing/4557849756/90s-memphis-neon-pattern-leggings-yoga,
"Pocket yoga pants high elastic perspiration hip lifting slim fit fitness pants leggings women, Double zipper invisible crotch pants, Gift",57.5,Pants & Trousers,['Unknown'],MY,107,9574,https://www.etsy.com/listing/1762683377/pocket-yoga-pants-high-elastic,
LuLaRoe Leggings One Size,9.99,Pants & Trousers,['polyester'],US,3,321,https://www.etsy.com/listing/4411765437/lularoe-leggings-one-size,
"Red Lipstick Kiss Leopard Leggings High Waisted Yoga Leggings | Animal Print, Lip Pattern",116.43,Pants & Trousers,['Unknown'],US,0,0,https://www.etsy.com/listing/4557827507/red-lipstick-kiss-leopard-leggings-high,
Mickey & The Gang Trick or Treat - Women&#39;s Full Length Leggings (Made in USA),45.99,Pants & Trousers,['polyester'],US,20,595,https://www.etsy.com/listing/4310127639/mickey-the-gang-trick-or-treat-womens,
Queen of Hearts Yoga Shorts | Alice Disney Running costume,39.99,Pants & Trousers,['Unknown'],US,1,12,https://www.etsy.com/listing/4553552039/queen-of-hearts-yoga-shorts-alice-disney,
Springbok Rugby Leggings: Green & Gold South Africa Print,40.3598,Pants & Trousers,['Unknown'],ZA,2,94,https://www.etsy.com/listing/4353473216/springbok-rugby-leggings-green-gold,
Custom Text Leggings: Sport-Tek Ladies 7/8 Length Leggings,27.95,Pants & Trousers,['spandex'],US,47,1865,https://www.etsy.com/listing/1821858651/custom-text-leggings-sport-tek-ladies-78,
"Y2K Workout Shorts, High-Waisted Activewear, Deer Print Gym Shorts",32.830000000000005,Pants & Trousers,['Unknown'],GB,0,2,https://www.etsy.com/listing/4553926860/y2k-workout-shorts-brown-spotted-biker,
"Black Holographic Leggings - Burningman, Halloween, Dancing Tree - Festival Shiny Sparkle Stretch Dance Women&#39;s Men&#39;s New Years Hologram",41.0,Pants & Trousers,['spandex'],US,191,3325,https://www.etsy.com/listing/677191185/black-holographic-leggings-burningman,
Eagle Ray Swim Leggings for Diving + Snorkeling + Swimming + Yoga,85.0,Pants & Trousers,['Unknown'],US,13,213,https://www.etsy.com/listing/4476384160/eagle-ray-swim-leggings-for-diving,
Retro Abstract Waves High Waisted Yoga Leggings | Colorful Curves AOP,49.29,Pants & Trousers,['Unknown'],RO,0,26,https://www.etsy.com/listing/4421718547/retro-abstract-waves-high-waisted-yoga,
Women’s Black Genuine Lambskin High Waist Slim Fit Leather Pants,158.0,Pants & Trousers,['leather'],PK,0,33,https://www.etsy.com/listing/4552642127/womens-black-genuine-lambskin-high-waist,
Black Yoga Leggings with Gold Lotus Mandala Design,44.0,Pants & Trousers,['Unknown'],US,1228,3772,https://www.etsy.com/listing/180609767/gold-lotus-flower-leggings-glow-in-the,
Gray Push Up Workout Set  | High Waist Yoga Pants | Rib Fitness Outfit | Slimming Leggings & Top | Body Sculpting Gym Suit | Activewear,44.98,Pants & Trousers,['Unknown'],UA,28,2165,https://www.etsy.com/listing/1783769015/gray-push-up-workout-set-high-waist-yoga,
Womens Disney Leggings Fireworks with castle parks outfit for adults New Years pants,45.0,Pants & Trousers,['Unknown'],US,210,3315,https://www.etsy.com/listing/1601178037/womens-disney-leggings-fireworks-with,
"Banana Leggings, Banana Sports Clothing, Banana Gift, Banana Costume, Yoga Pants, Athletic Gym, Banana Activewear EG4",34.89,Pants & Trousers,['polyester'],TR,2,122,https://www.etsy.com/listing/1672856388/banana-leggings-banana-sports-clothing,
"High Waist Yoga Leggings - Dragon Rider Pants, Fantasy, Gym, Festival, Reading Leggings, Onyx Storm, Fourth Wing, Iron Flame, Rebecca Yorros",40.793,Pants & Trousers,['polyester'],CA,138,1307,https://www.etsy.com/listing/1853289181/high-waist-yoga-leggings-dragon-rider,
Jack-o&#39;-Lantern Halloween Leggings | Spooky Pumpkin Women&#39;s Yoga Pants |,30.5,Pants & Trousers,['Unknown'],US,0,0,https://www.etsy.com/listing/4557805302/jack-o-lantern-halloween-leggings-spooky,
Jack and Sally Leggings | Nightmare Before Christmas Spooky Yoga Pants | Gothic Halloween Couple Pants | Fall Goth Streetwear,30.5,Pants & Trousers,['Unknown'],US,0,0,https://www.etsy.com/listing/4557808720/jack-and-sally-leggings-nightmare-before,
Glow in the Dark Sacred Geometry Leggings – Hand Made Yoga Leggings,46.0,Pants & Trousers,['cotton'],US,346,5160,https://www.etsy.com/listing/1567964454/glow-in-the-dark-sacred-geometry-set,
Colorful Floral Phoenix Tile Leggings | Women&#39;s Leggings,52.99,Pants & Trousers,['Unknown'],KR,0,3,https://www.etsy.com/listing/4547878415/colorful-floral-phoenix-tile-leggings,
"Handmade Leather Lace-Up Gothic Trousers, High Waist Streetwear Pants (Custom Size)",44.0,Pants & Trousers,['leather'],AE,10,54,https://www.etsy.com/listing/4526554801/handmade-leather-lace-up-gothic-trousers,
African Tribal Print Leggings: Colorful Abstract Yoga Pants,39.27,Pants & Trousers,['polyester'],US,8,119,https://www.etsy.com/listing/1824185171/african-tribal-print-leggings-colorful,
Sleeping Beauty Leggings Aurora Disney princess womens pants run Disney athleticwear,45.0,Pants & Trousers,['Unknown'],US,51,515,https://www.etsy.com/listing/4362248437/sleeping-beauty-leggings-aurora-disney,
KAMPFKATZE AEON-LEO geometrical leggings with leo net inserts and zippers  diy punk rock goth industrial metal crust tekno goa festival rave,50.864,Pants & Trousers,['cotton'],IT,94,1409,https://www.etsy.com/listing/838293604/kampfkatze-aeon-leo-geometrical-leggings,
Cashmere blended Wool Knit Leggings / Leggings for women / Soft stretchable leggings / Cashmere knit tights / Wool legging women,42.0,Pants & Trousers,['wool'],KR,435,8407,https://www.etsy.com/listing/864781050/cashmere-blended-wool-knit-leggings,
"MONET Ice Dye Leggings, XS-2XL",42.0,Pants & Trousers,['cotton'],US,25,331,https://www.etsy.com/listing/1778500857/monet-ice-dye-leggings-xs-2xl,
South Africa Flag Fingerprint Leggings | In This Together | Africa clothing | World Map | Yoga Leggings | I Love Africa | African Queen Gift,49.0,Pants & Trousers,['Unknown'],US,14,318,https://www.etsy.com/listing/748999731/south-africa-flag-fingerprint-leggings,
Cut Pixie Leggings ⋙ Organic Cotton Camel color,49.0,Pants & Trousers,['organic cotton'],US,253,3732,https://www.etsy.com/listing/881023056/cut-pixie-leggings-organic-cotton-camel,
"White And Black Polkadot Women&#39;s Yoga Leggings, Women&#39;s Activewear",31.75,Pants & Trousers,['Unknown'],US,3,96,https://www.etsy.com/listing/1805931741/white-and-black-polkadot-womens-yoga,
Nerdy Cat Leggings – Cats With Glasses Paw Print – High Waisted,55.99,Pants & Trousers,['polyester'],US,23,317,https://www.etsy.com/listing/923179347/cat-print-yoga-leggings-high-waisted,
"Goa Leggings with Buttons~Yoga Leggings~Earthy,Alternative clothing~Goa Psy trance Leggings~Festival~Gypsy,Hippie.Tribal Clothing~YamunaArt",56.644,Pants & Trousers,['Unknown'],DE,1550,21178,https://www.etsy.com/listing/616623276/goa-leggings-with-buttonsyoga,
Okay Now We sell Dani Leggings?,27.0,Pants & Trousers,['Unknown'],US,0,0,https://www.etsy.com/listing/4557783175/okay-now-we-sell-dani-leggings,
"Black Crushed Velvet High Waisted Leggings Pants - Rave, Festival, EDM, 80s Clothing",49.0,Pants & Trousers,['velvet'],US,274,2470,https://www.etsy.com/listing/645533352/black-crushed-velvet-high-waisted,
Alpaka Leggings Blickdicht  High Waist Knöchellang für Damen (20% Alpaka) Wollmix Blend,104.03999999999999,Pants & Trousers,['cashmere'],DE,45,1486,https://www.etsy.com/listing/4394617317/alpaka-leggings-blickdicht-high-waist,
"SlitWeave Yoga Leggings – Braided Cutouts Burner Leggings for Flow, Fire Spinning, Festivals & Alternative Fashion Comfortable Stretch",49.95,Pants & Trousers,['cotton'],US,176,2058,https://www.etsy.com/listing/1284702558/slitweave-yoga-leggings-braided-cutouts,
"Custom Buttery Soft High Waist Yoga Leggings for Women, Personalized Workout Pants, Non-See Through, Plus Size Available",38.0,Pants & Trousers,['polyester'],US,132,4505,https://www.etsy.com/listing/1236116050/custom-buttery-soft-high-waist-yoga,
La Sainess High Waisted Leggings,70.42,Pants & Trousers,['Unknown'],TR,0,4,https://www.etsy.com/listing/4552174962/la-sainess-high-waisted-leggings,
BLACK SHINY METALLIC wet look spandex leggings,79.0,Pants & Trousers,['leather'],US,3366,39053,https://www.etsy.com/listing/98287677/black-shiny-metallic-wet-look-spandex,
Yoga leggings Hand Dyed Shitake,71.99,Pants & Trousers,['cotton'],US,620,8422,https://www.etsy.com/listing/726416768/yoga-leggings-hand-dyed-shitake,
"Black leggings cotton braided. Festival yoga clothing, fairy grunge style.",34.68,Pants & Trousers,['cotton'],CY,3,25,https://www.etsy.com/listing/4538356822/black-leggings-cotton-braided-festival,
"Striped Yoga Leggings, Ringle Leggings, Black & White Circus Leggings, Acrobatics and Acroyoga Fitness Bottoms, Gift for Coach",69.0,Pants & Trousers,['polyester'],IL,4,162,https://www.etsy.com/listing/1792413030/striped-yoga-leggings-ringle-leggings,
Carousel of Progress Leggings | Great Big Beautiful Tomorrow | Run Disney Leggings | Disney Outfit | Yoga Capri Leggings,47.99,Pants & Trousers,['Unknown'],US,36,0,https://www.etsy.com/listing/795450247/carousel-of-progress-leggings-great-big,
"Silver Streak Leggings, Full Length Yoga Workout Pants",37.99,Pants & Trousers,['Unknown'],US,3,99,https://www.etsy.com/listing/584552910/blue-streak-design-silver-stripped-pants,
"Maternity Wide Leg Pants, Black Pregnancy Leggings, Over Belly Maternity Trousers, High Waist Pregnancy Pants, Comfy Lounge Wear",52.75,Pants & Trousers,['Unknown'],TR,19,161,https://www.etsy.com/listing/4533312998/maternity-wide-leg-pants-black-pregnancy,
Biker Shorts - [BARBADOS],35.0,Pants & Trousers,['Unknown'],US,0,0,https://www.etsy.com/listing/4557723969/biker-shorts-barbados,
School Teacher Leggings - High Waisted - Buttery Soft Yoga Pants for Women - OS/TC,31.99,Pants & Trousers,['polyester'],US,47,1094,https://www.etsy.com/listing/1177490335/school-teacher-leggings-high-waisted,
Yoga Shorts - [BARBADOS],30.0,Pants & Trousers,['Unknown'],US,0,0,https://www.etsy.com/listing/4557716823/yoga-shorts-barbados,
Avant Garde Denim Patchwork Skirt and Cotton Blouse Set – Deconstructed Designer Outfit,262.0,Pants & Trousers,['cotton'],BG,63,1833,https://www.etsy.com/listing/4473771889/avant-garde-denim-patchwork-skirt-and,
"Polka Dot Yoga Shorts, Women Yoga & Pilates Bottoms, High Waisted, Stretchy, Workout, Activewear",29.48,Pants & Trousers,['Unknown'],GB,0,7,https://www.etsy.com/listing/4552904580/polka-dot-yoga-shorts-women-yoga-pilates,
Nu goth Black n white fishnet tights | fishnet stockings punk tights goth leggings witch tights | double layered tattered & torn tights |,49.0,Pants & Trousers,['Unknown'],AU,982,10813,https://www.etsy.com/listing/874895960/nu-goth-black-n-white-fishnet-tights,
"Mermaid Bell Bottom Flares, Flared Holographic Mermaid Leggings, Festival Clothes, Bell Bottom Mermaid Pants, Perfect for Festivals",55.5,Pants & Trousers,['spandex'],US,1669,42056,https://www.etsy.com/listing/384492502/mermaid-bell-bottom-flares-flared,
"Cyber Tiger Print Leggings: High Waist Yoga Pants, Plus Size Activewear",72.39,Pants & Trousers,['polyester'],US,67,1404,https://www.etsy.com/listing/1882740473/cyber-tiger-print-leggings-high-waist,
Boho Feather Leggings: Visionary Art Yoga Pants - Festival Rave Clothing,69.3,Pants & Trousers,['Unknown'],AU,12,244,https://www.etsy.com/listing/4319776832/boho-feather-leggings-visionary-art-yoga,
Aztec Tribal Pattern Leggings,37.95,Pants & Trousers,['Unknown'],US,0,770,https://www.etsy.com/listing/933957903/aztec-tribal-pattern-leggings,
Ombre Gradient Leggings – Navy Teal Purple Magenta – Yoga Workout Tights for Women,55.99,Pants & Trousers,['polyester'],US,111,1147,https://www.etsy.com/listing/800607786/abstract-space-yoga-leggings-purple-blue,
Owl printed  Pocket Leggings: Cottagecore styles,26.0,Pants & Trousers,['polyester'],US,37,352,https://www.etsy.com/listing/4374140656/owl-printed-pocket-leggings-cottagecore,
"Colorful Pop Art Cat Face Leggings All-Over Print For cat Mom Cat, Animal Nature Lovers Git Idea Active Yoga, Gym workouts.",35.6307,Pants & Trousers,['Unknown'],US,0,36,https://www.etsy.com/listing/4483684264/colorful-pop-art-cat-face-leggings-all,
"Floral High Waisted Leggings, Pastel Rose Print, XS-5XL",29.422172,Pants & Trousers,['Unknown'],PH,6,235,https://www.etsy.com/listing/4423668455/floral-high-waisted-leggings-for-women,
Women&#39;s Vanellope Inspired Leggings,49.0,Pants & Trousers,['spandex'],US,756,14006,https://www.etsy.com/listing/254889147/womens-vanellope-inspired-leggings,
"Colorful Tropical Fish Womens Leggings, Coastal Yoga Leggings, Beach Workout Pants, Reef Fish Leggings, Boho Beta Fish, Aquarium, Beach Girl",45.99,Pants & Trousers,['polyester'],US,3,89,https://www.etsy.com/listing/1856182945/boho-beta-fish-leggings-tropical,
"Cosplay Leggings, Black and Red, Yoga Pants, Kids and Adult leggings, Plus Size, Cosplay Costume, Halloween costume, Cosplay",27.95,Pants & Trousers,['Unknown'],US,152,2841,https://www.etsy.com/listing/863260124/cosplay-leggings-black-and-red-yoga,
"Bamboo Denim Leggings , tribal Leggings, Yoga leggings, Tie dye Leggings, denim blue Leggings, blue, Goa leggings, ethically made",61.5,Pants & Trousers,['denim'],CH,408,7158,https://www.etsy.com/listing/499068274/bamboo-denim-leggings-tribal-leggings,
Abstract Geometric Wave Leggings | All-Over Print,60.53,Pants & Trousers,['Unknown'],PK,0,10,https://www.etsy.com/listing/4528271764/abstract-geometric-wave-leggings-all,
"Vibrant Geometric Print Athletic Shorts, Four-Way Stretch Fabric",29.5,Pants & Trousers,['Unknown'],US,0,20,https://www.etsy.com/listing/4478702205/vibrant-geometric-print-athletic-shorts,
Epcot shorts Spaceship Earth Disney womens athleticwear run Disney bounding cosplay costume world of tomorrow yoga shorts,37.0,Pants & Trousers,['Unknown'],US,38,359,https://www.etsy.com/listing/4464792582/epcot-shorts-spaceship-earth-disney,
"Black Cherry Leggings, Leggings for Women, Skeleton Leggings, Halloween Leggings, Women&#39;s Leggings, Printed Leggings, Workout Pants, Bing",46.79,Pants & Trousers,['lace'],US,14,271,https://www.etsy.com/listing/1021868624/black-cherry-leggings-leggings-for-women,
Mohair wool fuzzy willie warmer,70.0,Pants & Trousers,['wool'],UA,11,520,https://www.etsy.com/listing/4498128733/mohair-wool-fuzzy-willie-warmer,
Rosica Latex Rubber Chaps Leggings,140.633,Pants & Trousers,['Unknown'],GB,126,2979,https://www.etsy.com/listing/4318435430/rosica-latex-rubber-chaps-leggings,
"Witch Leggings, Buttery Soft, High-Waisted Yoga Pants, Workout, Run, Lounge, Sizes OS/TC",39.99,Pants & Trousers,['polyester'],US,50,674,https://www.etsy.com/listing/4354851946/halloween-witch-leggings-high-waisted,
White Star Pattern Blue | Yoga Shorts,13.89,Pants & Trousers,['Unknown'],US,0,8,https://www.etsy.com/listing/4551237599/white-star-pattern-blue-yoga-shorts,
"Smiley Faces Graphic Printed Women&#39;s Yoga Gym Leggings, Women&#39;s Activewear",31.13,Pants & Trousers,['Unknown'],US,1,85,https://www.etsy.com/listing/1762583094/smiley-faces-graphic-printed-womens-yoga,
Bio Leggins sand,51.904399999999995,Pants & Trousers,['Unknown'],DE,72,2151,https://www.etsy.com/listing/700543222/bio-leggins-sand,
Official Virgin Islands Madras Leggings for Women - Raised Waistband,55.69,Pants & Trousers,['Unknown'],US,21,473,https://www.etsy.com/listing/1848236908/official-virgin-islands-madras-leggings,
"Death Head Moths Night Leggings, Moth & Moon Leggings, Mystical Moth Leggings, Witchy Clothing, Gothic Leggings, Halloween Leggings",53.25,Pants & Trousers,['polyester'],US,217,1196,https://www.etsy.com/listing/1620792352/death-head-moths-night-leggings-moth,
Black-white Stripe Leggings | Yoga Pants Striped Black White High Waist Cosplay  Shaping Slimming Bottoms Steampunk Prisoner Gym Trousers,74.98,Pants & Trousers,['polyester'],BG,232,3357,https://www.etsy.com/listing/1782914349/black-white-stripe-leggings-yoga-pants,
"Personalised Silky Dance High Waist Leggings | Custom Dancewear, Activewear",40.133,Pants & Trousers,['silk'],GB,0,16,https://www.etsy.com/listing/4540782092/personalised-silky-dance-high-waist,
She&#39;s a Tigress Leggings ~ Women&#39;s Black Colorful Wild Tigers Bold Animal Print Athleisure | Soft Boho Chic Statement Streetwear Legwear,58.0,Pants & Trousers,['Unknown'],US,11,191,https://www.etsy.com/listing/1209912959/shes-a-tigress-leggings-womens-colorful,
Cotton Cut Out Yoga Pants Ripped Leggings High Waist Gothic Style,52.019999999999996,Pants & Trousers,['cotton'],CY,412,4832,https://www.etsy.com/listing/474429262/cotton-cut-out-yoga-pants-ripped,
"Metallic Blue Leggings Pants - Rave, Festival, EDM, 80s Clothing - High Waisted Funky",49.0,Pants & Trousers,['spandex'],US,224,3554,https://www.etsy.com/listing/551622391/metallic-blue-leggings-pants-rave,
"Burlesque leggings, Tights, garter leggings, Womens tights, stockings, bottoms, tights,",58.0,Pants & Trousers,['polyester'],US,3725,39739,https://www.etsy.com/listing/660426009/burlesque-leggings-tights-garter,
Kundalini Serpent Rising Yoga Pants,59.0,Pants & Trousers,['Unknown'],US,164,3025,https://www.etsy.com/listing/694654347/kundalini-serpent-rising-yoga-pants,
"Festival Leggings, rave leggings, rave wear, festival clothing, rave outfit, high waisted plus size leggings for women, rave 2 piece set",49.73112,Pants & Trousers,['polyester'],BG,866,10073,https://www.etsy.com/listing/717603923/festival-leggings-rave-leggings-rave,
Bio Leggins Mama schwarz,63.46439999999999,Pants & Trousers,['Unknown'],DE,80,1656,https://www.etsy.com/listing/759953836/bio-leggins-mama-schwarz,
Queen of Spades Women&#39;s High Waist Leggings | QOS pants,34.95,Pants & Trousers,['Unknown'],US,173,4279,https://www.etsy.com/listing/1503864176/queen-of-spades-womens-high-waist,
"Metallic Black Faux Leather Leggings Pants - Rave, Festival, EDM, 80s Clothing - High Waisted Funky",49.0,Pants & Trousers,['leather'],US,803,17473,https://www.etsy.com/listing/554870011/metallic-black-faux-leather-leggings,
Ladies Thermal Leggings Cosy Winter Warm Plush Clothing Fleece Lined,16.0666,Pants & Trousers,['polyester'],GB,15,826,https://www.etsy.com/listing/1829795707/ladies-thermal-leggings-cosy-winter-warm,
Medium to Black Spotted Transition Printed Leggings,45.0,Pants & Trousers,['Unknown'],US,1864,35309,https://www.etsy.com/listing/595108279/medium-to-black-spotted-transition,
PANASIAM Batik Leggings Ornament - farbechtes Unikat - elastische Sport Tights - abstraktes Muster - Yoga Goa Hippie Ecstatic Dance Festival,52.8292,Pants & Trousers,['Unknown'],DE,37,565,https://www.etsy.com/listing/1688996514/panasiam-batik-leggings-ornament,
Purple Yoga Shorts for Women | High Waisted Biker Shorts | Gym Workout Shorts | Running Fitness Activewear,57.60660000000001,Pants & Trousers,['Unknown'],GB,0,20,https://www.etsy.com/listing/4528403022/purple-yoga-shorts-for-women-high,
Solid White Leggings - Buttery Soft- High Waisted - Yoga Pants for Women,39.99,Pants & Trousers,['polyester'],US,32,1087,https://www.etsy.com/listing/1737356076/solid-white-leggings-buttery-soft-high,
"PANASIAM Leggings Batik Leo mit Schlag - Bootcut Hose Flare Leggings Jazzpants Damen Schlaghose Sport Yoga Leggings - Grün, Größe S bis L",63.2332,Pants & Trousers,['Unknown'],DE,39,608,https://www.etsy.com/listing/1885314296/panasiam-leggings-batik-leo-mit-schlag,
"Alpaca pants - knitted women leggings - knit light beige, gray, navy, black, white trousers - wool skiny pants",128.316,Pants & Trousers,['wool'],LT,803,11658,https://www.etsy.com/listing/250520834/alpaca-pants-knitted-women-leggings-knit,
Passionflower Black Cotton Leggings,39.0,Pants & Trousers,['cotton'],US,22,193,https://www.etsy.com/listing/4489306026/passionflower-black-cotton-leggings,
AK Wintex High Waisted Winter Horse Riding Tights/Legging Full seat Silicon Grip,53.586600000000004,Pants & Trousers,['Unknown'],GB,30,646,https://www.etsy.com/listing/1206004110/ak-wintex-high-waisted-winter-horse,
"Orange leggings, Yellow leggings, Solid Yoga Leggings, Yoga shorts, Active wear for women,Lemon yellow, Golden yellow, Light Orange tights",38.0,Pants & Trousers,['polyester'],FI,213,4887,https://www.etsy.com/listing/683879974/orange-leggings-yellow-leggings-solid,
Blacklight Lightning Leggings: Rave Costume Spandex - Custom Made,30.0,Pants & Trousers,['spandex'],US,2694,40409,https://www.etsy.com/listing/239892088/blacklight-lightning-leggings-rave,
"Psychedelic Leggings, spandex leggings, festival leggings, festival clothing, rave outfit, Burning Man, high waisted leggings for women",65.12904,Pants & Trousers,['polyester'],BG,1344,15715,https://www.etsy.com/listing/634585079/psychedelic-leggings-spandex-leggings,
"LEOPARD LOVER Leggings - Olive Green / Punk Rock Goth Rockabilly Fashion, Animal Print Pants, Yoga Gym Workout",58.0,Pants & Trousers,['Unknown'],US,32,337,https://www.etsy.com/listing/4365928301/leopard-lover-leggings-olive-green-punk,
"Gray Avant-Garde Tunic and Balloon Pants Set, Hand Painted Cotton Outfit",299.0,Pants & Trousers,['cotton'],BG,11,274,https://www.etsy.com/listing/4520223700/gray-avant-garde-tunic-and-balloon-pants,
"MTO Im A STAR B/W strip 4-Pocket Shorts with O-ring waistband, side straps with metal spikes, star metal details",175.0,Pants & Trousers,['Unknown'],US,18,100,https://www.etsy.com/listing/4547590311/mto-im-a-star-bw-strip-4-pocket-shorts,
"Leggings mit Blumenspitze und Mandalamuster, Winterleggings, Weihnachtsleggings",39.303999999999995,Pants & Trousers,['Unknown'],DE,1130,23204,https://www.etsy.com/listing/1183485869/leggings-mit-blumenspitze-und,
"Pink floral pattern leggings, women&#39;s high-waisted workout tights, yoga pants, athletic activewear",53.53300000000001,Pants & Trousers,['Unknown'],GB,0,6,https://www.etsy.com/listing/4422528320/pink-floral-pattern-leggings-womens-high,
Mothra Leggings,44.99,Pants & Trousers,['Unknown'],US,96,556,https://www.etsy.com/listing/4406817036/mothra-leggings,
EyeCandy Leggings | Body Positive Activewear | High-Waisted Leggings | Curvy Girl Fashion | Confidence Apparel,15.0,Pants & Trousers,['Unknown'],US,0,8,https://www.etsy.com/listing/4536160017/eyecandy-leggings-body-positive,
"Premium Fabric Leggings, Custom Leggings with Faces, Yoga Leggings with Pockets, Personalized Gifts for Women, Funny Leggings",60.9,Pants & Trousers,['Unknown'],TH,1,55,https://www.etsy.com/listing/4468965675/custom-leggings-with-faces-yoga-leggings,
Magical Leggings ~ Women&#39;s Black White All-Over Night Sky Celestial Stars Galaxy Print | Soft Stretch Tights Pants | Cozy Athleisure Legwear,58.0,Pants & Trousers,['Unknown'],US,11,140,https://www.etsy.com/listing/1485682571/magical-leggings-womens-black-white-all,
INTRIGUE LEGGINGS - Shiny Black PVC 4 Way Stretch Vinyl Futuristic Cyberpunk Cyber Halloween Dystopian Goth Wet Look Pants Latex Industrial,59.0,Pants & Trousers,['Unknown'],US,2378,62131,https://www.etsy.com/listing/178892691/intrigue-leggings-shiny-black-pvc-4-way,
"Yoga Leggings with Octopus Print, purple printed leggings, leggings for women, kawaii clothing, plus size leggings, high waisted leggings",65.12904,Pants & Trousers,['polyester'],BG,6598,78774,https://www.etsy.com/listing/589080940/yoga-leggings-with-octopus-print-purple,
Scrunch Booty Wide Leg Pants — Handmade in Miami — Custom Color — High Waist Flare Sweatpants,40.0,Pants & Trousers,['Unknown'],US,6,268,https://www.etsy.com/listing/4514276506/scrunch-booty-wide-leg-pants-handmade-in,
Pastel Mermaid Scale Leggings | High Waisted Yoga Leggings,45.99,Pants & Trousers,['Unknown'],US,6,165,https://www.etsy.com/listing/4479528653/pastel-mermaid-scale-leggings-high,
"Cute Dog Leggings for Women, Puppy Print Yoga Leggings, Dog Lover Gift, High Waisted Workout Leggings, Kawaii Puppy Pants, Dog Mom Gift,",54.3102,Pants & Trousers,['Unknown'],GB,0,10,https://www.etsy.com/listing/4548748164/cute-dog-leggings-for-women-puppy-print,
High Waisted Leather Leggings |  Black Pants with Zipper | Cutout Buckle Detail | Clubwear Festival Outfit | Edgy Leggings,281.40000000000003,Pants & Trousers,['leather'],GB,8,189,https://www.etsy.com/listing/4525213212/high-waisted-leather-leggings-black,
Lyte Lavender Honeycomb Leggings: High Waist Tummy Control (XSmall),17.99,Pants & Trousers,['polyester'],US,4,1158,https://www.etsy.com/listing/1798809395/lyte-lavender-honeycomb-leggings-high,
Leggings a lunares para baile flamenco clases danzas españolas flamenca Azul Lunar Turquesa,49.0,Pants & Trousers,['Unknown'],AR,9,165,https://www.etsy.com/listing/1681711677/leggings-a-lunares-para-baile-flamenco,
Cotton Blend Ribbed Leggings: Comfy Loungewear for Women&#39;s Sleepwear,61.77,Pants & Trousers,['cotton'],UA,58,862,https://www.etsy.com/listing/4374803345/cotton-ribbed-leggings-comfy-loungewear,
Bunte Leggings – Baumwolle mit Elasthan,56.644,Pants & Trousers,['Unknown'],DE,11,297,https://www.etsy.com/listing/4466934892/high-waist-leggings-baumwolle-mit,
Women&#39;s UPF50+ Crossover Yoga Jogging Pants With Tummy Control,28.99,Pants & Trousers,['Unknown'],US,0,84,https://www.etsy.com/listing/4476863994/womens-upf50-crossover-yoga-jogging,
Neon green black fishnet tights rave accessories |  ripped tights fishnet stockings | goth tights distressed tights fishnet leggings,49.0,Pants & Trousers,['Unknown'],AU,298,2104,https://www.etsy.com/listing/1686476513/neon-green-black-fishnet-tights-rave,
"Celestial Floral Leggings, Moon and Stars Yoga Pants, Dark Boho Luxe Workout Leggings, High Waisted Gym Leggings Women",44.99,Pants & Trousers,['Unknown'],US,19,185,https://www.etsy.com/listing/4494610424/celestial-floral-leggings-moon-and-stars,
Peng London Leggings ~ Women&#39;s Forest Green Tartan Plaid Checked Flannel Print | Elevated Statement Stretch Pants | Timeless Mod Boho Chic,58.0,Pants & Trousers,['Unknown'],US,14,259,https://www.etsy.com/listing/1538138996/peng-london-leggings-womens-green-tartan,
"Crossover Flare Leggings, High Waisted, Yoga Pants, Flares, Bell Bottoms, V front Leggings, Active Wear, Black Leggings",58.0,Pants & Trousers,['cotton'],US,90,1425,https://www.etsy.com/listing/1760257762/crossover-flare-leggings-high-waisted,
"Tropical Flower Capri Leggings – Beach Yoga Pants, Made in USA",55.49,Pants & Trousers,['polyester'],US,42,917,https://www.etsy.com/listing/573252366/tropical-flower-capri-leggings-beach,
Double layered Nu goth tights torn fishnet stockings witch tights | black fishnet tights fishnet leggings |  tattoo tights punk tights,49.0,Pants & Trousers,['Unknown'],AU,1175,12985,https://www.etsy.com/listing/713043773/double-layered-nu-goth-tights-torn,
"Alien  Cutie Reba the alien and Kikko Tv  tights, Alien Tights, Galaxy Tights, Pastel Alien Tights",40.0,Pants & Trousers,['polyester'],US,808,5909,https://www.etsy.com/listing/741716207/alien-cutie-reba-the-alien-and-kikko-tv,
"11,12 inch dolls leggings fit poppy Parker,fr, nuface, integrity toy&#39;s, meteor all other same size doll",5.99,Pants & Trousers,['Unknown'],US,223,2231,https://www.etsy.com/listing/1307963834/1112-inch-dolls-leggings-fit-poppy,
